L1,L2,Score
rup,fra,-0.065283657345497
fra,rup,-0.065283657345497
win,rup,0.022853398940141
rup,win,0.022853398940141
rup,pcd,0.053086142584648
pcd,rup,0.053086142584648
ruo,pcd,0.102125188173025
pcd,ruo,0.102125188173025
win,ruo,0.156729351802974
ruo,win,0.156729351802974
win,qbb,0.242019149581081
qbb,win,0.242019149581081
win,por,0.330424114944681
por,win,0.330424114944681
ruo,fra,0.352911559915672
fra,ruo,0.352911559915672
win,ruq,0.361943959198374
ruq,win,0.361943959198374
ruq,pr2,0.381681822603132
pr2,ruq,0.381681822603132
ruq,pcd,0.391263333777378
pcd,ruq,0.391263333777378
rup,pr2,0.448893310769563
pr2,rup,0.448893310769563
win,lat,0.491237992522421
lat,win,0.491237992522421
ruo,fro,0.605298750547875
fro,ruo,0.605298750547875
ruo,pr2,0.660439808069553
pr2,ruo,0.660439808069553
qbb,pcd,0.664377722242707
pcd,qbb,0.664377722242707
rup,lm1,0.70102535251067
lm1,rup,0.70102535251067
ruo,qbb,0.734247034222765
qbb,ruo,0.734247034222765
ron,fra,0.757582402586823
fra,ron,0.757582402586823
pcd,lat,0.768987239345608
lat,pcd,0.768987239345608
qbb,fra,0.779697346436214
fra,qbb,0.779697346436214
ruo,ca3,0.781736659986195
ca3,ruo,0.781736659986195
win,sro,0.785743783122196
sro,win,0.785743783122196
ron,pcd,0.832408922896629
pcd,ron,0.832408922896629
rup,pm5,0.834979685869941
pm5,rup,0.834979685869941
ruo,por,0.848276802459496
por,ruo,0.848276802459496
win,spa,0.878754905906794
spa,win,0.878754905906794
sc1,fra,0.911921017005054
fra,sc1,0.911921017005054
ruq,fra,0.933838957565784
fra,ruq,0.933838957565784
win,sc1,0.934673626651211
sc1,win,0.934673626651211
sro,fra,0.940281466680054
fra,sro,0.940281466680054
ruo,lm1,0.96564277656893
lm1,ruo,0.96564277656893
rup,ll1,0.966064799778942
ll1,rup,0.966064799778942
rup,ll2,0.975073594452921
ll2,rup,0.975073594452921
qbb,pr2,0.984442935531095
pr2,qbb,0.984442935531095
ruo,pr1,0.997281360326305
pr1,ruo,0.997281360326305
ruo,ca1,1.00259960321829
ca1,ruo,1.00259960321829
win,sc4,1.00398448176202
sc4,win,1.00398448176202
ruo,pm5,1.01822430512022
pm5,ruo,1.01822430512022
win,src,1.01946624416402
src,win,1.01946624416402
win,ron,1.02889960618889
ron,win,1.02889960618889
rup,pr1,1.031329470283
pr1,rup,1.031329470283
sc4,ruo,1.03999305695731
ruo,sc4,1.03999305695731
ruo,ro3,1.04292608460039
ro3,ruo,1.04292608460039
ron,pr2,1.04834761579313
pr2,ron,1.04834761579313
por,pcd,1.06477862922237
pcd,por,1.06477862922237
ruo,nea,1.09528441609267
nea,ruo,1.09528441609267
ruq,ll1,1.09725166202409
ll1,ruq,1.09725166202409
ruo,ast,1.11062395323747
ast,ruo,1.11062395323747
ruq,li3,1.11310210360975
li3,ruq,1.11310210360975
ruo,li3,1.1238143038981
li3,ruo,1.1238143038981
ruo,ca2,1.12952915966793
ca2,ruo,1.12952915966793
win,nea,1.1330930597541
nea,win,1.1330930597541
win,sc2,1.13574401383986
sc2,win,1.13574401383986
sro,pcd,1.15333175826682
pcd,sro,1.15333175826682
rup,ro3,1.17621002090999
ro3,rup,1.17621002090999
ruo,lat,1.20372380736041
lat,ruo,1.20372380736041
lat,fra,1.20663809171585
fra,lat,1.20663809171585
rup,ca1,1.20927144589537
ca1,rup,1.20927144589537
rup,ro2,1.21261827160351
ro2,rup,1.21261827160351
ruq,lm1,1.21824683057238
lm1,ruq,1.21824683057238
pr2,por,1.22566315700086
por,pr2,1.22566315700086
pcd,nea,1.24644977324491
nea,pcd,1.24644977324491
ruo,ll1,1.24699894226283
ll1,ruo,1.24699894226283
win,ast,1.24825967450193
ast,win,1.24825967450193
pr2,lat,1.24953989924327
lat,pr2,1.24953989924327
ruo,pm1,1.25058967068109
pm1,ruo,1.25058967068109
ruq,ll2,1.25493435956378
ll2,ruq,1.25493435956378
src,pcd,1.27600549838416
pcd,src,1.27600549838416
ruo,ro4,1.27782619030191
ro4,ruo,1.27782619030191
ruo,ro2,1.28799080991785
ro2,ruo,1.28799080991785
ruo,ca5,1.28965916686065
ca5,ruo,1.28965916686065
sc4,fra,1.30264237692568
fra,sc4,1.30264237692568
win,sc3,1.31207711289242
sc3,win,1.31207711289242
win,glg,1.3169124824974
glg,win,1.3169124824974
spa,ruo,1.32001632412663
ruo,spa,1.32001632412663
win,dlm,1.32335390533887
dlm,win,1.32335390533887
ruo,ro1,1.33414512928304
ro1,ruo,1.33414512928304
sc4,pcd,1.33477166632503
pcd,sc4,1.33477166632503
ruo,ca6,1.33754951905886
ca6,ruo,1.33754951905886
win,itf,1.34155195122575
itf,win,1.34155195122575
sc1,ruo,1.35059252795853
ruo,sc1,1.35059252795853
spa,ruq,1.35354108785735
ruq,spa,1.35354108785735
rup,lm2,1.3569533451784
lm2,rup,1.3569533451784
win,itg,1.3673107338656
itg,win,1.3673107338656
sro,pr2,1.36794448899941
pr2,sro,1.36794448899941
ruq,pm5,1.36938179052263
pm5,ruq,1.36938179052263
ruq,por,1.37651009547947
por,ruq,1.37651009547947
ruo,pm4,1.37741226210548
pm4,ruo,1.37741226210548
ruo,ca4,1.37935280543793
ca4,ruo,1.37935280543793
win,ll1,1.38922127606267
ll1,win,1.38922127606267
sc1,pcd,1.39458522121939
pcd,sc1,1.39458522121939
ruo,ll2,1.39591266365133
ll2,ruo,1.39591266365133
pcd,ll1,1.39938597092896
ll1,pcd,1.39938597092896
rup,ca3,1.40014597684946
ca3,rup,1.40014597684946
ruq,qbb,1.40515613976476
qbb,ruq,1.40515613976476
por,fra,1.40928658383509
fra,por,1.40928658383509
ruq,lm2,1.40933958253853
lm2,ruq,1.40933958253853
rup,fro,1.44573595359319
fro,rup,1.44573595359319
ruo,pm3,1.44712686702326
pm3,ruo,1.44712686702326
ruo,lm2,1.45053080689585
lm2,ruo,1.45053080689585
spa,pcd,1.45154442769547
pcd,spa,1.45154442769547
rup,pm1,1.45711374233136
pm1,rup,1.45711374233136
rup,ast,1.45905282275642
ast,rup,1.45905282275642
qbb,lm1,1.46347097580347
lm1,qbb,1.46347097580347
nea,fra,1.4641397404911
fra,nea,1.4641397404911
rup,pm2,1.47236017776529
pm2,rup,1.47236017776529
sro,ro3,1.47363937948674
ro3,sro,1.47363937948674
rup,ro1,1.49158623948348
ro1,rup,1.49158623948348
ruo,pm2,1.5032527773258
pm2,ruo,1.5032527773258
win,li2,1.50805916124262
li2,win,1.50805916124262
ve1,ruq,1.51374774533527
ruq,ve1,1.51374774533527
win,lm1,1.53110297731605
lm1,win,1.53110297731605
pr2,nea,1.53120979095417
nea,pr2,1.53120979095417
ruq,ast,1.53959373891581
ast,ruq,1.53959373891581
lm1,lat,1.54433237991917
lat,lm1,1.54433237991917
rup,eg4,1.55306149419164
eg4,rup,1.55306149419164
win,ito,1.55390955787377
ito,win,1.55390955787377
qbb,ll1,1.5549139546169
ll1,qbb,1.5549139546169
itf,fra,1.55634265025617
fra,itf,1.55634265025617
sc2,ruo,1.5616576483398
ruo,sc2,1.5616576483398
pcd,ca1,1.56788104686593
ca1,pcd,1.56788104686593
sc2,pcd,1.57252195078716
pcd,sc2,1.57252195078716
ruo,eg4,1.57496037421874
eg4,ruo,1.57496037421874
pcd,dlm,1.5771719420714
dlm,pcd,1.5771719420714
ruq,pr1,1.57767558706585
pr1,ruq,1.57767558706585
sro,ruo,1.59446632478505
ruo,sro,1.59446632478505
sc1,pr2,1.59641694969518
pr2,sc1,1.59641694969518
rup,pm4,1.60007899224958
pm4,rup,1.60007899224958
qbb,ca3,1.60019886109534
ca3,qbb,1.60019886109534
ve1,ruo,1.60158494006072
ruo,ve1,1.60158494006072
rup,ca2,1.60723230800654
ca2,rup,1.60723230800654
ruq,ro3,1.60751933202816
ro3,ruq,1.60751933202816
sro,ll1,1.61227090135089
ll1,sro,1.61227090135089
pcd,ca3,1.615464799966
ca3,pcd,1.615464799966
ruq,li2,1.62077082072215
li2,ruq,1.62077082072215
ron,lm1,1.62378280919129
lm1,ron,1.62378280919129
ron,ro3,1.63161405109357
ro3,ron,1.63161405109357
src,fra,1.64878605791906
fra,src,1.64878605791906
rup,li3,1.66302287713446
li3,rup,1.66302287713446
pcd,lm1,1.66713592240406
lm1,pcd,1.66713592240406
ll1,lat,1.66797937001202
lat,ll1,1.66797937001202
qbb,ca1,1.66836412925491
ca1,qbb,1.66836412925491
sc3,ruo,1.66870809141785
ruo,sc3,1.66870809141785
ruq,pm1,1.67110630259964
pm1,ruq,1.67110630259964
ro3,qbb,1.68042161276036
qbb,ro3,1.68042161276036
ruq,ca2,1.68802015870913
ca2,ruq,1.68802015870913
pcd,li2,1.6935572850714
li2,pcd,1.6935572850714
spa,fra,1.69764002955307
fra,spa,1.69764002955307
ruo,li2,1.70343387830722
li2,ruo,1.70343387830722
win,ll2,1.70693938403908
ll2,win,1.70693938403908
rup,pm3,1.7071029487384
pm3,rup,1.7071029487384
sc4,ruq,1.70862166992705
ruq,sc4,1.70862166992705
rup,ro4,1.71029058765894
ro4,rup,1.71029058765894
sro,ro2,1.71068622925434
ro2,sro,1.71068622925434
rup,ca6,1.71265390535671
ca6,rup,1.71265390535671
qbb,lm2,1.71400615493283
lm2,qbb,1.71400615493283
sc3,pcd,1.71404497624382
pcd,sc3,1.71404497624382
sc2,fra,1.72383221682187
fra,sc2,1.72383221682187
sc4,rup,1.72583007954173
rup,sc4,1.72583007954173
lat,ca3,1.74244675910361
ca3,lat,1.74244675910361
pcd,ast,1.75211434046604
ast,pcd,1.75211434046604
ruq,ca3,1.7645839277517
ca3,ruq,1.7645839277517
ron,por,1.77234082910593
por,ron,1.77234082910593
fra,dlm,1.77487387951678
dlm,fra,1.77487387951678
win,ro2,1.77857109681715
ro2,win,1.77857109681715
pcd,ll2,1.77938697305676
ll2,pcd,1.77938697305676
rup,ca5,1.78466140715345
ca5,rup,1.78466140715345
ruq,fro,1.78477548870452
fro,ruq,1.78477548870452
rup,eg1,1.78483151544845
eg1,rup,1.78483151544845
win,ro3,1.79032860370157
ro3,win,1.79032860370157
ruo,eg2,1.79196341496978
eg2,ruo,1.79196341496978
rup,ca4,1.80315013650511
ca4,rup,1.80315013650511
pcd,ca2,1.80716428244321
ca2,pcd,1.80716428244321
win,eg1,1.81229549488533
eg1,win,1.81229549488533
sc4,pr2,1.81269482666139
pr2,sc4,1.81269482666139
rup,fur,1.81378923990409
fur,rup,1.81378923990409
ro1,pcd,1.81462346568652
pcd,ro1,1.81462346568652
pcd,itf,1.81527264336236
itf,pcd,1.81527264336236
src,ruq,1.82399335687729
ruq,src,1.82399335687729
ve1,rup,1.82511502292137
rup,ve1,1.82511502292137
ruq,pm4,1.82764592587464
pm4,ruq,1.82764592587464
win,ca3,1.83586324515489
ca3,win,1.83586324515489
ruq,ro2,1.84390707814619
ro2,ruq,1.84390707814619
spa,rup,1.84444758286596
rup,spa,1.84444758286596
rup,por,1.84706389216084
por,rup,1.84706389216084
win,li1,1.84968695690591
li1,win,1.84968695690591
qbb,fro,1.85170807992405
fro,qbb,1.85170807992405
ron,fro,1.85740269281613
fro,ron,1.85740269281613
ron,ro2,1.85954146405724
ro2,ron,1.85954146405724
pr2,ca3,1.86180724958212
ca3,pr2,1.86180724958212
ve2,ruo,1.86385919371944
ruo,ve2,1.86385919371944
lm2,lat,1.87298202947042
lat,lm2,1.87298202947042
sc3,fra,1.87615509922404
fra,sc3,1.87615509922404
ruq,eg4,1.88216026083263
eg4,ruq,1.88216026083263
ve2,rup,1.8860903867514
rup,ve2,1.8860903867514
ruq,eg1,1.88628448723893
eg1,ruq,1.88628448723893
src,pr2,1.88679149148148
pr2,src,1.88679149148148
rup,qbb,1.89144024122719
qbb,rup,1.89144024122719
pcd,lm2,1.89273081618893
lm2,pcd,1.89273081618893
ro2,pr2,1.89351203546858
pr2,ro2,1.89351203546858
win,eg3,1.89675262992432
eg3,win,1.89675262992432
rup,nea,1.89884669420636
nea,rup,1.89884669420636
ro3,pr2,1.90380144224934
pr2,ro3,1.90380144224934
lm1,fra,1.90904342533903
fra,lm1,1.90904342533903
win,ita,1.91214625826655
ita,win,1.91214625826655
pcd,fur,1.91762053909338
fur,pcd,1.91762053909338
win,eg4,1.91773917824855
eg4,win,1.91773917824855
pr2,dlm,1.91833234922241
dlm,pr2,1.91833234922241
por,lm1,1.91925169696356
lm1,por,1.91925169696356
ruq,ca6,1.92625281250333
ca6,ruq,1.92625281250333
ruo,fur,1.92889655628597
fur,ruo,1.92889655628597
ro3,lat,1.92891186910255
lat,ro3,1.92891186910255
ruo,glg,1.92991534439265
glg,ruo,1.92991534439265
pcd,eg1,1.93118094446976
eg1,pcd,1.93118094446976
rup,eg3,1.9326653963652
eg3,rup,1.9326653963652
win,li3,1.93319571504047
li3,win,1.93319571504047
ruq,pm2,1.93582344737306
pm2,ruq,1.93582344737306
ro3,pcd,1.93605605377828
pcd,ro3,1.93605605377828
qbb,pm5,1.93757924123659
pm5,qbb,1.93757924123659
win,ro4,1.93889830411249
ro4,win,1.93889830411249
sc1,ruq,1.94270780093321
ruq,sc1,1.94270780093321
ron,ll1,1.94343974483644
ll1,ron,1.94343974483644
win,ve1,1.94689297740626
ve1,win,1.94689297740626
ro4,pcd,1.94766787767023
pcd,ro4,1.94766787767023
ruo,eg1,1.95127832920059
eg1,ruo,1.95127832920059
lat,ca1,1.95564588819725
ca1,lat,1.95564588819725
rup,eg2,1.96044389632191
eg2,rup,1.96044389632191
sro,fro,1.96271697000034
fro,sro,1.96271697000034
rup,lat,1.9640430341213
lat,rup,1.9640430341213
por,dlm,1.96634239773605
dlm,por,1.96634239773605
li2,fra,1.96932289917508
fra,li2,1.96932289917508
ron,li3,1.9700134822687
li3,ron,1.9700134822687
sro,ro1,1.97174948733381
ro1,sro,1.97174948733381
pcd,glg,1.97299053470502
glg,pcd,1.97299053470502
win,ro1,1.97345904131081
ro1,win,1.97345904131081
fra,ast,1.97902288144838
ast,fra,1.97902288144838
qbb,pm1,1.98543882154058
pm1,qbb,1.98543882154058
ron,pm5,1.98911154194715
pm5,ron,1.98911154194715
ruq,ro1,1.99079782708693
ro1,ruq,1.99079782708693
qbb,li3,1.99162202767288
li3,qbb,1.99162202767288
src,ruo,1.9917323894072
ruo,src,1.9917323894072
pcd,itg,2.00833213343061
itg,pcd,2.00833213343061
ruq,ca4,2.01315617404165
ca4,ruq,2.01315617404165
ruq,pm3,2.03010382241355
pm3,ruq,2.03010382241355
ruq,eg2,2.03164884064282
eg2,ruq,2.03164884064282
sc2,ruq,2.03289908991344
ruq,sc2,2.03289908991344
sro,ruq,2.037902179216
ruq,sro,2.037902179216
ve3,rup,2.038473012341
rup,ve3,2.038473012341
ruo,eg3,2.04026725250592
eg3,ruo,2.04026725250592
sc4,ron,2.04223308965955
ron,sc4,2.04223308965955
ro2,qbb,2.04874268498285
qbb,ro2,2.04874268498285
win,ca6,2.04945486776708
ca6,win,2.04945486776708
sc1,rup,2.05282744517379
rup,sc1,2.05282744517379
dlm,ca3,2.05404403866093
ca3,dlm,2.05404403866093
qbb,pm3,2.05414755697416
pm3,qbb,2.05414755697416
lat,fro,2.05794004574419
fro,lat,2.05794004574419
pcd,li3,2.06090523606647
li3,pcd,2.06090523606647
pcd,ca6,2.06425487728784
ca6,pcd,2.06425487728784
ve3,ruo,2.06650994528122
ruo,ve3,2.06650994528122
win,ca2,2.0694905441505
ca2,win,2.0694905441505
por,pm1,2.07012307808345
pm1,por,2.07012307808345
por,pm5,2.07266517700722
pm5,por,2.07266517700722
win,ve2,2.07579200342372
ve2,win,2.07579200342372
src,ca3,2.08363103969616
ca3,src,2.08363103969616
ruo,itf,2.08469477154526
itf,ruo,2.08469477154526
ruq,li1,2.08686477337592
li1,ruq,2.08686477337592
ruq,itf,2.09102613866537
itf,ruq,2.09102613866537
por,ll1,2.09429350259535
ll1,por,2.09429350259535
win,ca1,2.10415044897841
ca1,win,2.10415044897841
ruq,ca5,2.10421769424862
ca5,ruq,2.10421769424862
ron,ro4,2.10763187123498
ro4,ron,2.10763187123498
win,ca4,2.12074562479051
ca4,win,2.12074562479051
pcd,ca4,2.13055267027053
ca4,pcd,2.13055267027053
ro2,pcd,2.13455177124211
pcd,ro2,2.13455177124211
li3,lat,2.13989104728099
lat,li3,2.13989104728099
sro,ca3,2.14046562652319
ca3,sro,2.14046562652319
ve3,ruq,2.14311749243456
ruq,ve3,2.14311749243456
ruo,li1,2.14378671374739
li1,ruo,2.14378671374739
fra,ca2,2.14537044540087
ca2,fra,2.14537044540087
ruq,glg,2.14788049709089
glg,ruq,2.14788049709089
win,lm2,2.15098070171818
lm2,win,2.15098070171818
ron,qbb,2.1512937796604
qbb,ron,2.1512937796604
win,ca5,2.15590164310735
ca5,win,2.15590164310735
qbb,pm2,2.15655063497544
pm2,qbb,2.15655063497544
ro1,qbb,2.15704595710973
qbb,ro1,2.15704595710973
itg,fra,2.15865786417135
fra,itg,2.15865786417135
pcd,ca5,2.15953389322184
ca5,pcd,2.15953389322184
ro1,pr2,2.16098634561684
pr2,ro1,2.16098634561684
pcd,ito,2.16515047359761
ito,pcd,2.16515047359761
pr2,itf,2.16517830642771
itf,pr2,2.16517830642771
ron,lm2,2.167237469411
lm2,ron,2.167237469411
ro4,qbb,2.18001128616757
qbb,ro4,2.18001128616757
win,fur,2.18106635246089
fur,win,2.18106635246089
sc3,ruq,2.18298481020665
ruq,sc3,2.18298481020665
ron,ca3,2.19445469336787
ca3,ron,2.19445469336787
pm1,lat,2.20676393335513
lat,pm1,2.20676393335513
sc2,pr2,2.21169564839826
pr2,sc2,2.21169564839826
ron,pm1,2.21321860617603
pm1,ron,2.21321860617603
ve2,ruq,2.21516446211026
ruq,ve2,2.21516446211026
ruq,itg,2.21694710769502
itg,ruq,2.21694710769502
qbb,pr1,2.22162975434961
pr1,qbb,2.22162975434961
por,pm3,2.22415534167295
pm3,por,2.22415534167295
pcd,li1,2.22539296580516
li1,pcd,2.22539296580516
ve1,pcd,2.23600312173605
pcd,ve1,2.23600312173605
ron,ro1,2.24017228237489
ro1,ron,2.24017228237489
spa,pr2,2.24357855557255
pr2,spa,2.24357855557255
pr2,ca1,2.24555801692115
ca1,pr2,2.24555801692115
pcd,eg2,2.24636777444473
eg2,pcd,2.24636777444473
ron,ca2,2.24677205115287
ca2,ron,2.24677205115287
win,ve3,2.2556854414004
ve3,win,2.2556854414004
win,eg2,2.2633579442387
eg2,win,2.2633579442387
sc1,ca3,2.26434687418114
ca3,sc1,2.26434687418114
sro,ro4,2.27660922850598
ro4,sro,2.27660922850598
spa,ro3,2.27778754426477
ro3,spa,2.27778754426477
pr2,eg1,2.28217499870885
eg1,pr2,2.28217499870885
ruq,ca1,2.28319599495897
ca1,ruq,2.28319599495897
pm5,lat,2.28857765515803
lat,pm5,2.28857765515803
sro,lm1,2.2993330032033
lm1,sro,2.2993330032033
ruo,itg,2.30163408336902
itg,ruo,2.30163408336902
fra,ca6,2.30262559021024
ca6,fra,2.30262559021024
ll1,fra,2.30449972692448
fra,ll1,2.30449972692448
ro3,por,2.30615934632285
por,ro3,2.30615934632285
src,ro2,2.31205787413702
ro2,src,2.31205787413702
por,pm2,2.31208716117279
pm2,por,2.31208716117279
fra,eg1,2.31385973351116
eg1,fra,2.31385973351116
ron,ca1,2.32173880173662
ca1,ron,2.32173880173662
ro2,por,2.32881875720951
por,ro2,2.32881875720951
rup,glg,2.32973618067338
glg,rup,2.32973618067338
glg,fra,2.33420594543865
fra,glg,2.33420594543865
ruq,eg3,2.33614881343193
eg3,ruq,2.33614881343193
qbb,fur,2.33624437782832
fur,qbb,2.33624437782832
ruq,nea,2.33718725394168
nea,ruq,2.33718725394168
ron,ll2,2.3378379157161
ll2,ron,2.3378379157161
ro2,lat,2.3442096474555
lat,ro2,2.3442096474555
lm2,fra,2.34622806347541
fra,lm2,2.34622806347541
pcd,eg4,2.35014704811896
eg4,pcd,2.35014704811896
sc4,fro,2.35218412341576
fro,sc4,2.35218412341576
ron,ast,2.35252386966414
ast,ron,2.35252386966414
ruq,ro4,2.3568105514869
ro4,ruq,2.3568105514869
sro,dlm,2.35997705546697
dlm,sro,2.35997705546697
sc4,ca3,2.3604013790841
ca3,sc4,2.3604013790841
itf,fro,2.36219851078174
fro,itf,2.36219851078174
rup,li2,2.3692814448591
li2,rup,2.3692814448591
ron,ca5,2.374822819561
ca5,ron,2.374822819561
sc1,ron,2.38269173342994
ron,sc1,2.38269173342994
pcd,eg3,2.38391949904853
eg3,pcd,2.38391949904853
sc3,pr2,2.38713615898107
pr2,sc3,2.38713615898107
fra,ca3,2.38976693691571
ca3,fra,2.38976693691571
sc1,ro3,2.3897969365936
ro3,sc1,2.3897969365936
spa,ron,2.39106762256722
ron,spa,2.39106762256722
ron,pr1,2.39777152989683
pr1,ron,2.39777152989683
qbb,eg1,2.40433055855962
eg1,qbb,2.40433055855962
sro,lm2,2.40808747086604
lm2,sro,2.40808747086604
pr2,ll2,2.41071068964835
ll2,pr2,2.41071068964835
ro4,lat,2.41519210062183
lat,ro4,2.41519210062183
fra,ca5,2.42145667597572
ca5,fra,2.42145667597572
qbb,pm4,2.42292987943213
pm4,qbb,2.42292987943213
sc2,rup,2.42349923066165
rup,sc2,2.42349923066165
ron,lat,2.43701895250691
lat,ron,2.43701895250691
sc1,fro,2.43899303541478
fro,sc1,2.43899303541478
fra,ca4,2.43947438792624
ca4,fra,2.43947438792624
por,pm4,2.44038110822918
pm4,por,2.44038110822918
ve1,fra,2.44749489058491
fra,ve1,2.44749489058491
src,ro3,2.45619926696106
ro3,src,2.45619926696106
qbb,nea,2.45630192999088
nea,qbb,2.45630192999088
ron,ca6,2.46428228953453
ca6,ron,2.46428228953453
ro1,lat,2.47224429919961
lat,ro1,2.47224429919961
pm3,lat,2.47434858139572
lat,pm3,2.47434858139572
pr2,ast,2.47553448730359
ast,pr2,2.47553448730359
ro2,fra,2.47596768150414
fra,ro2,2.47596768150414
ron,ca4,2.47791535870265
ca4,ron,2.47791535870265
ro4,pr2,2.49175202898038
pr2,ro4,2.49175202898038
pr2,li2,2.49785101477779
li2,pr2,2.49785101477779
spa,ro1,2.50052307612744
ro1,spa,2.50052307612744
fra,eg4,2.50635504567894
eg4,fra,2.50635504567894
por,lm2,2.50643821816264
lm2,por,2.50643821816264
dlm,ca1,2.50674662549314
ca1,dlm,2.50674662549314
pr2,ll1,2.51342307325751
ll1,pr2,2.51342307325751
src,rup,2.51927102332129
rup,src,2.51927102332129
ron,pm3,2.52885894114018
pm3,ron,2.52885894114018
sc3,rup,2.52913838675431
rup,sc3,2.52913838675431
por,fur,2.52915896225524
fur,por,2.52915896225524
ron,eg4,2.53030624407951
eg4,ron,2.53030624407951
ruq,ito,2.53409751057058
ito,ruq,2.53409751057058
sro,ll2,2.53656263093032
ll2,sro,2.53656263093032
ruq,fur,2.53839527782424
fur,ruq,2.53839527782424
ve2,pcd,2.54167199799848
pcd,ve2,2.54167199799848
sc2,fro,2.54215479054031
fro,sc2,2.54215479054031
spa,ro2,2.54341584943934
ro2,spa,2.54341584943934
ll1,ca3,2.5477809276231
ca3,ll1,2.5477809276231
ro1,por,2.54863335186922
por,ro1,2.54863335186922
win,pm5,2.5497000411724
pm5,win,2.5497000411724
ron,pm2,2.55222103845132
pm2,ron,2.55222103845132
qbb,ca6,2.55296583021025
ca6,qbb,2.55296583021025
fur,fra,2.55300803056165
fra,fur,2.55300803056165
por,li3,2.55386807775946
li3,por,2.55386807775946
lat,ca6,2.55446117860393
ca6,lat,2.55446117860393
li3,dlm,2.55460211537197
dlm,li3,2.55460211537197
pr2,ca2,2.55748588484089
ca2,pr2,2.55748588484089
spa,ro4,2.55882904063161
ro4,spa,2.55882904063161
ito,fra,2.56422031397235
fra,ito,2.56422031397235
lat,ca2,2.56449867065315
ca2,lat,2.56449867065315
ro3,fra,2.56712777817703
fra,ro3,2.56712777817703
sro,pm1,2.56765788747406
pm1,sro,2.56765788747406
pm2,lat,2.56990916208694
lat,pm2,2.56990916208694
sro,ca1,2.57063063301785
ca1,sro,2.57063063301785
lat,eg1,2.57123378349623
eg1,lat,2.57123378349623
pr2,ca6,2.57301158182453
ca6,pr2,2.57301158182453
li1,fra,2.57354669400089
fra,li1,2.57354669400089
spa,pm1,2.57810302575314
pm1,spa,2.57810302575314
lm1,fro,2.5823563100806
fro,lm1,2.5823563100806
pr2,itg,2.58279731410761
itg,pr2,2.58279731410761
pm5,pcd,2.58432216334377
pcd,pm5,2.58432216334377
sro,fur,2.58669969611185
fur,sro,2.58669969611185
li2,fro,2.58683049998934
fro,li2,2.58683049998934
qbb,ca2,2.58891261872824
ca2,qbb,2.58891261872824
ruo,ito,2.59566385145459
ito,ruo,2.59566385145459
ve1,ron,2.59587494861658
ron,ve1,2.59587494861658
src,ro1,2.59795606833716
ro1,src,2.59795606833716
ll2,fra,2.60274688446944
fra,ll2,2.60274688446944
sc1,ro2,2.60451302051906
ro2,sc1,2.60451302051906
src,ll1,2.60724598391003
ll1,src,2.60724598391003
pcd,ita,2.61097004716204
ita,pcd,2.61097004716204
lm2,ca3,2.61175814775122
ca3,lm2,2.61175814775122
pr1,lat,2.61329863918775
lat,pr1,2.61329863918775
pr2,ca5,2.62703175997642
ca5,pr2,2.62703175997642
ro4,por,2.62817185117983
por,ro4,2.62817185117983
por,fro,2.6301404671542
fro,por,2.6301404671542
sro,rup,2.63400666260662
rup,sro,2.63400666260662
li3,ca3,2.63568681055562
ca3,li3,2.63568681055562
sro,pr1,2.63654658802352
pr1,sro,2.63654658802352
ron,pm4,2.63930894463592
pm4,ron,2.63930894463592
src,ro4,2.63935470722177
ro4,src,2.63935470722177
sc4,ro3,2.64038081957314
ro3,sc4,2.64038081957314
pr2,ca4,2.6462678945374
ca4,pr2,2.6462678945374
lat,fur,2.64647860729703
fur,lat,2.64647860729703
sc1,ca1,2.64847905118014
ca1,sc1,2.64847905118014
ron,li2,2.65043954408925
li2,ron,2.65043954408925
pr2,lm1,2.65259121193119
lm1,pr2,2.65259121193119
fra,ca1,2.65672550560972
ca1,fra,2.65672550560972
ro2,itf,2.66083237213367
itf,ro2,2.66083237213367
sc1,ro4,2.66105916038687
ro4,sc1,2.66105916038687
qbb,ll2,2.66302800307229
ll2,qbb,2.66302800307229
sc2,ron,2.66550864094235
ron,sc2,2.66550864094235
src,fro,2.66935206646967
fro,src,2.66935206646967
li3,fra,2.67275703926191
fra,li3,2.67275703926191
pr2,lm2,2.67372054469025
lm2,pr2,2.67372054469025
ve1,pr2,2.6774326940255
pr2,ve1,2.6774326940255
fra,eg2,2.68716439950792
eg2,fra,2.68716439950792
fra,eg3,2.68849149787577
eg3,fra,2.68849149787577
pr2,eg2,2.69047409686722
eg2,pr2,2.69047409686722
qbb,por,2.69622242850849
por,qbb,2.69622242850849
lm1,dlm,2.69645806825851
dlm,lm1,2.69645806825851
qbb,ca5,2.696542573479
ca5,qbb,2.696542573479
lat,ca5,2.7077715729521
ca5,lat,2.7077715729521
ve2,ron,2.71487095332045
ron,ve2,2.71487095332045
sro,pm5,2.71571258313998
pm5,sro,2.71571258313998
src,lm2,2.72486560246291
lm2,src,2.72486560246291
sc3,ron,2.72513870707729
ron,sc3,2.72513870707729
spa,ll1,2.73025240908547
ll1,spa,2.73025240908547
sro,ca6,2.73587364746269
ca6,sro,2.73587364746269
ron,fur,2.73688290720522
fur,ron,2.73688290720522
ron,glg,2.73852782715544
glg,ron,2.73852782715544
ro3,li2,2.7403708319814
li2,ro3,2.7403708319814
nea,lat,2.74055546525296
lat,nea,2.74055546525296
ve3,fra,2.74097031543759
fra,ve3,2.74097031543759
sro,ca4,2.74136643294004
ca4,sro,2.74136643294004
ro2,ast,2.74571770826659
ast,ro2,2.74571770826659
sro,por,2.74589804598215
por,sro,2.74589804598215
ve2,fra,2.74758194569345
fra,ve2,2.74758194569345
ro4,ast,2.75148805519939
ast,ro4,2.75148805519939
sc1,lm1,2.75220537093878
lm1,sc1,2.75220537093878
sc1,pr1,2.75271085127942
pr1,sc1,2.75271085127942
sc1,ll1,2.75348377837474
ll1,sc1,2.75348377837474
pcd,fro,2.75575189616942
fro,pcd,2.75575189616942
pm4,lat,2.75613307873969
lat,pm4,2.75613307873969
qbb,ca4,2.75638228002172
ca4,qbb,2.75638228002172
sc4,dlm,2.75689446296414
dlm,sc4,2.75689446296414
sc4,ro2,2.76388908403903
ro2,sc4,2.76388908403903
ll1,ca2,2.76812557970113
ca2,ll1,2.76812557970113
ron,eg1,2.76888952931113
eg1,ron,2.76888952931113
ro3,eg1,2.76955551058265
eg1,ro3,2.76955551058265
sro,ca5,2.77126714821151
ca5,sro,2.77126714821151
fro,eg1,2.77175965729674
eg1,fro,2.77175965729674
ro3,itf,2.77223631769255
itf,ro3,2.77223631769255
lat,ca4,2.77265641845867
ca4,lat,2.77265641845867
sc1,ro1,2.77507843812005
ro1,sc1,2.77507843812005
win,pm4,2.78119385529322
pm4,win,2.78119385529322
ve3,pcd,2.78315797923362
pcd,ve3,2.78315797923362
sro,pm2,2.78620570668478
pm2,sro,2.78620570668478
spa,lm2,2.78828635132933
lm2,spa,2.78828635132933
sro,ca2,2.79028359914786
ca2,sro,2.79028359914786
sro,pm4,2.79136694910751
pm4,sro,2.79136694910751
li3,fro,2.79246280409386
fro,li3,2.79246280409386
rup,itg,2.79579197973814
itg,rup,2.79579197973814
ruq,dlm,2.79870681897274
dlm,ruq,2.79870681897274
pr2,li3,2.8031585120632
li3,pr2,2.8031585120632
ro2,eg1,2.80527471745477
eg1,ro2,2.80527471745477
qbb,li2,2.8064192455109
li2,qbb,2.8064192455109
rup,li1,2.80863866448637
li1,rup,2.80863866448637
spa,dlm,2.81151282728804
dlm,spa,2.81151282728804
sc2,ro3,2.81205300339571
ro3,sc2,2.81205300339571
src,pm5,2.81264813632743
pm5,src,2.81264813632743
sc3,fro,2.81405402435031
fro,sc3,2.81405402435031
ita,fra,2.81733643834033
fra,ita,2.81733643834033
ro2,ca2,2.81815817946502
ca2,ro2,2.81815817946502
sro,eg1,2.82054820300345
eg1,sro,2.82054820300345
src,ca1,2.82643696351716
ca1,src,2.82643696351716
win,pm1,2.82973875423339
pm1,win,2.82973875423339
dlm,ca2,2.83159213482633
ca2,dlm,2.83159213482633
sc1,ca2,2.83212891618444
ca2,sc1,2.83212891618444
ro4,itf,2.83286218555806
itf,ro4,2.83286218555806
ro2,lm1,2.8349353087392
lm1,ro2,2.8349353087392
spa,pm2,2.83540911378484
pm2,spa,2.83540911378484
sc4,ro4,2.83783766311962
ro4,sc4,2.83783766311962
ro4,fra,2.84178182996231
fra,ro4,2.84178182996231
pr2,glg,2.84262647481609
glg,pr2,2.84262647481609
ro3,ca2,2.85698514015209
ca2,ro3,2.85698514015209
sro,pm3,2.86566730361672
pm3,sro,2.86566730361672
por,eg1,2.86974711407524
eg1,por,2.86974711407524
ll1,ca4,2.8713382083539
ca4,ll1,2.8713382083539
li2,lat,2.87189067109758
lat,li2,2.87189067109758
ro3,lm1,2.87328150088045
lm1,ro3,2.87328150088045
ron,eg2,2.87627618281019
eg2,ron,2.87627618281019
ruo,ita,2.87807084352252
ita,ruo,2.87807084352252
ll1,glg,2.88076490506219
glg,ll1,2.88076490506219
pm5,fra,2.88150257891297
fra,pm5,2.88150257891297
ro1,ast,2.88542808418497
ast,ro1,2.88542808418497
win,pm2,2.88553555018635
pm2,win,2.88553555018635
qbb,li1,2.88836682028314
li1,qbb,2.88836682028314
ron,eg3,2.89016438230683
eg3,ron,2.89016438230683
qbb,dlm,2.89050308838751
dlm,qbb,2.89050308838751
ll2,lat,2.8942842743747
lat,ll2,2.8942842743747
ro1,itf,2.89506209098882
itf,ro1,2.89506209098882
src,lm1,2.89616147703146
lm1,src,2.89616147703146
win,pm3,2.90189979815549
pm3,win,2.90189979815549
pr1,dlm,2.90579134352243
dlm,pr1,2.90579134352243
sc3,ca3,2.9111348584668
ca3,sc3,2.9111348584668
spa,pm3,2.91378134486447
pm3,spa,2.91378134486447
ruq,lat,2.91609963269622
lat,ruq,2.91609963269622
spa,li3,2.91720049311566
li3,spa,2.91720049311566
glg,dlm,2.91907065203886
dlm,glg,2.91907065203886
sro,ast,2.91919449452074
ast,sro,2.91919449452074
pm1,fra,2.92321655776059
fra,pm1,2.92321655776059
pr2,li1,2.93523201338212
li1,pr2,2.93523201338212
sc2,ca3,2.94010644053284
ca3,sc2,2.94010644053284
lm2,fro,2.94261458368944
fro,lm2,2.94261458368944
ro4,lm1,2.94841267146052
lm1,ro4,2.94841267146052
pr2,ito,2.94899505271389
ito,pr2,2.94899505271389
li2,dlm,2.95093598430912
dlm,li2,2.95093598430912
ruo,dlm,2.9524017103149
dlm,ruo,2.9524017103149
ve1,ro2,2.95542871617382
ro2,ve1,2.95542871617382
ll2,ca3,2.95611235771711
ca3,ll2,2.95611235771711
pr2,fur,2.95714416176672
fur,pr2,2.95714416176672
qbb,eg4,2.96472987622987
eg4,qbb,2.96472987622987
spa,lm1,2.9687131210052
lm1,spa,2.9687131210052
li2,ca3,2.96952719189099
ca3,li2,2.96952719189099
por,ca3,2.97051306156282
ca3,por,2.97051306156282
li1,fro,2.97180663515505
fro,li1,2.97180663515505
qbb,ast,2.98024640240457
ast,qbb,2.98024640240457
ruq,ita,2.98780329025422
ita,ruq,2.98780329025422
li3,ca6,2.98806150877598
ca6,li3,2.98806150877598
sc2,ro2,2.99081832804269
ro2,sc2,2.99081832804269
fro,dlm,2.99090612079757
dlm,fro,2.99090612079757
ro1,ca2,2.99188620229105
ca2,ro1,2.99188620229105
sc2,ro4,2.99529300305817
ro4,sc2,2.99529300305817
sro,spa,2.99652904344413
spa,sro,2.99652904344413
ro3,ast,2.99943956142372
ast,ro3,2.99943956142372
li1,lat,3.00106728213365
lat,li1,3.00106728213365
pr2,eg3,3.00192391158575
eg3,pr2,3.00192391158575
nea,dlm,3.00453268690021
dlm,nea,3.00453268690021
ro3,li3,3.00915134340083
li3,ro3,3.00915134340083
ro2,ca6,3.01283411252566
ca6,ro2,3.01283411252566
spa,eg1,3.01852815727153
eg1,spa,3.01852815727153
pm4,pcd,3.02209645167824
pcd,pm4,3.02209645167824
ll1,dlm,3.02230577755669
dlm,ll1,3.02230577755669
lm1,ast,3.02337020060021
ast,lm1,3.02337020060021
pr2,fro,3.02878860232002
fro,pr2,3.02878860232002
spa,qbb,3.03320169105278
qbb,spa,3.03320169105278
src,ron,3.03396605010668
ron,src,3.03396605010668
pm5,fro,3.03701127199569
fro,pm5,3.03701127199569
sro,li3,3.04429031163439
li3,sro,3.04429031163439
itg,fro,3.04533344199485
fro,itg,3.04533344199485
dlm,ca6,3.04934716400395
ca6,dlm,3.04934716400395
sc3,ro3,3.05121222180497
ro3,sc3,3.05121222180497
sc2,ll1,3.05344231345967
ll1,sc2,3.05344231345967
ll1,ast,3.05422007407374
ast,ll1,3.05422007407374
lat,dlm,3.05517970405096
dlm,lat,3.05517970405096
spa,pm5,3.0608871898105
pm5,spa,3.0608871898105
pm1,pcd,3.06466602286023
pcd,pm1,3.06466602286023
ron,li1,3.06675354260635
li1,ron,3.06675354260635
src,dlm,3.06875357452474
dlm,src,3.06875357452474
lm1,ca3,3.07016615545491
ca3,lm1,3.07016615545491
ro2,ca3,3.07182787287829
ca3,ro2,3.07182787287829
win,fro,3.07242684360247
fro,win,3.07242684360247
pm3,pcd,3.07968093846811
pcd,pm3,3.07968093846811
li3,ca4,3.08000973520195
ca4,li3,3.08000973520195
spa,fro,3.08213258595001
fro,spa,3.08213258595001
ro3,glg,3.0910164700412
glg,ro3,3.0910164700412
sc3,ro2,3.0973718212064
ro2,sc3,3.0973718212064
pm1,ca3,3.10221313171412
ca3,pm1,3.10221313171412
ll2,ca1,3.10238758712171
ca1,ll2,3.10238758712171
ve2,pr2,3.10383375015685
pr2,ve2,3.10383375015685
ro2,li2,3.10841233220556
li2,ro2,3.10841233220556
sro,ron,3.10900695716547
ron,sro,3.10900695716547
ll1,ca1,3.10949693688131
ca1,ll1,3.10949693688131
ro2,glg,3.1133838047463
glg,ro2,3.1133838047463
rup,ito,3.11496256096171
ito,rup,3.11496256096171
src,ca2,3.11631019966655
ca2,src,3.11631019966655
ro1,dlm,3.12327337767404
dlm,ro1,3.12327337767404
pm2,pcd,3.12584566001695
pcd,pm2,3.12584566001695
ro1,fra,3.12621373436122
fra,ro1,3.12621373436122
rup,dlm,3.128476757414
dlm,rup,3.128476757414
ro3,dlm,3.13542212807286
dlm,ro3,3.13542212807286
pm5,ca3,3.13633243916135
ca3,pm5,3.13633243916135
spa,lat,3.13940341920681
lat,spa,3.13940341920681
ll1,ca6,3.14580459417044
ca6,ll1,3.14580459417044
ve1,ro3,3.14587097058577
ro3,ve1,3.14587097058577
lat,eg4,3.14716181037961
eg4,lat,3.14716181037961
itf,dlm,3.14779899427559
dlm,itf,3.14779899427559
pr2,eg4,3.14995874064304
eg4,pr2,3.14995874064304
ll1,ca5,3.15051458248043
ca5,ll1,3.15051458248043
ve3,ron,3.15287030224534
ron,ve3,3.15287030224534
eg1,ca3,3.15465922797721
ca3,eg1,3.15465922797721
ro3,ca3,3.15488934220644
ca3,ro3,3.15488934220644
spa,pm4,3.15545908400384
pm4,spa,3.15545908400384
ro2,dlm,3.15740606171224
dlm,ro2,3.15740606171224
sc1,por,3.15953125412259
por,sc1,3.15953125412259
por,lat,3.15984476436736
lat,por,3.15984476436736
pm1,ca1,3.16629732169908
ca1,pm1,3.16629732169908
win,pr1,3.16963038261505
pr1,win,3.16963038261505
lat,ast,3.17121438428513
ast,lat,3.17121438428513
src,pm1,3.17972617845824
pm1,src,3.17972617845824
fro,ast,3.18386516982148
ast,fro,3.18386516982148
nea,ca2,3.18453266660384
ca2,nea,3.18453266660384
ro2,li3,3.18608002422318
li3,ro2,3.18608002422318
lm2,ca1,3.19226157106134
ca1,lm2,3.19226157106134
ro3,li1,3.19264200059464
li1,ro3,3.19264200059464
sc4,ca2,3.19721225767495
ca2,sc4,3.19721225767495
ron,itf,3.20648088183157
itf,ron,3.20648088183157
sc3,ro4,3.20857858061822
ro4,sc3,3.20857858061822
li1,ca3,3.21159469002032
ca3,li1,3.21159469002032
li3,ca2,3.21262631006237
ca2,li3,3.21262631006237
li3,ca5,3.21719685023361
ca5,li3,3.21719685023361
dlm,ast,3.21927010050464
ast,dlm,3.21927010050464
ro4,li2,3.2199627885854
li2,ro4,3.2199627885854
ro4,ca2,3.22851239504431
ca2,ro4,3.22851239504431
pr1,eg1,3.22869698809207
eg1,pr1,3.22869698809207
pm1,fro,3.22899555314633
fro,pm1,3.22899555314633
li3,ca1,3.22965327158134
ca1,li3,3.22965327158134
sc2,ca2,3.23155785364992
ca2,sc2,3.23155785364992
ro4,dlm,3.23289924068182
dlm,ro4,3.23289924068182
pr2,pm1,3.23424187610178
pm1,pr2,3.23424187610178
sc2,ro1,3.23509435661894
ro1,sc2,3.23509435661894
pr1,por,3.23918220463727
por,pr1,3.23918220463727
por,ca2,3.24077743516353
ca2,por,3.24077743516353
sc4,ro1,3.24194557152756
ro1,sc4,3.24194557152756
pm4,fra,3.24338645276953
fra,pm4,3.24338645276953
por,li2,3.24376577794551
li2,por,3.24376577794551
ro4,li3,3.25045489189833
li3,ro4,3.25045489189833
nea,ll1,3.2584303688699
ll1,nea,3.2584303688699
pm5,dlm,3.26143853022677
dlm,pm5,3.26143853022677
rup,itf,3.26811915545037
itf,rup,3.26811915545037
sc3,ll1,3.26821410412661
ll1,sc3,3.26821410412661
dlm,ca5,3.27305308815475
ca5,dlm,3.27305308815475
ro2,ca5,3.27359870095882
ca5,ro2,3.27359870095882
lm1,ca1,3.27880168513257
ca1,lm1,3.27880168513257
pm4,ca3,3.28241854076361
ca3,pm4,3.28241854076361
eg1,ast,3.28455564805287
ast,eg1,3.28455564805287
qbb,eg2,3.2912793493083
eg2,qbb,3.2912793493083
pr1,pcd,3.29144896196228
pcd,pr1,3.29144896196228
pr1,lm1,3.29217082393568
lm1,pr1,3.29217082393568
spa,pr1,3.29890949070057
pr1,spa,3.29890949070057
sc4,pr1,3.29902570996674
pr1,sc4,3.29902570996674
por,ll2,3.29911228225141
ll2,por,3.29911228225141
lm2,ca2,3.29957537932103
ca2,lm2,3.29957537932103
ro1,eg1,3.30640539309772
eg1,ro1,3.30640539309772
ro2,itg,3.30732306580323
itg,ro2,3.30732306580323
sc3,ca2,3.31315602179737
ca2,sc3,3.31315602179737
ro2,ca4,3.32028790432402
ca4,ro2,3.32028790432402
ve3,pr2,3.32182122137831
pr2,ve3,3.32182122137831
spa,nea,3.32339545384944
nea,spa,3.32339545384944
ro3,ca6,3.32364987131768
ca6,ro3,3.32364987131768
sro,li1,3.33207498925325
li1,sro,3.33207498925325
pm1,ast,3.3327205994469
ast,pm1,3.3327205994469
ro1,ca6,3.33477616495608
ca6,ro1,3.33477616495608
nea,fro,3.33575509882613
fro,nea,3.33575509882613
lm2,ca6,3.33785189109077
ca6,lm2,3.33785189109077
lm1,glg,3.33896616715237
glg,lm1,3.33896616715237
li1,dlm,3.34660971264908
dlm,li1,3.34660971264908
ve1,ro1,3.34689561171606
ro1,ve1,3.34689561171606
src,por,3.34745725929933
por,src,3.34745725929933
ro4,eg1,3.34800077988007
eg1,ro4,3.34800077988007
itf,ca3,3.34883868529347
ca3,itf,3.34883868529347
ro1,glg,3.35114531100855
glg,ro1,3.35114531100855
nea,lm1,3.35161185532843
lm1,nea,3.35161185532843
lm2,ast,3.35384094333977
ast,lm2,3.35384094333977
pm2,ca3,3.36734111493794
ca3,pm2,3.36734111493794
ro4,glg,3.36899663558965
glg,ro4,3.36899663558965
pr1,ll1,3.37588459808515
ll1,pr1,3.37588459808515
por,eg4,3.38056525187691
eg4,por,3.38056525187691
rup,ita,3.3838636669222
ita,rup,3.3838636669222
ro2,nea,3.38769289022261
nea,ro2,3.38769289022261
sc4,ll1,3.39221305726144
ll1,sc4,3.39221305726144
ro3,ito,3.3925066453002
ito,ro3,3.3925066453002
ro3,itg,3.39401027655553
itg,ro3,3.39401027655553
ro1,li2,3.39465915634789
li2,ro1,3.39465915634789
ve1,fro,3.39550780514231
fro,ve1,3.39550780514231
fro,ca2,3.39788154212041
ca2,fro,3.39788154212041
pr2,pm4,3.39846665331503
pm4,pr2,3.39846665331503
pm5,ast,3.40182567672591
ast,pm5,3.40182567672591
pm3,ca3,3.40414108344188
ca3,pm3,3.40414108344188
lat,eg2,3.40705744278253
eg2,lat,3.40705744278253
fur,ca3,3.41328072044293
ca3,fur,3.41328072044293
fro,eg2,3.41435777732535
eg2,fro,3.41435777732535
ve2,sro,3.41499391580415
sro,ve2,3.41499391580415
ro3,nea,3.41787235679747
nea,ro3,3.41787235679747
nea,ca4,3.42113832232332
ca4,nea,3.42113832232332
li2,ca1,3.42632350365251
ca1,li2,3.42632350365251
nea,ast,3.4275667774277
ast,nea,3.4275667774277
sc1,ca4,3.4287518004125
ca4,sc1,3.4287518004125
ve1,qbb,3.4340658107432
qbb,ve1,3.4340658107432
ro3,ca5,3.43546996885308
ca5,ro3,3.43546996885308
sc1,lm2,3.4389046265036
lm2,sc1,3.4389046265036
qbb,eg3,3.44010943194008
eg3,qbb,3.44010943194008
sro,nea,3.44154036086185
nea,sro,3.44154036086185
nea,ca5,3.44535091580184
ca5,nea,3.44535091580184
sro,eg2,3.44548249477886
eg2,sro,3.44548249477886
pr2,pm5,3.44661434805629
pm5,pr2,3.44661434805629
ita,ca3,3.44981191914406
ca3,ita,3.44981191914406
src,pr1,3.45323498082472
pr1,src,3.45323498082472
pm3,fra,3.45447628346911
fra,pm3,3.45447628346911
ro3,ca4,3.45502318193662
ca4,ro3,3.45502318193662
por,ca1,3.45740607980445
ca1,por,3.45740607980445
ca3,ast,3.45810904122849
ast,ca3,3.45810904122849
spa,fur,3.45888642401525
fur,spa,3.45888642401525
ro1,ca4,3.4591563670381
ca4,ro1,3.4591563670381
sro,eg3,3.45918637854602
eg3,sro,3.45918637854602
pm1,ca2,3.4594056914952
ca2,pm1,3.4594056914952
pm2,ca1,3.45981402925381
ca1,pm2,3.45981402925381
sc1,ca6,3.46068630565254
ca6,sc1,3.46068630565254
eg1,dlm,3.46666725782952
dlm,eg1,3.46666725782952
ve2,qbb,3.47075817346558
qbb,ve2,3.47075817346558
pm2,fra,3.47227462259179
fra,pm2,3.47227462259179
ro1,ca3,3.47558816889323
ca3,ro1,3.47558816889323
lm2,dlm,3.47651363284769
dlm,lm2,3.47651363284769
win,pr2,3.47923620006029
pr2,win,3.47923620006029
pm2,ca2,3.48054253714298
ca2,pm2,3.48054253714298
pr2,ita,3.48063396653857
ita,pr2,3.48063396653857
ve3,qbb,3.4826392750167
qbb,ve3,3.4826392750167
ro1,ca5,3.48341123498732
ca5,ro1,3.48341123498732
pm2,ast,3.48444138259831
ast,pm2,3.48444138259831
ve3,ca3,3.48506883187668
ca3,ve3,3.48506883187668
ve2,lat,3.48798622776954
lat,ve2,3.48798622776954
lat,eg3,3.49640028938948
eg3,lat,3.49640028938948
ron,nea,3.49667062098112
nea,ron,3.49667062098112
ll1,itg,3.49900647718672
itg,ll1,3.49900647718672
pm5,ca1,3.50017771869778
ca1,pm5,3.50017771869778
ve1,ro4,3.50175062961007
ro4,ve1,3.50175062961007
li3,ast,3.50267343688742
ast,li3,3.50267343688742
fro,eg3,3.50439295907911
eg3,fro,3.50439295907911
sc4,por,3.50766141121947
por,sc4,3.50766141121947
sc3,ro1,3.50917286519675
ro1,sc3,3.50917286519675
sc2,dlm,3.52253598914257
dlm,sc2,3.52253598914257
src,li3,3.52705187223262
li3,src,3.52705187223262
pr1,nea,3.52868131521363
nea,pr1,3.52868131521363
pr1,itf,3.53047407342342
itf,pr1,3.53047407342342
sro,lat,3.53135026932312
lat,sro,3.53135026932312
pr2,pm2,3.53350503299418
pm2,pr2,3.53350503299418
sc4,qbb,3.5338739945987
qbb,sc4,3.5338739945987
por,eg2,3.53494535411059
eg2,por,3.53494535411059
qbb,glg,3.53510919644699
glg,qbb,3.53510919644699
sc2,pr1,3.5359369368636
pr1,sc2,3.5359369368636
ro2,li1,3.53738063808315
li1,ro2,3.53738063808315
ro4,ca6,3.5392350564408
ca6,ro4,3.5392350564408
sc1,eg1,3.54067398131716
eg1,sc1,3.54067398131716
lm2,ca4,3.54530726276925
ca4,lm2,3.54530726276925
itg,ca3,3.54846458829939
ca3,itg,3.54846458829939
ll1,itf,3.55330817248927
itf,ll1,3.55330817248927
itf,ca1,3.55406748076371
ca1,itf,3.55406748076371
li1,ca1,3.55626995770591
ca1,li1,3.55626995770591
dlm,ca4,3.55641543550542
ca4,dlm,3.55641543550542
por,itf,3.55667295186865
itf,por,3.55667295186865
sro,eg4,3.55703091170095
eg4,sro,3.55703091170095
sc1,dlm,3.5615689786571
dlm,sc1,3.5615689786571
ro4,ca3,3.56177175756741
ca3,ro4,3.56177175756741
src,pm2,3.56196817904144
pm2,src,3.56196817904144
sro,qbb,3.57110969731811
qbb,sro,3.57110969731811
pr2,pm3,3.57125275893696
pm3,pr2,3.57125275893696
sc3,dlm,3.57479601780125
dlm,sc3,3.57479601780125
ro4,itg,3.57491332795679
itg,ro4,3.57491332795679
ll2,ca2,3.57640134066633
ca2,ll2,3.57640134066633
lm2,glg,3.57949953450015
glg,lm2,3.57949953450015
li2,ca2,3.58187665104666
ca2,li2,3.58187665104666
src,ca5,3.58452167811305
ca5,src,3.58452167811305
nea,lm2,3.58854579389879
lm2,nea,3.58854579389879
lm2,ca5,3.58855251291978
ca5,lm2,3.58855251291978
sc1,qbb,3.58941993198026
qbb,sc1,3.58941993198026
ron,itg,3.5905255642915
itg,ron,3.5905255642915
glg,fro,3.59301914129503
fro,glg,3.59301914129503
ve1,ca3,3.59333542031779
ca3,ve1,3.59333542031779
pm2,fro,3.59345901291359
fro,pm2,3.59345901291359
por,nea,3.59669019635865
nea,por,3.59669019635865
li2,ca6,3.59682101686234
ca6,li2,3.59682101686234
pm1,glg,3.59758578582653
glg,pm1,3.59758578582653
sc2,lm1,3.59764362531185
lm1,sc2,3.59764362531185
sc1,ca5,3.59836386069195
ca5,sc1,3.59836386069195
por,li1,3.59976754428163
li1,por,3.59976754428163
pm5,glg,3.60055791182836
glg,pm5,3.60055791182836
fur,fro,3.6016755643674
fro,fur,3.6016755643674
nea,ll2,3.6020554225583
ll2,nea,3.6020554225583
sc1,fur,3.60640602307949
fur,sc1,3.60640602307949
sc3,pr1,3.60873566647552
pr1,sc3,3.60873566647552
ro2,pm5,3.60890249283919
pm5,ro2,3.60890249283919
por,eg3,3.61649516991328
eg3,por,3.61649516991328
ro4,nea,3.61684161342016
nea,ro4,3.61684161342016
pm1,ca6,3.61938759033211
ca6,pm1,3.61938759033211
ve2,ro2,3.62050243512713
ro2,ve2,3.62050243512713
pm1,ca5,3.62171647726802
ca5,pm1,3.62171647726802
eg1,ca1,3.62204462504125
ca1,eg1,3.62204462504125
sro,glg,3.62315486076581
glg,sro,3.62315486076581
src,ll2,3.62438284382798
ll2,src,3.62438284382798
pm2,glg,3.62464581316185
glg,pm2,3.62464581316185
ro1,lm1,3.62478472807113
lm1,ro1,3.62478472807113
por,itg,3.62831360490729
itg,por,3.62831360490729
ve1,lat,3.62932560982157
lat,ve1,3.62932560982157
ro2,fur,3.63384732283325
fur,ro2,3.63384732283325
nea,ca6,3.63436289692706
ca6,nea,3.63436289692706
sc3,lm1,3.6439767639
lm1,sc3,3.6439767639
pm4,fro,3.64565808816617
fro,pm4,3.64565808816617
pm4,ca1,3.64629162638496
ca1,pm4,3.64629162638496
src,pm3,3.64667582046139
pm3,src,3.64667582046139
ll1,fro,3.6473448172903
fro,ll1,3.6473448172903
pm2,ca6,3.64832559177971
ca6,pm2,3.64832559177971
pr2,pcd,3.64943792183006
pcd,pr2,3.64943792183006
ve1,ll1,3.64993169036532
ll1,ve1,3.64993169036532
pm3,fro,3.65038732971294
fro,pm3,3.65038732971294
lm1,ca2,3.65276021649622
ca2,lm1,3.65276021649622
ro3,pm5,3.6567090003179
pm5,ro3,3.6567090003179
sc1,ll2,3.65768668031066
ll2,sc1,3.65768668031066
glg,ca3,3.65895485406822
ca3,glg,3.65895485406822
ro2,pm4,3.66176713814465
pm4,ro2,3.66176713814465
src,eg1,3.6681784967469
eg1,src,3.6681784967469
src,ca6,3.67644021597132
ca6,src,3.67644021597132
pm1,dlm,3.67746572047144
dlm,pm1,3.67746572047144
src,fur,3.68310948958419
fur,src,3.68310948958419
ito,ca3,3.68667922737374
ca3,ito,3.68667922737374
ro4,ca5,3.69096112481179
ca5,ro4,3.69096112481179
eg2,ca3,3.6909953750838
ca3,eg2,3.6909953750838
ron,dlm,3.6919843103427
dlm,ron,3.6919843103427
sro,li2,3.69702731937131
li2,sro,3.69702731937131
sc4,lm1,3.7019445221386
lm1,sc4,3.7019445221386
ro2,ca1,3.70225179639746
ca1,ro2,3.70225179639746
pm3,ca2,3.70249522710973
ca2,pm3,3.70249522710973
ve2,ca3,3.70767126398981
ca3,ve2,3.70767126398981
pm2,ca4,3.7077007523302
ca4,pm2,3.7077007523302
sc2,ca1,3.70911542104586
ca1,sc2,3.70911542104586
fro,ca3,3.70992112984766
ca3,fro,3.70992112984766
src,pm4,3.712869694961
pm4,src,3.712869694961
ro4,li1,3.71374243527933
li1,ro4,3.71374243527933
ve3,sro,3.71551909393425
sro,ve3,3.71551909393425
sc2,por,3.71573232299447
por,sc2,3.71573232299447
pm3,ca1,3.71637418411668
ca1,pm3,3.71637418411668
spa,sc2,3.719885152188
sc2,spa,3.719885152188
ro4,pm5,3.72058022003434
pm5,ro4,3.72058022003434
ve1,dlm,3.72128581915287
dlm,ve1,3.72128581915287
sc2,lm2,3.72858742326813
lm2,sc2,3.72858742326813
sc4,ca4,3.73091818994445
ca4,sc4,3.73091818994445
eg1,ca2,3.73181928202703
ca2,eg1,3.73181928202703
ro4,ca4,3.73275918803456
ca4,ro4,3.73275918803456
ro3,pr1,3.73289913958234
pr1,ro3,3.73289913958234
fro,eg4,3.73307095354302
eg4,fro,3.73307095354302
ve2,fro,3.74944789598641
fro,ve2,3.74944789598641
glg,fur,3.75291737055202
fur,glg,3.75291737055202
sc1,pm5,3.75787770974011
pm5,sc1,3.75787770974011
ll2,dlm,3.76096521843169
dlm,ll2,3.76096521843169
pm1,ca4,3.76245115022523
ca4,pm1,3.76245115022523
ll1,eg1,3.76265868476139
eg1,ll1,3.76265868476139
pm3,ast,3.76558756819469
ast,pm3,3.76558756819469
li2,ca4,3.76638866663595
ca4,li2,3.76638866663595
src,ca4,3.76780578760831
ca4,src,3.76780578760831
ve1,pr1,3.77050647262917
pr1,ve1,3.77050647262917
spa,li2,3.77260029349693
li2,spa,3.77260029349693
li2,ca5,3.77730935756845
ca5,li2,3.77730935756845
pr2,pr1,3.77917123917853
pr1,pr2,3.77917123917853
qbb,itf,3.77994527239585
itf,qbb,3.77994527239585
pm3,ca4,3.79142393209457
ca4,pm3,3.79142393209457
ro1,nea,3.79297089652347
nea,ro1,3.79297089652347
sc4,ca1,3.79324386465272
ca1,sc4,3.79324386465272
eg1,ca6,3.79343420657865
ca6,eg1,3.79343420657865
glg,eg1,3.7952779929974
eg1,glg,3.7952779929974
pr1,li3,3.79542635830591
li3,pr1,3.79542635830591
ro3,ita,3.79802451156897
ita,ro3,3.79802451156897
lm1,ca4,3.798487388677
ca4,lm1,3.798487388677
sc4,ca6,3.79915400723434
ca6,sc4,3.79915400723434
ve1,sro,3.80477252708628
sro,ve1,3.80477252708628
ro4,fur,3.80515272150576
fur,ro4,3.80515272150576
pm5,ca6,3.8061604118847
ca6,pm5,3.8061604118847
ll1,li2,3.80668997807041
li2,ll1,3.80668997807041
rup,ruo,3.81027210688202
ruo,rup,3.81027210688202
ca1,ast,3.81266255001619
ast,ca1,3.81266255001619
ro2,ita,3.81392431381393
ita,ro2,3.81392431381393
ro2,pm3,3.81503809613387
pm3,ro2,3.81503809613387
spa,sc4,3.81834564419096
sc4,spa,3.81834564419096
ve3,lat,3.81943884445361
lat,ve3,3.81943884445361
fro,ca6,3.82100717285031
ca6,fro,3.82100717285031
sc3,ca1,3.82110823966081
ca1,sc3,3.82110823966081
ll1,li3,3.82290850083936
li3,ll1,3.82290850083936
sc4,fur,3.82412201463064
fur,sc4,3.82412201463064
li1,ca6,3.82741541541205
ca6,li1,3.82741541541205
ro3,pm4,3.82903492844046
pm4,ro3,3.82903492844046
pm4,ast,3.8294497359884
ast,pm4,3.8294497359884
lat,itf,3.83052384638581
itf,lat,3.83052384638581
ro2,eg4,3.8346780046124
eg4,ro2,3.8346780046124
pm2,ca5,3.8360081580218
ca5,pm2,3.8360081580218
ro4,pm4,3.83817481684112
pm4,ro4,3.83817481684112
sc2,ca4,3.83884908683966
ca4,sc2,3.83884908683966
pm3,glg,3.84142073399148
glg,pm3,3.84142073399148
ro3,ca1,3.845044995701
ca1,ro3,3.845044995701
nea,glg,3.85216261748588
glg,nea,3.85216261748588
lm1,ca6,3.85296234292208
ca6,lm1,3.85296234292208
sc4,ll2,3.85876954395551
ll2,sc4,3.85876954395551
pr1,li2,3.85961001553534
li2,pr1,3.85961001553534
ro2,pr1,3.86484949690518
pr1,ro2,3.86484949690518
spa,li1,3.86732925313769
li1,spa,3.86732925313769
ro2,pm2,3.86866769945528
pm2,ro2,3.86866769945528
pm1,nea,3.86954295089722
nea,pm1,3.86954295089722
ro2,ito,3.8715685843369
ito,ro2,3.8715685843369
pm4,glg,3.87180676651333
glg,pm4,3.87180676651333
nea,ca3,3.87188941933899
ca3,nea,3.87188941933899
fro,fra,3.87219016760046
fra,fro,3.87219016760046
pm3,dlm,3.87311660034608
dlm,pm3,3.87311660034608
itf,ca2,3.87461587335846
ca2,itf,3.87461587335846
fur,ca1,3.87662360437319
ca1,fur,3.87662360437319
pm3,ca6,3.88235679080096
ca6,pm3,3.88235679080096
ve1,por,3.88522616785852
por,ve1,3.88522616785852
eg4,dlm,3.89164348438663
dlm,eg4,3.89164348438663
lm1,ll1,3.89914975008623
ll1,lm1,3.89914975008623
ll2,fro,3.89949516082829
fro,ll2,3.89949516082829
pm1,ll1,3.90132803135875
ll1,pm1,3.90132803135875
ro4,pr1,3.90620737922007
pr1,ro4,3.90620737922007
li1,ca2,3.90653384950832
ca2,li1,3.90653384950832
ron,ito,3.90664536031577
ito,ron,3.90664536031577
itf,ca6,3.90881850785279
ca6,itf,3.90881850785279
ro3,lm2,3.90959796820603
lm2,ro3,3.90959796820603
sc4,ca5,3.91077468333771
ca5,sc4,3.91077468333771
ro4,pm3,3.91310571382147
pm3,ro4,3.91310571382147
ro3,fur,3.91440426490934
fur,ro3,3.91440426490934
fur,ca2,3.91558907877567
ca2,fur,3.91558907877567
pm5,ca2,3.91705466532553
ca2,pm5,3.91705466532553
spa,ca1,3.92156794260588
ca1,spa,3.92156794260588
ro3,eg4,3.92187674476972
eg4,ro3,3.92187674476972
lat,glg,3.92240465367162
glg,lat,3.92240465367162
pm4,ca2,3.92389641881747
ca2,pm4,3.92389641881747
ro1,itg,3.92943750233453
itg,ro1,3.92943750233453
sc3,por,3.93041637509955
por,sc3,3.93041637509955
ita,fro,3.93055735884377
fro,ita,3.93055735884377
sc4,lat,3.93448193179693
lat,sc4,3.93448193179693
ro1,pm5,3.93847734839625
pm5,ro1,3.93847734839625
sc2,ll2,3.94122598240589
ll2,sc2,3.94122598240589
itg,ca1,3.94277846893325
ca1,itg,3.94277846893325
eg1,ca4,3.94572245143789
ca4,eg1,3.94572245143789
sc2,ca6,3.946232869267
ca6,sc2,3.946232869267
pm4,dlm,3.94685933796068
dlm,pm4,3.94685933796068
li1,ca4,3.948614760978
ca4,li1,3.948614760978
ro1,fur,3.95169606403819
fur,ro1,3.95169606403819
sc3,ca4,3.95609809323197
ca4,sc3,3.95609809323197
ve2,por,3.95990521917324
por,ve2,3.95990521917324
eg1,ca5,3.96069791240424
ca5,eg1,3.96069791240424
ro3,pm3,3.96418365828407
pm3,ro3,3.96418365828407
pm5,nea,3.96826894423413
nea,pm5,3.96826894423413
ito,fro,3.96838831699703
fro,ito,3.96838831699703
ve3,fro,3.96923106697994
fro,ve3,3.96923106697994
ita,ca1,3.97124914802774
ca1,ita,3.97124914802774
ro1,li3,3.9713179688111
li3,ro1,3.9713179688111
pm2,dlm,3.97302888419258
dlm,pm2,3.97302888419258
por,ca5,3.97334463948769
ca5,por,3.97334463948769
pm3,ca5,3.97513370936486
ca5,pm3,3.97513370936486
pr1,eg4,3.97892815357612
eg4,pr1,3.97892815357612
spa,sc1,3.98031137140301
sc1,spa,3.98031137140301
spa,itf,3.98098912959867
itf,spa,3.98098912959867
pm5,ca4,3.9836880580475
ca4,pm5,3.9836880580475
eg3,dlm,3.98468816939959
dlm,eg3,3.98468816939959
pr1,ll2,3.98481922434697
ll2,pr1,3.98481922434697
fro,ca1,3.98650860670693
ca1,fro,3.98650860670693
ro3,ll1,3.9890099653587
ll1,ro3,3.9890099653587
pr1,eg2,3.98921732668506
eg2,pr1,3.98921732668506
ll1,ita,3.99125300165309
ita,ll1,3.99125300165309
ro4,lm2,3.9975404068895
lm2,ro4,3.9975404068895
pr1,lm2,3.99814469454782
lm2,pr1,3.99814469454782
ro1,pm1,4.00969845914553
pm1,ro1,4.00969845914553
ll1,ito,4.01079929952386
ito,ll1,4.01079929952386
fro,ca4,4.01294447481482
ca4,fro,4.01294447481482
sc1,glg,4.01424129821598
glg,sc1,4.01424129821598
qbb,itg,4.01500085264511
itg,qbb,4.01500085264511
ve2,ro3,4.01792705076109
ro3,ve2,4.01792705076109
itf,ca5,4.02041238708676
ca5,itf,4.02041238708676
por,ca6,4.02164400037297
ca6,por,4.02164400037297
sc1,pm1,4.02223825806878
pm1,sc1,4.02223825806878
src,spa,4.024573779888
spa,src,4.024573779888
ro4,pm2,4.02476391416826
pm2,ro4,4.02476391416826
ve3,ro2,4.02541641274943
ro2,ve3,4.02541641274943
eg4,ca3,4.02572028938594
ca3,eg4,4.02572028938594
ro4,ll1,4.02816444358857
ll1,ro4,4.02816444358857
sc1,lat,4.02819191979193
lat,sc1,4.02819191979193
itf,ca4,4.02987972874189
ca4,itf,4.02987972874189
nea,fur,4.0310116087096
fur,nea,4.0310116087096
ro2,pm1,4.03281960179384
pm1,ro2,4.03281960179384
sc2,ast,4.03338366688458
ast,sc2,4.03338366688458
pm5,ll1,4.033656229921
ll1,pm5,4.033656229921
pm5,ca5,4.03400854200769
ca5,pm5,4.03400854200769
lm1,ca5,4.0400990066964
ca5,lm1,4.0400990066964
ro2,ll1,4.04066548792216
ll1,ro2,4.04066548792216
sc3,ca6,4.04176707545844
ca6,sc3,4.04176707545844
ito,ca1,4.04752842700667
ca1,ito,4.04752842700667
spa,ll2,4.05009256193868
ll2,spa,4.05009256193868
ro3,eg3,4.05044558034905
eg3,ro3,4.05044558034905
por,ca4,4.05575081072379
ca4,por,4.05575081072379
por,ito,4.06022208248604
ito,por,4.06022208248604
ro2,lm2,4.06267466276497
lm2,ro2,4.06267466276497
ro4,pm1,4.06311425109426
pm1,ro4,4.06311425109426
sc2,ca5,4.06690974292885
ca5,sc2,4.06690974292885
pr1,itg,4.06761051061547
itg,pr1,4.06761051061547
pr1,eg3,4.07092786995204
eg3,pr1,4.07092786995204
ro2,eg2,4.07104705455224
eg2,ro2,4.07104705455224
pm4,ca4,4.0726482339909
ca4,pm4,4.0726482339909
ro3,eg2,4.07328238307503
eg2,ro3,4.07328238307503
ro3,pm2,4.07603051046036
pm2,ro3,4.07603051046036
spa,sc3,4.08172882029246
sc3,spa,4.08172882029246
ll1,li1,4.08374791765225
li1,ll1,4.08374791765225
sc3,lm2,4.08592031353205
lm2,sc3,4.08592031353205
sc4,ast,4.08692347766766
ast,sc4,4.08692347766766
nea,li3,4.09208543050859
li3,nea,4.09208543050859
sc4,pm2,4.09393348079438
pm2,sc4,4.09393348079438
sc4,pm1,4.09416928078218
pm1,sc4,4.09416928078218
pr1,pm5,4.09658207587894
pm5,pr1,4.09658207587894
sc2,qbb,4.10631086122236
qbb,sc2,4.10631086122236
src,nea,4.10711472528755
nea,src,4.10711472528755
sc4,lm2,4.1095603175192
lm2,sc4,4.1095603175192
itf,ast,4.11061305075938
ast,itf,4.11061305075938
fro,ca5,4.1139723076485
ca5,fro,4.1139723076485
ro1,pm4,4.11441223565004
pm4,ro1,4.11441223565004
li1,ca5,4.12914932196904
ca5,li1,4.12914932196904
eg2,ca1,4.13066486789792
ca1,eg2,4.13066486789792
pr1,fro,4.13108605198407
fro,pr1,4.13108605198407
ve2,dlm,4.13142321168529
dlm,ve2,4.13142321168529
ro1,pr1,4.13463941847495
pr1,ro1,4.13463941847495
sc4,eg1,4.14601190900304
eg1,sc4,4.14601190900304
ro2,eg3,4.14704963639789
eg3,ro2,4.14704963639789
sc2,fur,4.14866197302932
fur,sc2,4.14866197302932
lat,itg,4.14919719534666
itg,lat,4.14919719534666
fur,ast,4.15059289022738
ast,fur,4.15059289022738
ro1,li1,4.15633262605033
li1,ro1,4.15633262605033
src,ast,4.1590160773397
ast,src,4.1590160773397
li3,glg,4.16062253016149
glg,li3,4.16062253016149
ro1,ca1,4.1622207100423
ca1,ro1,4.1622207100423
pm4,ca6,4.16357630537933
ca6,pm4,4.16357630537933
ve3,por,4.17937036169402
por,ve3,4.17937036169402
sc3,ca5,4.18083176678605
ca5,sc3,4.18083176678605
eg4,ca1,4.18294693701682
ca1,eg4,4.18294693701682
por,ita,4.18748715423651
ita,por,4.18748715423651
ro4,ita,4.19150288507893
ita,ro4,4.19150288507893
fur,ca4,4.19160291091821
ca4,fur,4.19160291091821
sc1,pm2,4.19515525923683
pm2,sc1,4.19515525923683
lm1,ito,4.19595000186547
ito,lm1,4.19595000186547
ve2,ro1,4.19729440118984
ro1,ve2,4.19729440118984
li2,ast,4.19802986826308
ast,li2,4.19802986826308
ve2,ro4,4.20557426579687
ro4,ve2,4.20557426579687
nea,eg1,4.20966177361572
eg1,nea,4.20966177361572
ro4,ito,4.20977552523793
ito,ro4,4.20977552523793
ve3,ro1,4.21041949125654
ro1,ve3,4.21041949125654
eg3,ca3,4.21359922697224
ca3,eg3,4.21359922697224
ruq,ruo,4.21412698859205
ruo,ruq,4.21412698859205
ro1,lm2,4.21939849212714
lm2,ro1,4.21939849212714
ll2,glg,4.21981410183821
glg,ll2,4.21981410183821
ro3,fro,4.22036558330693
fro,ro3,4.22036558330693
ro1,ito,4.22232962818973
ito,ro1,4.22232962818973
ve3,ca1,4.22737970993631
ca1,ve3,4.22737970993631
pr1,ca3,4.22831983961448
ca3,pr1,4.22831983961448
ve3,ro3,4.23090517335539
ro3,ve3,4.23090517335539
ro1,ita,4.23128713487627
ita,ro1,4.23128713487627
src,li2,4.23247743665909
li2,src,4.23247743665909
spa,eg4,4.2332386370657
eg4,spa,4.2332386370657
ro4,ca1,4.23592106372812
ca1,ro4,4.23592106372812
li3,fur,4.23950016352909
fur,li3,4.23950016352909
fur,ca5,4.24728292305804
ca5,fur,4.24728292305804
pm4,ca5,4.25712208479821
ca5,pm4,4.25712208479821
ve1,ca1,4.26995480399595
ca1,ve1,4.26995480399595
sro,itg,4.27138316833236
itg,sro,4.27138316833236
ve2,ca1,4.27901562334183
ca1,ve2,4.27901562334183
sc4,pm5,4.29176880487952
pm5,sc4,4.29176880487952
itg,dlm,4.29184425899421
dlm,itg,4.29184425899421
pm2,nea,4.29438047249746
nea,pm2,4.29438047249746
src,lat,4.29973364242291
lat,src,4.29973364242291
ll2,li3,4.30492304166267
li3,ll2,4.30492304166267
pr1,fra,4.32195262437001
fra,pr1,4.32195262437001
sro,ito,4.32225176886267
ito,sro,4.32225176886267
pr1,pm2,4.32437697387763
pm2,pr1,4.32437697387763
ll2,ca5,4.32496515400155
ca5,ll2,4.32496515400155
ll2,ca4,4.32720573139525
ca4,ll2,4.32720573139525
ll1,eg4,4.32810781658232
eg4,ll1,4.32810781658232
ro1,pm2,4.32937609886634
pm2,ro1,4.32937609886634
ll1,eg3,4.33023545895964
eg3,ll1,4.33023545895964
eg2,dlm,4.33191277351549
dlm,eg2,4.33191277351549
fur,ca6,4.3335369965509
ca6,fur,4.3335369965509
eg2,ca2,4.33802067534385
ca2,eg2,4.33802067534385
pr1,pm1,4.34189466167889
pm1,pr1,4.34189466167889
itf,glg,4.34791245435087
glg,itf,4.34791245435087
ro1,pm3,4.34918823332088
pm3,ro1,4.34918823332088
sc3,qbb,4.35639701992886
qbb,sc3,4.35639701992886
ll2,ca6,4.35712376146129
ca6,ll2,4.35712376146129
ro3,ll2,4.36748087529838
ll2,ro3,4.36748087529838
pm3,nea,4.36807924679224
nea,pm3,4.36807924679224
spa,eg2,4.37177716898634
eg2,spa,4.37177716898634
ve3,ll1,4.3720488571864
ll1,ve3,4.3720488571864
pr1,ca1,4.3729746237257
ca1,pr1,4.3729746237257
li2,glg,4.37555871592374
glg,li2,4.37555871592374
ro2,ll2,4.38150613075487
ll2,ro2,4.38150613075487
spa,ca3,4.38156211022036
ca3,spa,4.38156211022036
sc4,pm3,4.38409382130968
pm3,sc4,4.38409382130968
sc1,ast,4.38426892669939
ast,sc1,4.38426892669939
pr1,ito,4.38499076431272
ito,pr1,4.38499076431272
nea,li2,4.38754161793787
li2,nea,4.38754161793787
sc2,eg1,4.39617164594403
eg1,sc2,4.39617164594403
sc1,pm4,4.39637351214769
pm4,sc1,4.39637351214769
sc1,pm3,4.40063810704739
pm3,sc1,4.40063810704739
win,pcd,4.40181133822977
pcd,win,4.40181133822977
sc2,lat,4.40360341532908
lat,sc2,4.40360341532908
sc3,ast,4.40400824652758
ast,sc3,4.40400824652758
nea,li1,4.40505503952571
li1,nea,4.40505503952571
eg3,ca1,4.40536906175803
ca1,eg3,4.40536906175803
sc2,pm1,4.40747036940688
pm1,sc2,4.40747036940688
sc3,ll2,4.40818424791144
ll2,sc3,4.40818424791144
ro4,eg4,4.40928535475741
eg4,ro4,4.40928535475741
pr2,fra,4.41301885460564
fra,pr2,4.41301885460564
ve1,ca2,4.4136442200366
ca2,ve1,4.4136442200366
lm1,ita,4.41585203967824
ita,lm1,4.41585203967824
sro,itf,4.42128051576377
itf,sro,4.42128051576377
pm4,nea,4.42264462215879
nea,pm4,4.42264462215879
ro4,eg2,4.43065053454087
eg2,ro4,4.43065053454087
itg,ca2,4.43401432810075
ca2,itg,4.43401432810075
src,li1,4.44757417009338
li1,src,4.44757417009338
li2,fur,4.45308957069685
fur,li2,4.45308957069685
pm5,ito,4.45991289072517
ito,pm5,4.45991289072517
pr1,glg,4.46210796906527
glg,pr1,4.46210796906527
ro1,eg4,4.46371484460724
eg4,ro1,4.46371484460724
sc2,glg,4.4684823388023
glg,sc2,4.4684823388023
pm1,fur,4.46853507262934
fur,pm1,4.46853507262934
sc3,fur,4.46872073501985
fur,sc3,4.46872073501985
ro2,fro,4.46874734162922
fro,ro2,4.46874734162922
ro4,ll2,4.46890162172591
ll2,ro4,4.46890162172591
pm2,itf,4.46892232098291
itf,pm2,4.46892232098291
lm2,ito,4.46894694624974
ito,lm2,4.46894694624974
ve3,ro4,4.47117224503761
ro4,ve3,4.47117224503761
src,eg4,4.47419395515021
eg4,src,4.47419395515021
pm3,ll1,4.47706381615016
ll1,pm3,4.47706381615016
sc4,pm4,4.47943779479764
pm4,sc4,4.47943779479764
eg3,ca2,4.48219673480954
ca2,eg3,4.48219673480954
lm1,fur,4.48910961226106
fur,lm1,4.48910961226106
li1,ast,4.48955816032702
ast,li1,4.48955816032702
pr1,li1,4.49416558210314
li1,pr1,4.49416558210314
spa,eg3,4.49845387734612
eg3,spa,4.49845387734612
lm1,ll2,4.49860572386501
ll2,lm1,4.49860572386501
sc4,glg,4.49943116523993
glg,sc4,4.49943116523993
ve3,pr1,4.50009919110764
pr1,ve3,4.50009919110764
lm1,itf,4.5012554558808
itf,lm1,4.5012554558808
glg,ca1,4.50732155447438
ca1,glg,4.50732155447438
eg4,ca2,4.51454118774664
ca2,eg4,4.51454118774664
pr1,fur,4.51898447615172
fur,pr1,4.51898447615172
ve3,ca2,4.52253770890638
ca2,ve3,4.52253770890638
sc2,pm5,4.53094009750131
pm5,sc2,4.53094009750131
pr1,pm3,4.53732402308865
pm3,pr1,4.53732402308865
eg4,ast,4.53811413512921
ast,eg4,4.53811413512921
ll2,ast,4.53883548575071
ast,ll2,4.53883548575071
ll1,eg2,4.54292790178358
eg2,ll1,4.54292790178358
ron,ita,4.54861051873703
ita,ron,4.54861051873703
pm2,ll1,4.55174973583219
ll1,pm2,4.55174973583219
ro3,pm1,4.55386585250883
pm1,ro3,4.55386585250883
eg2,ast,4.56118909885038
ast,eg2,4.56118909885038
sc3,pm5,4.56782386367991
pm5,sc3,4.56782386367991
itf,fur,4.56864462109631
fur,itf,4.56864462109631
ita,ca2,4.57255741673119
ca2,ita,4.57255741673119
ito,ca2,4.58048358656959
ca2,ito,4.58048358656959
src,qbb,4.58698249658324
qbb,src,4.58698249658324
sro,ita,4.58779568874917
ita,sro,4.58779568874917
ve2,ca2,4.59122081107029
ca2,ve2,4.59122081107029
ro1,eg3,4.59319662288374
eg3,ro1,4.59319662288374
lm2,ll1,4.6123690486044
ll1,lm2,4.6123690486044
pm1,ito,4.61729097828775
ito,pm1,4.61729097828775
pr1,pm4,4.61793966871106
pm4,pr1,4.61793966871106
pr1,ita,4.63218811662596
ita,pr1,4.63218811662596
src,eg2,4.64307043090083
eg2,src,4.64307043090083
ve2,ll1,4.64544256240932
ll1,ve2,4.64544256240932
src,eg3,4.65020140268291
eg3,src,4.65020140268291
pm1,itf,4.65416330439419
itf,pm1,4.65416330439419
src,glg,4.65431283857297
glg,src,4.65431283857297
ito,dlm,4.65691259130709
dlm,ito,4.65691259130709
eg3,ast,4.65994643541878
ast,eg3,4.65994643541878
ro4,eg3,4.66799574218207
eg3,ro4,4.66799574218207
pm4,itf,4.67071818051509
itf,pm4,4.67071818051509
pm5,ll2,4.67254216112175
ll2,pm5,4.67254216112175
win,fra,4.67254742191792
fra,win,4.67254742191792
pm5,itf,4.67478139510866
itf,pm5,4.67478139510866
pr1,ast,4.67550691607142
ast,pr1,4.67550691607142
pm1,ll2,4.68014312401284
ll2,pm1,4.68014312401284
sc3,eg1,4.68144882472077
eg1,sc3,4.68144882472077
ll2,itf,4.68231947605846
itf,ll2,4.68231947605846
lm2,fur,4.68380760539758
fur,lm2,4.68380760539758
pm4,ll1,4.69162988655529
ll1,pm4,4.69162988655529
pm3,itf,4.69689995158991
itf,pm3,4.69689995158991
ve2,pr1,4.6999220568855
pr1,ve2,4.6999220568855
sc3,lat,4.7008880487248
lat,sc3,4.7008880487248
pr1,ca2,4.7121117810593
ca2,pr1,4.7121117810593
fur,dlm,4.71217438372225
dlm,fur,4.71217438372225
ll2,eg1,4.71452229901611
eg1,ll2,4.71452229901611
pm5,fur,4.71683616333255
fur,pm5,4.71683616333255
sc1,li2,4.71688781037373
li2,sc1,4.71688781037373
ro1,ll1,4.71798337419881
ll1,ro1,4.71798337419881
li1,glg,4.73099387399449
glg,li1,4.73099387399449
nea,eg4,4.736267517054
eg4,nea,4.736267517054
itg,ca6,4.74633055322957
ca6,itg,4.74633055322957
ve3,dlm,4.77659537185769
dlm,ve3,4.77659537185769
ve1,nea,4.77945268386477
nea,ve1,4.77945268386477
fur,eg1,4.78000471255236
eg1,fur,4.78000471255236
li1,fur,4.78176521544027
fur,li1,4.78176521544027
li3,ito,4.7874215233817
ito,li3,4.7874215233817
ro1,eg2,4.79367907402751
eg2,ro1,4.79367907402751
sc3,pm1,4.81186799724703
pm1,sc3,4.81186799724703
sc1,li3,4.81562101967607
li3,sc1,4.81562101967607
pr1,ca5,4.81687377959401
ca5,pr1,4.81687377959401
itg,ca5,4.82752957857589
ca5,itg,4.82752957857589
ll2,li1,4.82763817178079
li1,ll2,4.82763817178079
pr1,ca4,4.831870971692
ca4,pr1,4.831870971692
ito,fur,4.8380369766168
fur,ito,4.8380369766168
ve1,ca6,4.83903682504716
ca6,ve1,4.83903682504716
ca2,ast,4.85233099323685
ast,ca2,4.85233099323685
sc2,pm2,4.86274755155567
pm2,sc2,4.86274755155567
ve1,ca4,4.86511491543385
ca4,ve1,4.86511491543385
pm2,fur,4.8844335525282
fur,pm2,4.8844335525282
pm3,fur,4.8870835575669
fur,pm3,4.8870835575669
sc2,pm3,4.90461957757582
pm3,sc2,4.90461957757582
sc1,eg3,4.91318184264482
eg3,sc1,4.91318184264482
sc3,glg,4.92029802441323
glg,sc3,4.92029802441323
sc1,li1,4.93326307453072
li1,sc1,4.93326307453072
li3,eg1,4.93350767647124
eg1,li3,4.93350767647124
pm1,eg1,4.94224787754827
eg1,pm1,4.94224787754827
pr1,ca6,4.94371077726983
ca6,pr1,4.94371077726983
nea,ca1,4.95304265805179
ca1,nea,4.95304265805179
qbb,ita,4.95919740575234
ita,qbb,4.95919740575234
ve2,src,4.9659921962778
src,ve2,4.9659921962778
ve2,spa,4.96646468055384
spa,ve2,4.96646468055384
ita,ca6,4.96678889881479
ca6,ita,4.96678889881479
spa,itg,4.97121784990639
itg,spa,4.97121784990639
sc1,eg4,4.97154609345734
eg4,sc1,4.97154609345734
sc2,pm4,4.9775124273713
pm4,sc2,4.9775124273713
lm2,ita,4.98273013354895
ita,lm2,4.98273013354895
ll2,li2,4.98516990864653
li2,ll2,4.98516990864653
ve2,sc1,4.98627896567361
sc1,ve2,4.98627896567361
ve1,src,4.99610556313393
src,ve1,4.99610556313393
ve1,lm2,5.0229223934055
lm2,ve1,5.0229223934055
pm4,fur,5.02528635342377
fur,pm4,5.02528635342377
sc3,pm2,5.02826742771664
pm2,sc3,5.02826742771664
glg,eg4,5.03079682242695
eg4,glg,5.03079682242695
ito,ca6,5.03450491246658
ca6,ito,5.03450491246658
ve3,src,5.03767836035338
src,ve3,5.03767836035338
ita,ca5,5.04347238286208
ca5,ita,5.04347238286208
li3,itf,5.06609970598634
itf,li3,5.06609970598634
ve3,spa,5.0741965970534
spa,ve3,5.0741965970534
ve2,nea,5.08120714267991
nea,ve2,5.08120714267991
itg,fur,5.08741435997634
fur,itg,5.08741435997634
nea,eg3,5.10075113020802
eg3,nea,5.10075113020802
ve1,ca5,5.10094856016262
ca5,ve1,5.10094856016262
pm2,ito,5.11239668048792
ito,pm2,5.11239668048792
li3,ita,5.12474800751365
ita,li3,5.12474800751365
pm3,ll2,5.12483615572891
ll2,pm3,5.12483615572891
ito,ca4,5.12774322341035
ca4,ito,5.12774322341035
lm2,eg1,5.12844562642668
eg1,lm2,5.12844562642668
pm2,ll2,5.12951526582381
ll2,pm2,5.12951526582381
lm2,itg,5.13195006398677
itg,lm2,5.13195006398677
itg,ca4,5.14155279554203
ca4,itg,5.14155279554203
ro4,fro,5.14329398082606
fro,ro4,5.14329398082606
glg,ca2,5.14438585080919
ca2,glg,5.14438585080919
lm1,itg,5.15809327891842
itg,lm1,5.15809327891842
ve1,spa,5.16050791621862
spa,ve1,5.16050791621862
ro1,ll2,5.16280569296189
ll2,ro1,5.16280569296189
lm2,itf,5.1648136395479
itf,lm2,5.1648136395479
eg4,ca6,5.16552147786479
ca6,eg4,5.16552147786479
sc3,pm3,5.16588553728587
pm3,sc3,5.16588553728587
qbb,ito,5.1672070066066
ito,qbb,5.1672070066066
ita,fur,5.16840726389094
fur,ita,5.16840726389094
lm1,li2,5.17480268212856
li2,lm1,5.17480268212856
spa,por,5.18360502684294
por,spa,5.18360502684294
glg,eg2,5.18901777838454
eg2,glg,5.18901777838454
lat,ito,5.19062404614243
ito,lat,5.19062404614243
ve1,fur,5.19502605339666
fur,ve1,5.19502605339666
eg2,ca6,5.19743387531852
ca6,eg2,5.19743387531852
ito,ca5,5.19933838583634
ca5,ito,5.19933838583634
eg3,ca6,5.20942644322748
ca6,eg3,5.20942644322748
sc3,pm4,5.2333628313063
pm4,sc3,5.2333628313063
fur,eg4,5.24333729607024
eg4,fur,5.24333729607024
sc4,li2,5.24989911437332
li2,sc4,5.24989911437332
pm5,ita,5.25494105606328
ita,pm5,5.25494105606328
itg,ast,5.26001380950749
ast,itg,5.26001380950749
ita,ca4,5.26163030542681
ca4,ita,5.26163030542681
pm1,itg,5.27226891554472
itg,pm1,5.27226891554472
glg,eg3,5.27340198391827
eg3,glg,5.27340198391827
eg3,ca4,5.27462293555975
ca4,eg3,5.27462293555975
ve1,ast,5.2755523930825
ast,ve1,5.2755523930825
eg2,ca4,5.28648455676605
ca4,eg2,5.28648455676605
ve3,ca6,5.28650772228476
ca6,ve3,5.28650772228476
lm1,eg1,5.29332962344291
eg1,lm1,5.29332962344291
pm4,ll2,5.31302103422672
ll2,pm4,5.31302103422672
sc4,li1,5.31858876094834
li1,sc4,5.31858876094834
ve3,ca4,5.32048829898169
ca4,ve3,5.32048829898169
ve2,ca6,5.32835275665912
ca6,ve2,5.32835275665912
lat,ita,5.33257141471555
ita,lat,5.33257141471555
ita,dlm,5.33843839098132
dlm,ita,5.33843839098132
sc4,li3,5.3407802871931
li3,sc4,5.3407802871931
eg4,ca4,5.34268047133782
ca4,eg4,5.34268047133782
pm1,ita,5.34612498851678
ita,pm1,5.34612498851678
sc4,eg3,5.35196456169205
eg3,sc4,5.35196456169205
itg,glg,5.35226610978452
glg,itg,5.35226610978452
itf,eg1,5.35573961190139
eg1,itf,5.35573961190139
sc2,eg4,5.35810244619065
eg4,sc2,5.35810244619065
ve3,ast,5.35882322751341
ast,ve3,5.35882322751341
lm2,li2,5.35935500778433
li2,lm2,5.35935500778433
ve3,nea,5.36330516790072
nea,ve3,5.36330516790072
lm2,ll2,5.37971329262045
ll2,lm2,5.37971329262045
pm2,itg,5.38062091902389
itg,pm2,5.38062091902389
eg3,ca5,5.38372942935837
ca5,eg3,5.38372942935837
ve2,ca4,5.38517247097891
ca4,ve2,5.38517247097891
sc1,eg2,5.387741401455
eg2,sc1,5.387741401455
ll2,itg,5.38804231430586
itg,ll2,5.38804231430586
li3,itg,5.39001749420044
itg,li3,5.39001749420044
li3,eg4,5.39551927375979
eg4,li3,5.39551927375979
eg2,ca5,5.40418355997418
ca5,eg2,5.40418355997418
li2,eg2,5.41474095243993
eg2,li2,5.41474095243993
ve1,ll2,5.41920885614915
ll2,ve1,5.41920885614915
nea,eg2,5.42076584979609
eg2,nea,5.42076584979609
eg4,ca5,5.42196797769802
ca5,eg4,5.42196797769802
pm3,ito,5.42818718869225
ito,pm3,5.42818718869225
ro1,fro,5.43526350822541
fro,ro1,5.43526350822541
pm5,itg,5.43986313648956
itg,pm5,5.43986313648956
sc4,eg4,5.44233856680832
eg4,sc4,5.44233856680832
src,sc1,5.45772282012999
sc1,src,5.45772282012999
li1,eg1,5.46058563598091
eg1,li1,5.46058563598091
sro,sc1,5.47137127072292
sc1,sro,5.47137127072292
sro,sc2,5.47268115181984
sc2,sro,5.47268115181984
pm4,ito,5.48252393771014
ito,pm4,5.48252393771014
lm1,li3,5.48966390156699
li3,lm1,5.48966390156699
ve3,ca5,5.49518249770461
ca5,ve3,5.49518249770461
pm3,itg,5.49809227230026
itg,pm3,5.49809227230026
pm1,lm1,5.50085840731389
lm1,pm1,5.50085840731389
li2,eg1,5.52619779545869
eg1,li2,5.52619779545869
sro,sc4,5.53056698213079
sc4,sro,5.53056698213079
fur,eg3,5.53137454970448
eg3,fur,5.53137454970448
por,ast,5.53981893715852
ast,por,5.53981893715852
pcd,fra,5.54099281513324
fra,pcd,5.54099281513324
itf,eg4,5.55087656435614
eg4,itf,5.55087656435614
ve1,lm1,5.55154302914308
lm1,ve1,5.55154302914308
ll1,fur,5.55759442263422
fur,ll1,5.55759442263422
ve2,ca5,5.58108441155852
ca5,ve2,5.58108441155852
ve1,sc1,5.58623231288544
sc1,ve1,5.58623231288544
sc2,eg3,5.59223082609968
eg3,sc2,5.59223082609968
sro,sc3,5.59270020462372
sc3,sro,5.59270020462372
sc4,eg2,5.59576479950189
eg2,sc4,5.59576479950189
fur,eg2,5.59744196339772
eg2,fur,5.59744196339772
ll2,fur,5.59951354746588
fur,ll2,5.59951354746588
ve2,ast,5.60405726939533
ast,ve2,5.60405726939533
ll2,eg4,5.60516280952132
eg4,ll2,5.60516280952132
li2,eg4,5.60698237401589
eg4,li2,5.60698237401589
ve3,sc1,5.62263959691707
sc1,ve3,5.62263959691707
sc2,li2,5.6266303412173
li2,sc2,5.6266303412173
ve2,sc2,5.62707273832718
sc2,ve2,5.62707273832718
ll2,ito,5.62766850363902
ito,ll2,5.62766850363902
ve1,pm1,5.62769959822047
pm1,ve1,5.62769959822047
pm1,li2,5.6306287468755
li2,pm1,5.6306287468755
li3,eg2,5.64846606736646
eg2,li3,5.64846606736646
sc2,li3,5.65425567174045
li3,sc2,5.65425567174045
pm2,eg1,5.66262644551943
eg1,pm2,5.66262644551943
ito,ast,5.69047696753129
ast,ito,5.69047696753129
pm4,itg,5.69446327273645
itg,pm4,5.69446327273645
ruo,ron,5.70189677660541
ron,ruo,5.70189677660541
pm1,eg2,5.70313015209496
eg2,pm1,5.70313015209496
src,itf,5.7046447032789
itf,src,5.7046447032789
ve3,fur,5.70778535298564
fur,ve3,5.70778535298564
pm4,eg1,5.72955245920854
eg1,pm4,5.72955245920854
pm5,eg1,5.73062058458396
eg1,pm5,5.73062058458396
spa,ito,5.73127237596312
ito,spa,5.73127237596312
ve2,sc4,5.73425982808942
sc4,ve2,5.73425982808942
spa,ita,5.73452522595787
ita,spa,5.73452522595787
ll2,ita,5.73802972904357
ita,ll2,5.73802972904357
ca6,ast,5.75106376982259
ast,ca6,5.75106376982259
ve3,li3,5.75470398682745
li3,ve3,5.75470398682745
sc3,li3,5.76951944506989
li3,sc3,5.76951944506989
lm2,li3,5.76991884647429
li3,lm2,5.76991884647429
ve3,glg,5.78818905187837
glg,ve3,5.78818905187837
pm3,eg1,5.79664310318068
eg1,pm3,5.79664310318068
src,sc4,5.80882201132387
sc4,src,5.80882201132387
ruq,ron,5.81309615555284
ron,ruq,5.81309615555284
sc3,eg4,5.81310110368493
eg4,sc3,5.81310110368493
li3,eg3,5.81541255674898
eg3,li3,5.81541255674898
pm1,li3,5.81955579322349
li3,pm1,5.81955579322349
ca4,ast,5.82316053731662
ast,ca4,5.82316053731662
ca5,ast,5.8332757194734
ast,ca5,5.8332757194734
ve3,lm1,5.84017793689694
lm1,ve3,5.84017793689694
sc3,li2,5.84026010470859
li2,sc3,5.84026010470859
li2,itf,5.84770546365636
itf,li2,5.84770546365636
ll2,eg3,5.84877983600812
eg3,ll2,5.84877983600812
ve1,glg,5.84976054501639
glg,ve1,5.84976054501639
pm2,ita,5.85789305028722
ita,pm2,5.85789305028722
spa,ca2,5.86381520016191
ca2,spa,5.86381520016191
sc2,li1,5.88019981930613
li1,sc2,5.88019981930613
ll2,eg2,5.90390098856118
eg2,ll2,5.90390098856118
nea,itf,5.90651489653063
itf,nea,5.90651489653063
itf,eg2,5.91620924765388
eg2,itf,5.91620924765388
nea,ita,5.91839712798554
ita,nea,5.91839712798554
ve2,glg,5.92141617422389
glg,ve2,5.92141617422389
lm1,li1,5.92317060666148
li1,lm1,5.92317060666148
ve3,sc4,5.92509542068098
sc4,ve3,5.92509542068098
sc3,eg3,5.92622755167216
eg3,sc3,5.92622755167216
ve2,li3,5.92958276468231
li3,ve2,5.92958276468231
sc2,eg2,5.94132905493106
eg2,sc2,5.94132905493106
nea,itg,5.94882085747902
itg,nea,5.94882085747902
glg,ca6,5.9614172633872
ca6,glg,5.9614172633872
li2,ita,5.9664565115703
ita,li2,5.9664565115703
ita,eg1,5.97173747164663
eg1,ita,5.97173747164663
ve3,sc2,5.9844843059193
sc2,ve3,5.9844843059193
ve2,pm1,5.98775765935407
pm1,ve2,5.98775765935407
ito,eg1,5.98824339674685
eg1,ito,5.98824339674685
ito,glg,6.00074809421244
glg,ito,6.00074809421244
glg,ca4,6.01742210122852
ca4,glg,6.01742210122852
ve1,sc4,6.01764915545409
sc4,ve1,6.01764915545409
sc3,li1,6.02691401747446
li1,sc3,6.02691401747446
ve1,sc2,6.04539839964787
sc2,ve1,6.04539839964787
pm2,lm1,6.0495492989905
lm1,pm2,6.0495492989905
ve2,fur,6.05633600781012
fur,ve2,6.05633600781012
ve3,itf,6.06127441438189
itf,ve3,6.06127441438189
pm3,ita,6.06393315066396
ita,pm3,6.06393315066396
pm2,eg2,6.06394238426127
eg2,pm2,6.06394238426127
sc1,itf,6.07449639213567
itf,sc1,6.07449639213567
li2,ito,6.07494720955458
ito,li2,6.07494720955458
ita,glg,6.07697545976408
glg,ita,6.07697545976408
li2,eg3,6.08361241104276
eg3,li2,6.08361241104276
ve2,sc3,6.08445771346594
sc3,ve2,6.08445771346594
ita,ast,6.09845852837322
ast,ita,6.09845852837322
ve2,lm1,6.1071468126683
lm1,ve2,6.1071468126683
nea,ito,6.10727789296454
ito,nea,6.10727789296454
ve2,pm2,6.11032912622229
pm2,ve2,6.11032912622229
pm2,lm2,6.12322705476666
lm2,pm2,6.12322705476666
pm4,lm1,6.1322947567875
lm1,pm4,6.1322947567875
sc4,ito,6.14540130402262
ito,sc4,6.14540130402262
src,itg,6.17440074962348
itg,src,6.17440074962348
sc4,itf,6.18034349229979
itf,sc4,6.18034349229979
ve3,pm1,6.18534924141582
pm1,ve3,6.18534924141582
ve2,li2,6.18855719246033
li2,ve2,6.18855719246033
li1,ito,6.18919330963535
ito,li1,6.18919330963535
ve2,lm2,6.19632534879193
lm2,ve2,6.19632534879193
ve3,lm2,6.19661653475203
lm2,ve3,6.19661653475203
pm5,eg2,6.20647156027537
eg2,pm5,6.20647156027537
itf,eg3,6.20921065927692
eg3,itf,6.20921065927692
lm2,eg3,6.21700965978974
eg3,lm2,6.21700965978974
ve1,pm2,6.22694984186093
pm2,ve1,6.22694984186093
pm4,ita,6.24241386110552
ita,pm4,6.24241386110552
lm2,li1,6.24301359500294
li1,lm2,6.24301359500294
pm3,eg2,6.25029133633828
eg2,pm3,6.25029133633828
ito,eg4,6.25992561479708
eg4,ito,6.25992561479708
pm1,li1,6.27376294532724
li1,pm1,6.27376294532724
src,sc2,6.27875389883862
sc2,src,6.27875389883862
pm3,lm1,6.2801801777868
lm1,pm3,6.2801801777868
ve1,itf,6.28798644610404
itf,ve1,6.28798644610404
sc1,ito,6.29998797694931
ito,sc1,6.29998797694931
ve3,ll2,6.30881880386734
ll2,ve3,6.30881880386734
ve3,li2,6.31818218477095
li2,ve3,6.31818218477095
pm1,eg4,6.32521553520007
eg4,pm1,6.32521553520007
lm2,eg2,6.32752457676637
eg2,lm2,6.32752457676637
glg,ca5,6.33352872180418
ca5,glg,6.33352872180418
pm4,eg2,6.35423428668235
eg2,pm4,6.35423428668235
lm2,eg4,6.3653544621076
eg4,lm2,6.3653544621076
sc4,nea,6.366347570995
nea,sc4,6.366347570995
itg,eg1,6.37249193960644
eg1,itg,6.37249193960644
li2,itg,6.37551180321081
itg,li2,6.37551180321081
ve2,itf,6.38475428117536
itf,ve2,6.38475428117536
pm4,lm2,6.38842491161326
lm2,pm4,6.38842491161326
pm1,lm2,6.39200252209554
lm2,pm1,6.39200252209554
li1,eg2,6.39248128209901
eg2,li1,6.39248128209901
sc1,itg,6.40794790638314
itg,sc1,6.40794790638314
sc3,eg2,6.4145647597462
eg2,sc3,6.4145647597462
li1,eg4,6.41521539207109
eg4,li1,6.41521539207109
li1,itf,6.42856696916396
itf,li1,6.42856696916396
pm4,li3,6.43454478909017
li3,pm4,6.43454478909017
src,ita,6.43973790169365
ita,src,6.43973790169365
ruq,rup,6.44834937402669
rup,ruq,6.44834937402669
sc4,ita,6.4514148468179
ita,sc4,6.4514148468179
ve3,sc3,6.45242434870558
sc3,ve3,6.45242434870558
pm2,eg4,6.47661489934748
eg4,pm2,6.47661489934748
itg,eg4,6.48484407318338
eg4,itg,6.48484407318338
pm5,li2,6.49024104088013
li2,pm5,6.49024104088013
sc1,nea,6.4913287096353
nea,sc1,6.4913287096353
sc4,itg,6.5044407838849
itg,sc4,6.5044407838849
pm5,eg4,6.50832664335587
eg4,pm5,6.50832664335587
ito,eg3,6.50967912532116
eg3,ito,6.50967912532116
ve1,pm5,6.54767180275746
pm5,ve1,6.54767180275746
src,sc3,6.5582357158175
sc3,src,6.5582357158175
ve1,pm3,6.56373979110548
pm3,ve1,6.56373979110548
ve1,pm4,6.58106288369742
pm4,ve1,6.58106288369742
lm1,eg2,6.58160124142273
eg2,lm1,6.58160124142273
pm1,eg3,6.58401784387415
eg3,pm1,6.58401784387415
ita,eg4,6.59153704377197
eg4,ita,6.59153704377197
pm3,lm2,6.59298846981369
lm2,pm3,6.59298846981369
ve2,li1,6.61115796294096
li1,ve2,6.61115796294096
pm3,li2,6.61862651384341
li2,pm3,6.61862651384341
pm5,eg3,6.62649950622991
eg3,pm5,6.62649950622991
pm4,li2,6.63279403255373
li2,pm4,6.63279403255373
ve1,sc3,6.63359126760764
sc3,ve1,6.63359126760764
pm5,li3,6.64746829400289
li3,pm5,6.64746829400289
lm1,eg3,6.65083376269929
eg3,lm1,6.65083376269929
pm3,li3,6.6799543916485
li3,pm3,6.6799543916485
src,ito,6.69603552246833
ito,src,6.69603552246833
ve1,eg1,6.7029361851607
eg1,ve1,6.7029361851607
pm2,eg3,6.70507547759019
eg3,pm2,6.70507547759019
lm1,eg4,6.70609522097031
eg4,lm1,6.70609522097031
ve2,pm4,6.71795827265518
pm4,ve2,6.71795827265518
ve3,pm2,6.72698163616882
pm2,ve3,6.72698163616882
ve2,pm3,6.72812491634253
pm3,ve2,6.72812491634253
ve2,ll2,6.73145326666956
ll2,ve2,6.73145326666956
pm2,li2,6.75053937830063
li2,pm2,6.75053937830063
li1,itg,6.76456652236156
itg,li1,6.76456652236156
ve3,li1,6.76506742048471
li1,ve3,6.76506742048471
ve1,li3,6.77077849884456
li3,ve1,6.77077849884456
pm2,li3,6.77565033897099
li3,pm2,6.77565033897099
spa,ca5,6.78707803172962
ca5,spa,6.78707803172962
li1,ita,6.79116020008871
ita,li1,6.79116020008871
ve2,eg1,6.81331351625053
eg1,ve2,6.81331351625053
spa,ca4,6.81885721251293
ca4,spa,6.81885721251293
ito,eg2,6.82477450898637
eg2,ito,6.82477450898637
ve2,pm5,6.84048815580264
pm5,ve2,6.84048815580264
li1,eg3,6.85987445197392
eg3,li1,6.85987445197392
ve3,pm5,6.87223916406242
pm5,ve3,6.87223916406242
pm3,eg3,6.87597823049705
eg3,pm3,6.87597823049705
pm4,eg4,6.89089123963433
eg4,pm4,6.89089123963433
rup,ron,6.89250496462606
ron,rup,6.89250496462606
sro,src,6.89460397074875
src,sro,6.89460397074875
pm4,eg3,6.90827305147247
eg3,pm4,6.90827305147247
sc2,itf,6.91490426441091
itf,sc2,6.91490426441091
por,glg,6.94409913969773
glg,por,6.94409913969773
sc2,nea,6.94743491951795
nea,sc2,6.94743491951795
itg,eg2,6.95971430481765
eg2,itg,6.95971430481765
ve3,pm3,6.97669757889442
pm3,ve3,6.97669757889442
sc1,ita,6.9867316984664
ita,sc1,6.9867316984664
ll2,ll1,6.99080614715571
ll1,ll2,6.99080614715571
spa,ca6,7.02592144005749
ca6,spa,7.02592144005749
pm3,eg4,7.04856098904059
eg4,pm3,7.04856098904059
sc3,itf,7.05475957180098
itf,sc3,7.05475957180098
sc2,ito,7.06128796611466
ito,sc2,7.06128796611466
sc3,nea,7.09076898366924
nea,sc3,7.09076898366924
sc2,ita,7.108628955562
ita,sc2,7.108628955562
eg4,eg1,7.11256470546893
eg1,eg4,7.11256470546893
ve1,li1,7.12733823086085
li1,ve1,7.12733823086085
pm2,li1,7.18516068329046
li1,pm2,7.18516068329046
ve3,eg1,7.18696566398491
eg1,ve3,7.18696566398491
ita,eg3,7.20876370026146
eg3,ita,7.20876370026146
pm5,li1,7.21188751607894
li1,pm5,7.21188751607894
ca6,ca3,7.21468251165309
ca3,ca6,7.21468251165309
sc3,ito,7.21613266638447
ito,sc3,7.21613266638447
ita,eg2,7.24700196834021
eg2,ita,7.24700196834021
ve3,pm4,7.26124666715387
pm4,ve3,7.26124666715387
itg,eg3,7.27884662247288
eg3,itg,7.27884662247288
pm5,pm1,7.30420342465717
pm1,pm5,7.30420342465717
ca6,ca1,7.33339956170361
ca1,ca6,7.33339956170361
eg2,eg1,7.35347939140029
eg1,eg2,7.35347939140029
pm3,li1,7.36582047196267
li1,pm3,7.36582047196267
pm4,li1,7.37491051009896
li1,pm4,7.37491051009896
ca5,ca1,7.37724302856459
ca1,ca5,7.37724302856459
ve2,ito,7.4059314705912
ito,ve2,7.4059314705912
pm5,lm1,7.41093689678685
lm1,pm5,7.41093689678685
lm2,lm1,7.41209738653923
lm1,lm2,7.41209738653923
sc2,itg,7.42632987036207
itg,sc2,7.42632987036207
eg3,eg1,7.48101226778317
eg1,eg3,7.48101226778317
pm5,lm2,7.48530163531591
lm2,pm5,7.48530163531591
ito,itf,7.51237288440733
itf,ito,7.51237288440733
ca5,ca3,7.51754254066992
ca3,ca5,7.51754254066992
ca4,ca3,7.58015787219156
ca3,ca4,7.58015787219156
ca4,ca1,7.59183689975048
ca1,ca4,7.59183689975048
ve1,eg4,7.61636034049259
eg4,ve1,7.61636034049259
ca3,ca2,7.63026751078576
ca2,ca3,7.63026751078576
ve3,itg,7.63913356851791
itg,ve3,7.63913356851791
sc3,ita,7.67682914926176
ita,sc3,7.67682914926176
sc3,itg,7.68708035998264
itg,sc3,7.68708035998264
ve2,itg,7.69973728117108
itg,ve2,7.69973728117108
ve1,li2,7.70206932213901
li2,ve1,7.70206932213901
ve2,ita,7.72292047985978
ita,ve2,7.72292047985978
ve3,eg4,7.73093409827926
eg4,ve3,7.73093409827926
ve1,eg2,7.81216820420397
eg2,ve1,7.81216820420397
ve2,eg4,7.84057313329235
eg4,ve2,7.84057313329235
itf,ita,7.86285641271323
ita,itf,7.86285641271323
ve3,eg2,7.91385902297177
eg2,ve3,7.91385902297177
ve2,eg2,8.01382706295488
eg2,ve2,8.01382706295488
ve3,ito,8.08926736478376
ito,ve3,8.08926736478376
spa,glg,8.11228203619791
glg,spa,8.11228203619791
ca2,ca1,8.18291178548032
ca1,ca2,8.18291178548032
pm5,pm4,8.21613758255306
pm4,pm5,8.21613758255306
ro4,ro3,8.23387971434909
ro3,ro4,8.23387971434909
ve1,itg,8.26151304688935
itg,ve1,8.26151304688935
ve1,ito,8.29641251113292
ito,ve1,8.29641251113292
ve1,eg3,8.30012864245332
eg3,ve1,8.30012864245332
pm5,pm2,8.30076816310989
pm2,pm5,8.30076816310989
ve2,eg3,8.35765450815355
eg3,ve2,8.35765450815355
itg,itf,8.38185387916202
itf,itg,8.38185387916202
ve3,eg3,8.38669150401617
eg3,ve3,8.38669150401617
pm5,pm3,8.39627345891161
pm3,pm5,8.39627345891161
ve3,ita,8.44441629270028
ita,ve3,8.44441629270028
ro4,ro2,8.45938628369888
ro2,ro4,8.45938628369888
ro3,ro2,8.53587218322179
ro2,ro3,8.53587218322179
ve1,ita,8.54017886528188
ita,ve1,8.54017886528188
glg,ast,8.59265548028499
ast,glg,8.59265548028499
ca3,ca1,8.62681661707596
ca1,ca3,8.62681661707596
ro3,ro1,8.76579899637471
ro1,ro3,8.76579899637471
eg4,eg2,8.77701974768855
eg2,eg4,8.77701974768855
li3,li1,8.96848611611606
li1,li3,8.96848611611606
ro4,ro1,9.13787320491201
ro1,ro4,9.13787320491201
eg3,eg2,9.25815683115658
eg2,eg3,9.25815683115658
pm4,pm1,9.32860181448712
pm1,pm4,9.32860181448712
ve2,ve1,9.3846500522991
ve1,ve2,9.3846500522991
li3,li2,9.5410825451889
li2,li3,9.5410825451889
pm2,pm1,9.66630377871108
pm1,pm2,9.66630377871108
ve3,ve1,9.68874081416877
ve1,ve3,9.68874081416877
ca6,ca2,9.75987071361818
ca2,ca6,9.75987071361818
ito,itg,9.81824439128124
itg,ito,9.81824439128124
spa,ast,9.81880151077081
ast,spa,9.81880151077081
ro2,ro1,9.83703014345719
ro1,ro2,9.83703014345719
pm3,pm1,9.85977065468785
pm1,pm3,9.85977065468785
ca5,ca2,10.0237351699592
ca2,ca5,10.0237351699592
li2,li1,10.1855213403199
li1,li2,10.1855213403199
ca4,ca2,10.2591802976561
ca2,ca4,10.2591802976561
eg4,eg3,10.4397716717005
eg3,eg4,10.4397716717005
pm4,pm2,10.6094306946949
pm2,pm4,10.6094306946949
sc4,sc2,10.6229040116192
sc2,sc4,10.6229040116192
ve3,ve2,10.6313963126874
ve2,ve3,10.6313963126874
pm4,pm3,10.7496406207727
pm3,pm4,10.7496406207727
pm3,pm2,10.8265484550885
pm2,pm3,10.8265484550885
ca6,ca4,10.8568082341427
ca4,ca6,10.8568082341427
sc2,sc1,11.0904446958601
sc1,sc2,11.0904446958601
ca5,ca4,11.1296855139246
ca4,ca5,11.1296855139246
itg,ita,11.20558481481
ita,itg,11.20558481481
sc4,sc3,11.3749576404747
sc3,sc4,11.3749576404747
ca6,ca5,11.4962041752383
ca5,ca6,11.4962041752383
ito,ita,11.5670387011369
ita,ito,11.5670387011369
sc4,sc1,11.5854128673172
sc1,sc4,11.5854128673172
sc3,sc1,11.9091736585285
sc1,sc3,11.9091736585285
sc3,sc2,12.541570343979
sc2,sc3,12.541570343979
qbb,lat,13.1940828225962
lat,qbb,13.1940828225962
