L1,L2,NWND,Cluster_Number
src,spa,5.42434836591106,1
spa,src,5.42434836591108,1
ve2,dlm,5.43016286624468,1
dlm,ve2,5.43016286624469,1
fur,sc2,5.43036619474537,1
sc2,fur,5.43036619474538,1
eg3,ca1,5.43253089769437,1
ca1,eg3,5.43253089769438,1
eg3,ro2,5.43403069001178,1
ro2,eg3,5.43403069001179,1
ito,pm5,5.43435890218054,1
pm5,ito,5.43435890218056,1
ro2,eg2,5.43535577760702,1
eg2,ro2,5.43535577760702,1
qbb,sc2,5.4385297508036,1
sc2,qbb,5.43852975080362,1
sc4,pm1,5.44046316076141,1
pm1,sc4,5.44046316076141,1
pm2,ro3,5.4429431331654,1
ro3,pm2,5.44294313316541,1
pr2,pm4,5.4436250552615,1
li3,pr1,5.44484236090802,1
pr1,li3,5.44484236090803,1
pm1,ro2,5.44623344613515,1
ro2,pm1,5.44623344613516,1
ro4,ca1,5.44733648244421,1
ca1,ro4,5.44733648244421,1
pr1,ll2,5.44853865577029,1
ll2,pr1,5.44853865577029,1
glg,pm4,5.45183866103278,1
pm1,ro4,5.45592727167924,1
ro4,pm1,5.45592727167925,1
ro1,pm4,5.45805090211376,1
sc4,pm5,5.45905702364583,1
pm5,sc4,5.45905702364586,1
li1,ca5,5.45962572438089,1
ca5,li1,5.45962572438089,1
eg3,ca3,5.45990697981799,1
ca3,eg3,5.459906979818,1
eg4,ro3,5.46111047462301,1
ro3,eg4,5.46111047462302,1
ve2,nea,5.46407021354159,1
nea,ve2,5.46407021354159,1
lm2,ro1,5.46416192783761,1
ro1,lm2,5.46416192783762,1
ve2,ro3,5.46556798657219,1
ro3,ve2,5.46556798657221,1
ve2,ro4,5.46660572957501,1
ro4,ve2,5.46660572957502,1
sc1,pm4,5.46727825745935,1
ro1,pm1,5.4679005956175,1
pm1,ro1,5.4679005956175,1
sc4,lm2,5.46869607329106,1
lm2,sc4,5.46869607329107,1
pm4,ro2,5.4696273833505,1
win,pr2,5.47018025048861,1
pr2,win,5.47018025048861,1
ll1,ro4,5.47019500437532,1
ro4,ll1,5.47019500437533,1
sc4,pm2,5.47138520879195,1
pm2,sc4,5.47138520879195,1
pm5,ca5,5.4714492579284,1
ca5,pm5,5.4714492579284,1
fur,ro3,5.47171121889917,1
ro3,fur,5.47171121889918,1
eg1,sc3,5.47182472434079,1
sc3,eg1,5.47182472434082,1
ll1,ro3,5.4728016589229,1
ro3,ll1,5.47280165892291,1
sc3,lm2,5.47289825547085,1
lm2,sc3,5.47289825547085,1
eg1,ca4,5.47355923014871,1
ca4,eg1,5.47355923014871,1
eg1,ca5,5.47432222128655,1
ca5,eg1,5.47432222128655,1
ll1,ro2,5.47880979468777,1
ro2,ll1,5.47880979468778,1
pm4,nea,5.4799666178444,1
ca1,ro1,5.48002771233569,1
ro1,ca1,5.4800277123357,1
ca2,pm4,5.4814112139299,1
pm3,ca4,5.48222513042142,1
ca4,pm3,5.48222513042143,1
eg3,dlm,5.4833998380483,1
dlm,eg3,5.48339983804831,1
ca5,itf,5.48417881296837,1
itf,ca5,5.48417881296838,1
itg,sro,5.48425719723579,1
sro,itg,5.4842571972358,1
ll2,fro,5.4860273870636,1
fro,ll2,5.48602738706361,1
itf,spa,5.48668452447613,1
spa,itf,5.48668452447614,1
pm3,ca6,5.48676733408983,1
ca6,pm3,5.48676733408983,1
pm3,glg,5.48702441767558,1
glg,pm3,5.48702441767558,1
pm2,ca5,5.48805774650193,1
ca5,pm2,5.48805774650193,1
pr1,fro,5.48840500446242,1
fro,pr1,5.48840500446242,1
pm5,ca4,5.48950832999167,1
ca4,pm5,5.48950832999167,1
pr1,ve1,5.49089599829023,1
ve1,pr1,5.49089599829024,1
ro3,pm3,5.4915471294818,1
pm3,ro3,5.4915471294818,1
ve2,ro1,5.49209387851349,1
ro1,ve2,5.49209387851351,1
pm1,ll1,5.49268313693949,1
ll1,pm1,5.49268313693949,1
itf,ca4,5.49389453858307,1
ca4,itf,5.49389453858307,1
pm2,ro4,5.49457865207587,1
ro4,pm2,5.49457865207589,1
sc3,ast,5.49486024605448,1
ast,sc3,5.4948602460545,1
ve2,ca1,5.49534137738482,1
ca1,ve2,5.49534137738483,1
pm1,ca4,5.49728540710926,1
ca4,pm1,5.49728540710926,1
itg,dlm,5.49742707542855,1
dlm,itg,5.49742707542856,1
ito,sro,5.49876424147494,1
sro,ito,5.49876424147495,1
pm4,ca3,5.49904207454896,1
pm1,pr2,5.49909684337888,1
pr2,pm1,5.49909684337889,1
ve3,ro1,5.5005209337661,1
ro1,ve3,5.50052093376611,1
sc2,glg,5.50164575496704,1
glg,sc2,5.50164575496706,1
ca5,fro,5.50310639974997,1
fro,ca5,5.50310639974998,1
pm4,ca1,5.50577619221602,1
pr1,ca3,5.50671703407656,1
ca3,pr1,5.50671703407657,1
lm2,ro2,5.50679262665259,1
ro2,lm2,5.5067926266526,1
ast,pm4,5.50803819812237,1
sc3,ll2,5.50862435291916,1
ll2,sc3,5.50862435291916,1
li1,ca4,5.50961241722787,1
ca4,li1,5.50961241722787,1
ruq,ruo,5.51029798831463,1
ruo,ruq,5.51029798831463,1
eg2,ca1,5.51035535744496,1
ca1,eg2,5.51035535744496,1
ve3,fro,5.51249509064703,1
fro,ve3,5.51249509064703,1
spa,ca3,5.51495673388772,1
ca3,spa,5.51495673388772,1
pm5,pr2,5.51512751205722,1
pr2,pm5,5.51512751205723,1
pr1,ca1,5.51599976088921,1
ca1,pr1,5.51599976088921,1
sc1,lat,5.51671450260934,1
lat,sc1,5.51671450260935,1
lm1,ll1,5.51686256249338,1
ll1,lm1,5.51686256249338,1
eg4,dlm,5.51714936995082,1
dlm,eg4,5.51714936995083,1
lm1,ca2,5.51959279959021,1
ca2,lm1,5.51959279959021,1
sc1,pm2,5.52039127339707,1
pm2,sc1,5.52039127339707,1
lat,itg,5.52066503823216,1
itg,lat,5.52066503823217,1
sro,li2,5.52099209908881,1
li2,sro,5.52099209908881,1
li1,ro1,5.52133537215723,1
ro1,li1,5.52133537215724,1
fur,ca2,5.52180460019007,1
ca2,fur,5.52180460019008,1
eg4,ca1,5.52288164553809,1
ca1,eg4,5.52288164553811,1
ve3,ca1,5.52371524963186,1
ca1,ve3,5.52371524963187,1
sc4,glg,5.52386291639716,1
glg,sc4,5.52386291639719,1
ro1,pr1,5.5250318768195,1
pr1,ro1,5.5250318768195,1
ro3,pm4,5.52578130925293,1
ll1,li1,5.5281982513135,1
li1,ll1,5.5281982513135,1
pm4,ro1,5.52879776549241,1
sc4,lat,5.52884081968615,1
lat,sc4,5.52884081968615,1
glg,fur,5.52905744664716,1
fur,glg,5.52905744664716,1
nea,eg4,5.53166593927728,1
eg4,nea,5.53166593927729,1
ro1,fur,5.53189330097296,1
fur,ro1,5.53189330097296,1
pm2,ca4,5.5329757297247,1
ca4,pm2,5.5329757297247,1
ro2,pm2,5.53561363964566,1
pm2,ro2,5.53561363964566,1
eg4,ca3,5.53634791666473,1
ca3,eg4,5.53634791666474,1
pm5,ll1,5.53757364464345,1
ll1,pm5,5.53757364464345,1
ro4,pm3,5.5405382713866,1
pm3,ro4,5.5405382713866,1
dlm,pm4,5.543073930114,1
lm2,ro3,5.54442179689061,1
ro3,lm2,5.54442179689062,1
pm2,dlm,5.54682403556783,1
dlm,pm2,5.54682403556784,1
pm3,ro2,5.54739781773167,1
ro2,pm3,5.54739781773168,1
ca4,fro,5.54836948965343,1
fro,ca4,5.54836948965344,1
lm2,ro4,5.54912156169406,1
ro4,lm2,5.54912156169407,1
pm3,ast,5.5493243368205,1
ast,pm3,5.54932433682051,1
itf,ca6,5.55105582645286,1
ca6,itf,5.55105582645286,1
ca1,ro3,5.55116356141921,1
ro3,ca1,5.55116356141922,1
sc1,pm1,5.55307838652936,1
pm1,sc1,5.55307838652936,1
pm1,ca5,5.5582817114632,1
ca5,pm1,5.5582817114632,1
nea,ve1,5.55886707123025,1
ve1,nea,5.55886707123026,1
sc1,ast,5.56045097374153,1
ast,sc1,5.56045097374154,1
eg4,ro2,5.56117184661109,1
ro2,eg4,5.5611718466111,1
eg1,ca6,5.56244645672962,1
ca6,eg1,5.56244645672962,1
ve3,pr2,5.56396279775025,1
pr2,ve3,5.56396279775027,1
nea,ca3,5.56503716807414,1
ca3,nea,5.56503716807415,1
eg1,glg,5.56525566449745,1
glg,eg1,5.56525566449746,1
qbb,itg,5.56569691914293,1
itg,qbb,5.56569691914294,1
pm5,ca2,5.56576821248366,1
ca2,pm5,5.56576821248366,1
pm4,pr2,5.56585126734177,1
li1,ca2,5.56741787013245,1
ca2,li1,5.56741787013246,1
pm4,ro3,5.56855657661562,1
ito,ro4,5.56985712243877,1
ro4,ito,5.56985712243879,1
ve3,ro2,5.57012514300423,1
ro2,ve3,5.57012514300425,1
ro4,pm4,5.57092417995605,1
ron,ito,5.57161214866199,1
ito,ron,5.57161214866199,1
li2,ca4,5.57259667908884,1
ca4,li2,5.57259667908884,1
lat,itf,5.57332819714735,1
itf,lat,5.57332819714736,1
eg1,sc2,5.57372185151285,1
sc2,eg1,5.57372185151287,1
li1,spa,5.57526851882768,1
spa,li1,5.57526851882769,1
ro4,fur,5.57613272262044,1
fur,ro4,5.57613272262044,1
fro,ca1,5.57653308969784,1
ca1,fro,5.57653308969784,1
pm3,dlm,5.57682234201988,1
dlm,pm3,5.57682234201989,1
ito,fro,5.5799364642171,1
fro,ito,5.5799364642171,1
ca6,pm5,5.5809153236882,1
pm5,ca6,5.58091532368821,1
ro1,li3,5.58111701331292,1
li3,ro1,5.58111701331292,1
ita,pr2,5.58433207854574,1
pr2,ita,5.58433207854575,1
lat,glg,5.58488215025411,1
glg,lat,5.58488215025414,1
ve3,lat,5.58606262837454,1
lat,ve3,5.58606262837454,1
fro,eg4,5.58615206881208,1
eg4,fro,5.58615206881208,1
pm4,ast,5.58641398744088,1
pm1,ca6,5.58753556564198,1
ca6,pm1,5.58753556564198,1
pm3,ca2,5.58799215927586,1
ca2,pm3,5.58799215927586,1
fur,sc4,5.58954436718074,1
sc4,fur,5.58954436718075,1
li2,ca5,5.58957886957215,1
ca5,li2,5.58957886957215,1
ve1,ca1,5.59093015719144,1
ca1,ve1,5.59093015719146,1
pm2,ca6,5.59162913728948,1
ca6,pm2,5.59162913728948,1
ito,ro1,5.5918115228318,1
ro1,ito,5.59181152283182,1
qbb,itf,5.5945286830978,1
itf,qbb,5.59452868309781,1
li2,spa,5.59454086668204,1
spa,li2,5.59454086668205,1
pm1,glg,5.59528795556841,1
glg,pm1,5.59528795556841,1
pm2,glg,5.59607660388254,1
glg,pm2,5.59607660388254,1
pr1,ro4,5.59913762342405,1
ro4,pr1,5.59913762342406,1
ve2,fro,5.59967781597518,1
fro,ve2,5.59967781597518,1
ruo,rup,5.59974228649861,1
rup,ruo,5.59974228649863,1
lm2,ca5,5.59989326013614,1
ca5,lm2,5.59989326013614,1
li1,ca6,5.60060802425897,1
ca6,li1,5.60060802425897,1
ca2,itf,5.6009831748395,1
itf,ca2,5.60098317483951,1
fro,fra,5.60369118867593,1
fra,fro,5.60369118867593,1
glg,lm1,5.60419579389045,1
lm1,glg,5.60419579389046,1
rup,itf,5.60847824607761,1
itf,rup,5.60847824607762,1
ita,ro4,5.60852012422675,1
ro4,ita,5.60852012422677,1
eg4,pr2,5.60889189595337,1
pr2,eg4,5.60889189595338,1
sc2,lm2,5.61193549986095,1
lm2,sc2,5.61193549986095,1
ro2,pr1,5.61350178624782,1
pr1,ro2,5.61350178624782,1
sc3,ca5,5.61385257507486,1
ca5,sc3,5.61385257507489,1
ro2,pm4,5.61502580555054,1
lm2,ca4,5.61559869800624,1
ca4,lm2,5.61559869800624,1
ita,fro,5.61903617954253,1
fro,ita,5.61903617954254,1
pr1,itf,5.61913750970479,1
itf,pr1,5.6191375097048,1
lm2,glg,5.62148458255521,1
glg,lm2,5.62148458255522,1
ll1,ito,5.62202477379226,1
ito,ll1,5.62202477379226,1
src,li3,5.62254157134688,1
li3,src,5.62254157134688,1
ro1,pm5,5.62306977102432,1
pm5,ro1,5.62306977102432,1
ita,ro1,5.62308598457626,1
ro1,ita,5.62308598457628,1
src,ca4,5.62341991417674,1
ca4,src,5.62341991417674,1
eg1,ll1,5.62398686473054,1
ll1,eg1,5.62398686473055,1
sc2,ast,5.62452048784567,1
ast,sc2,5.62452048784569,1
lat,eg3,5.62550139667954,1
eg3,lat,5.62550139667956,1
src,pm4,5.62624166031354,1
nea,pm4,5.62721275391662,1
eg1,ca2,5.62790201791432,1
ca2,eg1,5.62790201791433,1
fro,ca6,5.62814802721432,1
ca6,fro,5.62814802721432,1
li3,ll1,5.6283752490384,1
ll1,li3,5.62837524903841,1
fro,pm4,5.62932958448658,1
pm1,dlm,5.62968211760812,1
dlm,pm1,5.62968211760812,1
src,fur,5.6308524827689,1
fur,src,5.6308524827689,1
sc4,ast,5.6319583273261,1
ast,sc4,5.63195832732612,1
pm3,fro,5.63287829507294,1
fro,pm3,5.63287829507294,1
src,ll2,5.63550825684312,1
ll2,src,5.63550825684312,1
sro,li1,5.63628598797174,1
li1,sro,5.63628598797174,1
ve1,dlm,5.63685817833613,1
dlm,ve1,5.63685817833614,1
eg2,ca3,5.63733077183565,1
ca3,eg2,5.63733077183565,1
pr1,ro3,5.64106991134511,1
ro3,pr1,5.64106991134513,1
pr1,lm1,5.64120582732045,1
lm1,pr1,5.64120582732046,1
fur,ca1,5.64227468503923,1
ca1,fur,5.64227468503923,1
lat,eg2,5.64360154898623,1
eg2,lat,5.64360154898624,1
fro,ca3,5.64394282483707,1
ca3,fro,5.64394282483707,1
ro4,ca4,5.64635220631005,1
ca4,ro4,5.64635220631005,1
nea,pm3,5.64838201837792,1
pm3,nea,5.64838201837793,1
ro2,fur,5.64847893786832,1
fur,ro2,5.64847893786832,1
sc3,spa,5.64961451411137,1
spa,sc3,5.64961451411138,1
qbb,eg3,5.6496989097104,1
eg3,qbb,5.64969890971041,1
li3,ast,5.6505875308676,1
ast,li3,5.65058753086762,1
fur,fro,5.65177136989882,1
fro,fur,5.65177136989882,1
sc2,ca5,5.65198769599205,1
ca5,sc2,5.65198769599207,1
ita,ll1,5.65388496487434,1
ll1,ita,5.65388496487435,1
pm5,glg,5.65397024583933,1
glg,pm5,5.65397024583933,1
ll1,li2,5.65510584642726,1
li2,ll1,5.65510584642726,1
ro1,lm1,5.65567745713227,1
lm1,ro1,5.65567745713227,1
src,pm3,5.65578375925265,1
pm3,src,5.65578375925265,1
nea,li1,5.65615062777484,1
li1,nea,5.65615062777484,1
sc1,qbb,5.65622232046334,1
qbb,sc1,5.65622232046334,1
eg1,sc4,5.65625342531195,1
sc4,eg1,5.65625342531197,1
ll2,ca2,5.65859446293137,1
ca2,ll2,5.65859446293138,1
pm2,nea,5.66011014783512,1
nea,pm2,5.66011014783512,1
pm4,ro4,5.66177364980002,1
sc4,qbb,5.661923136159,1
qbb,sc4,5.661923136159,1
fro,pm2,5.66395084131906,1
pm2,fro,5.66395084131907,1
ro4,ca5,5.66499096405701,1
ca5,ro4,5.66499096405701,1
nea,ro1,5.66599118241062,1
ro1,nea,5.66599118241064,1
ll2,dlm,5.66730840139382,1
dlm,ll2,5.66730840139383,1
ve2,pr2,5.66743727528824,1
pr2,ve2,5.66743727528826,1
pcd,pr1,5.66769678511121,1
pr1,pcd,5.66769678511122,1
ve2,ca3,5.66806625803252,1
ca3,ve2,5.66806625803253,1
ll1,fro,5.6687527293391,1
fro,ll1,5.66875272933911,1
ito,ca1,5.66889251940227,1
ca1,ito,5.66889251940227,1
nea,li2,5.66921187417962,1
li2,nea,5.66921187417963,1
sc2,ll2,5.67133322080399,1
ll2,sc2,5.67133322080399,1
ro4,ca3,5.67317210537639,1
ca3,ro4,5.6731721053764,1
src,ca6,5.67387968845048,1
ca6,src,5.67387968845048,1
ca1,ro2,5.67422646580104,1
ro2,ca1,5.67422646580105,1
sc4,lm1,5.67503065248279,1
lm1,sc4,5.6750306524828,1
fra,pm3,5.6751907979782,1
pm3,fra,5.67519079797821,1
ve3,por,5.67548892493966,1
por,ve3,5.67548892493968,1
fra,pm2,5.67818475799106,1
pm2,fra,5.67818475799107,1
sc3,ca6,5.67853718495199,1
ca6,sc3,5.678537184952,1
ca1,spa,5.67906054629672,1
spa,ca1,5.67906054629673,1
sc3,lm1,5.68055039666504,1
lm1,sc3,5.68055039666504,1
src,ca5,5.68222707443231,1
ca5,src,5.68222707443231,1
pm1,ca2,5.68229518704773,1
ca2,pm1,5.68229518704774,1
pm2,ca2,5.68305602702091,1
ca2,pm2,5.68305602702091,1
li2,ca6,5.68308643158011,1
ca6,li2,5.68308643158011,1
pr2,lm1,5.68470737641824,1
lm1,pr2,5.68470737641826,1
ve1,sro,5.68566263991439,1
sro,ve1,5.68566263991439,1
li2,ca2,5.68696322948203,1
ca2,li2,5.68696322948203,1
lat,ve1,5.68884184222932,1
ve1,lat,5.68884184222933,1
glg,fro,5.68901144085121,1
fro,glg,5.68901144085122,1
eg3,pr2,5.68932407287068,1
pr2,eg3,5.68932407287069,1
ro3,pm5,5.6893748287117,1
pm5,ro3,5.6893748287117,1
sc2,lm1,5.69119101553944,1
lm1,sc2,5.69119101553944,1
pm2,ast,5.69224911158146,1
ast,pm2,5.69224911158147,1
ca4,ro3,5.6925218743405,1
ro3,ca4,5.69252187434051,1
fro,eg3,5.69293279233822,1
eg3,fro,5.69293279233822,1
qbb,eg2,5.69306291664539,1
eg2,qbb,5.6930629166454,1
ro4,pm5,5.69311760931051,1
pm5,ro4,5.69311760931052,1
pm4,win,5.69616445529006,1
pm3,ca1,5.69819859494393,1
ca1,pm3,5.69819859494393,1
ro3,ca5,5.69865110345674,1
ca5,ro3,5.69865110345674,1
sc3,ca4,5.70030993587928,1
ca4,sc3,5.70030993587929,1
lat,ve2,5.70036895821195,1
ve2,lat,5.70036895821196,1
nea,fro,5.70061241330334,1
fro,nea,5.70061241330334,1
itg,ca1,5.70158462733185,1
ca1,itg,5.70158462733186,1
ve2,ro2,5.70197146339017,1
ro2,ve2,5.70197146339019,1
pcd,pm1,5.70231229893373,1
pm1,pcd,5.70231229893375,1
pcd,pm2,5.70347653416908,1
pm2,pcd,5.70347653416909,1
ita,ro3,5.70404533189744,1
ro3,ita,5.70404533189746,1
sc3,pr1,5.70445008378969,1
pr1,sc3,5.7044500837897,1
pcd,pm3,5.70542768226877,1
pm3,pcd,5.70542768226879,1
ito,ro2,5.70547926778614,1
ro2,ito,5.70547926778615,1
ron,itg,5.70573856179601,1
itg,ron,5.70573856179601,1
qbb,ve2,5.70703775761625,1
ve2,qbb,5.70703775761626,1
itg,ro1,5.7075000706818,1
ro1,itg,5.70750007068181,1
qbb,sro,5.70792524014363,1
sro,qbb,5.70792524014364,1
sc3,por,5.71024396449993,1
por,sc3,5.71024396449993,1
glg,ca3,5.71115387509378,1
ca3,glg,5.71115387509378,1
fur,spa,5.71117529516926,1
spa,fur,5.71117529516927,1
sc2,ca6,5.71124835343136,1
ca6,sc2,5.71124835343137,1
qbb,glg,5.71227366070409,1
glg,qbb,5.71227366070411,1
fro,eg2,5.71237947219453,1
eg2,fro,5.71237947219453,1
lm2,ast,5.71249119749454,1
ast,lm2,5.71249119749454,1
li1,ro4,5.7128033222368,1
ro4,li1,5.71280332223682,1
src,eg1,5.71304127811629,1
eg1,src,5.71304127811629,1
src,pm2,5.71412360889528,1
pm2,src,5.71412360889528,1
ca4,por,5.71444282002934,1
por,ca4,5.71444282002935,1
sc4,ll2,5.71474182043217,1
ll2,sc4,5.71474182043217,1
src,pr1,5.71492289384583,1
pr1,src,5.71492289384583,1
por,ita,5.7150802899499,1
ita,por,5.7150802899499,1
qbb,ve3,5.71515294756277,1
ve3,qbb,5.71515294756278,1
ro1,ca3,5.71779403819086,1
ca3,ro1,5.71779403819086,1
lm2,ca6,5.72097113299874,1
ca6,lm2,5.72097113299874,1
sc1,pm5,5.72144979566226,1
pm5,sc1,5.72144979566228,1
ca1,pm4,5.72153551195588,1
ve3,sro,5.72266201931727,1
sro,ve3,5.72266201931728,1
nea,ro4,5.72310633171255,1
ro4,nea,5.72310633171257,1
dlm,ca4,5.7231737719009,1
ca4,dlm,5.72317377190091,1
pr1,spa,5.72362047678248,1
spa,pr1,5.72362047678249,1
por,ito,5.72376698813712,1
ito,por,5.72376698813713,1
sc1,glg,5.72380576226692,1
glg,sc1,5.72380576226693,1
li1,ro2,5.72491733459921,1
ro2,li1,5.72491733459922,1
ro2,pm5,5.72570370837322,1
pm5,ro2,5.72570370837323,1
ita,ca1,5.72643749304828,1
ca1,ita,5.72643749304828,1
sc4,ca5,5.73023553765328,1
ca5,sc4,5.7302355376533,1
fur,sc1,5.73045422652877,1
sc1,fur,5.73045422652878,1
lm2,dlm,5.7309403756635,1
dlm,lm2,5.7309403756635,1
lat,sro,5.73103706676764,1
sro,lat,5.73103706676766,1
pm1,ast,5.73141050314299,1
ast,pm1,5.73141050314299,1
pcd,pm4,5.73437034640343,1
sro,glg,5.73558582121221,1
glg,sro,5.73558582121221,1
sc2,pr1,5.73732242057165,1
pr1,sc2,5.73732242057166,1
pm4,sro,5.73847968441614,1
ast,ca1,5.74014421471431,1
ca1,ast,5.74014421471432,1
nea,li3,5.7404022168069,1
li3,nea,5.74040221680691,1
eg4,sro,5.74085481881141,1
sro,eg4,5.74085481881142,1
sc2,ca4,5.74201642582203,1
ca4,sc2,5.74201642582204,1
ro4,ca6,5.74241912140828,1
ca6,ro4,5.74241912140828,1
sc1,spa,5.74280156672809,1
spa,sc1,5.7428015667281,1
pm4,spa,5.74473592255733,1
por,ca6,5.74804620456642,1
ca6,por,5.74804620456642,1
ito,ca3,5.74813719411052,1
ca3,ito,5.74813719411052,1
por,ca5,5.74829583694255,1
ca5,por,5.74829583694255,1
nea,ro3,5.74921583337105,1
ro3,nea,5.74921583337106,1
eg1,pr1,5.74959290587934,1
pr1,eg1,5.74959290587935,1
ca5,ro1,5.74970316524982,1
ro1,ca5,5.74970316524983,1
eg1,dlm,5.74988807139519,1
dlm,eg1,5.74988807139519,1
ast,pm5,5.7503652398746,1
ve2,por,5.75116225091332,1
por,ve2,5.75116225091334,1
ve3,ca3,5.75124987336627,1
ca3,ve3,5.75124987336628,1
ca4,ro1,5.75165715674743,1
ro1,ca4,5.75165715674744,1
ll1,itf,5.75348455626392,1
itf,ll1,5.75348455626393,1
ve1,ll1,5.75425710849736,1
ll1,ve1,5.75425710849737,1
li3,pr2,5.7562792632821,1
pr2,li3,5.75627926328213,1
li1,pr2,5.7563435810164,1
pr2,li1,5.75634358101642,1
ve1,qbb,5.75793996907234,1
qbb,ve1,5.75793996907234,1
ita,ro2,5.75825734496268,1
ro2,ita,5.7582573449627,1
nea,eg1,5.75853966780887,1
eg1,nea,5.75853966780887,1
pm3,ca3,5.75936922681889,1
ca3,pm3,5.7593692268189,1
pr2,glg,5.75942485953519,1
glg,pr2,5.75942485953519,1
ro3,ca6,5.75969436464625,1
ca6,ro3,5.75969436464625,1
eg1,ca1,5.76102661892486,1
ca1,eg1,5.76102661892488,1
fur,pr2,5.76179148339966,1
pr2,fur,5.76179148339967,1
sro,eg2,5.76312820229031,1
eg2,sro,5.76312820229032,1
sro,eg3,5.76341946658368,1
eg3,sro,5.76341946658368,1
lm2,ca2,5.76367343994238,1
ca2,lm2,5.76367343994238,1
lat,eg4,5.76431209802489,1
eg4,lat,5.76431209802491,1
pm2,ca3,5.76443575302867,1
ca3,pm2,5.76443575302867,1
sc4,spa,5.76492937467356,1
spa,sc4,5.76492937467357,1
pm1,fro,5.76545911594363,1
fro,pm1,5.76545911594363,1
nea,fur,5.76579922018843,1
fur,nea,5.76579922018843,1
ito,pr2,5.76635020462344,1
pr2,ito,5.76635020462345,1
ve1,ca3,5.76723569452296,1
ca3,ve1,5.76723569452297,1
fur,ca3,5.7684336769139,1
ca3,fur,5.7684336769139,1
fra,pm4,5.7687810301953,1
li3,sro,5.77004740636378,1
sro,li3,5.77004740636379,1
spa,sc2,5.7747617413923,1
sc2,spa,5.7747617413923,1
pm2,ca1,5.7785564058799,1
ca1,pm2,5.7785564058799,1
ast,lm1,5.77982412607827,1
lm1,ast,5.77982412607828,1
ve1,fro,5.78084878997956,1
fro,ve1,5.78084878997957,1
sc4,ca6,5.78590761436037,1
ca6,sc4,5.78590761436039,1
nea,pm1,5.78706233731068,1
pm1,nea,5.78706233731069,1
sc1,lm2,5.78854763456701,1
lm2,sc1,5.78854763456701,1
por,sc2,5.78895663902024,1
sc2,por,5.78895663902025,1
por,li1,5.78941790925187,1
li1,por,5.78941790925187,1
por,itf,5.79006599568369,1
itf,por,5.7900659956837,1
pr1,ll1,5.7901774359773,1
ll1,pr1,5.7901774359773,1
src,nea,5.79029011955853,1
nea,src,5.79029011955853,1
ve1,por,5.79135357259295,1
por,ve1,5.79135357259296,1
eg1,ro4,5.79181476382988,1
ro4,eg1,5.7918147638299,1
li1,ca1,5.79215483618049,1
ca1,li1,5.79215483618049,1
itg,ca3,5.79467527875131,1
ca3,itg,5.79467527875133,1
sc4,ca4,5.79699395374095,1
ca4,sc4,5.79699395374096,1
ve1,ro4,5.80186599518783,1
ro4,ve1,5.80186599518783,1
li3,ca5,5.80237688085881,1
ca5,li3,5.80237688085883,1
eg1,ast,5.80284756289807,1
ast,eg1,5.80284756289808,1
itg,ro4,5.80285849053474,1
ro4,itg,5.80285849053476,1
win,pm3,5.80454628173685,1
pm3,win,5.80454628173685,1
ro3,ca3,5.80474574045339,1
ca3,ro3,5.80474574045339,1
ca4,ro2,5.80633858410132,1
ro2,ca4,5.80633858410133,1
pm5,dlm,5.80793688409635,1
dlm,pm5,5.80793688409635,1
ca3,pm4,5.80794131955776,1
win,pr1,5.80819206350477,1
pr1,win,5.80819206350477,1
ro1,li2,5.80819593380705,1
li2,ro1,5.80819593380705,1
itf,ca1,5.81021225569059,1
ca1,itf,5.81021225569059,1
rup,ita,5.81050256524894,1
ita,rup,5.81050256524895,1
pm1,win,5.81132415626931,1
win,pm1,5.81132415626932,1
nea,pm5,5.81525568273708,1
pm5,nea,5.8152556827371,1
itg,ll1,5.81748066358885,1
ll1,itg,5.81748066358886,1
sc1,dlm,5.81804994411645,1
dlm,sc1,5.81804994411645,1
pr2,lm2,5.81923537497232,1
lm2,pr2,5.81923537497232,1
ron,itf,5.81942776033735,1
itf,ron,5.81942776033735,1
ito,ro3,5.81953473627832,1
ro3,ito,5.81953473627834,1
li3,ca2,5.82005454596612,1
ca2,li3,5.82005454596612,1
eg1,ro1,5.82193831774585,1
ro1,eg1,5.82193831774586,1
itf,ca3,5.8221811752201,1
ca3,itf,5.8221811752201,1
spa,pm4,5.82346312396731,1
ca6,ro1,5.82433728869274,1
ro1,ca6,5.82433728869275,1
ro4,glg,5.82456522498517,1
glg,ro4,5.82456522498517,1
win,pm2,5.82476892590829,1
pm2,win,5.82476892590829,1
ro2,ca5,5.82633424086348,1
ca5,ro2,5.82633424086348,1
lm1,ca1,5.82659209539815,1
ca1,lm1,5.82659209539815,1
nea,ro2,5.82771385742974,1
ro2,nea,5.82771385742975,1
sc4,pr1,5.82786923163418,1
pr1,sc4,5.82786923163419,1
dlm,ca5,5.82909099631127,1
ca5,dlm,5.82909099631127,1
ll2,sc1,5.82967394087091,1
sc1,ll2,5.82967394087092,1
itg,ro3,5.83097088478116,1
ro3,itg,5.83097088478118,1
spa,lm1,5.83118511531866,1
lm1,spa,5.83118511531866,1
sc3,ca1,5.83296123896205,1
ca1,sc3,5.83296123896205,1
dlm,sc3,5.83306072842921,1
sc3,dlm,5.83306072842922,1
sc3,ro1,5.83450148180498,1
ro1,sc3,5.83450148180498,1
eg2,pr2,5.8357434893127,1
pr2,eg2,5.83574348931271,1
fra,ro1,5.83694295861543,1
ro1,fra,5.83694295861544,1
glg,ro1,5.837185064902,1
ro1,glg,5.83718506490201,1
ve2,sro,5.83726571787143,1
sro,ve2,5.83726571787144,1
ca1,pm5,5.83805159855673,1
qbb,eg4,5.83910898253213,1
eg4,qbb,5.83910898253214,1
li3,ca4,5.83943192556417,1
ca4,li3,5.83943192556417,1
ca3,ast,5.84198479136991,1
ast,ca3,5.84198479136991,1
li1,dlm,5.84372258142911,1
dlm,li1,5.84372258142911,1
fro,ca2,5.84704289676846,1
ca2,fro,5.84704289676846,1
ron,dlm,5.84750678298791,1
dlm,ron,5.84750678298791,1
nea,glg,5.84792235429708,1
glg,nea,5.8479223542971,1
ro2,li3,5.85095562048762,1
li3,ro2,5.85095562048762,1
li2,ca1,5.85119735627534,1
ca1,li2,5.85119735627534,1
ro4,li3,5.85261478646982,1
li3,ro4,5.85261478646982,1
fro,ast,5.85345334797368,1
ast,fro,5.85345334797368,1
fro,pr2,5.85369270538121,1
pr2,fro,5.85369270538122,1
eg3,por,5.85375122730017,1
por,eg3,5.85375122730018,1
pm4,pcd,5.8541142153437,1
dlm,sc2,5.85462561494564,1
sc2,dlm,5.85462561494565,1
src,pm1,5.85548767303804,1
pm1,src,5.85548767303804,1
dlm,ast,5.85756118102524,1
ast,dlm,5.85756118102525,1
rup,li1,5.85803111818269,1
li1,rup,5.8580311181827,1
win,pm4,5.85882046737004,1
ita,ca3,5.85976452463381,1
ca3,ita,5.85976452463382,1
pm1,ca3,5.8604798318968,1
ca3,pm1,5.86047983189681,1
li1,lat,5.86238760277984,1
lat,li1,5.86238760277984,1
ll1,ca5,5.86448331649381,1
ca5,ll1,5.86448331649382,1
ve1,pr2,5.86520489327202,1
pr2,ve1,5.86520489327203,1
sc4,ca1,5.86681680274878,1
ca1,sc4,5.86681680274878,1
lm1,ca3,5.86746908600339,1
ca3,lm1,5.86746908600339,1
lat,ast,5.86814605083826,1
ast,lat,5.86814605083828,1
ca1,sc2,5.86815220519575,1
sc2,ca1,5.86815220519576,1
ron,li1,5.86922697785876,1
li1,ron,5.86922697785876,1
por,eg2,5.87020847802506,1
eg2,por,5.87020847802506,1
pm1,fra,5.87080951764103,1
fra,pm1,5.87080951764103,1
glg,ro3,5.87083110642582,1
ro3,glg,5.87083110642583,1
li1,ca3,5.87085366652303,1
ca3,li1,5.87085366652304,1
ro3,li1,5.87209298987899,1
li1,ro3,5.87209298987899,1
pr2,ca4,5.87423674850002,1
ca4,pr2,5.87423674850002,1
ro4,dlm,5.87433568438892,1
dlm,ro4,5.87433568438892,1
ron,nea,5.87808510084891,1
nea,ron,5.87808510084894,1
ve1,ro1,5.87847723853394,1
ro1,ve1,5.87847723853396,1
por,itg,5.87856480510349,1
itg,por,5.87856480510349,1
por,nea,5.87872479771725,1
nea,por,5.87872479771725,1
pcd,ve3,5.87996039826922,1
ve3,pcd,5.87996039826923,1
sc1,ca5,5.88051714861432,1
ca5,sc1,5.88051714861432,1
sc4,por,5.8809441969232,1
por,sc4,5.8809441969232,1
ll1,ca6,5.88191686879454,1
ca6,ll1,5.88191686879455,1
ll1,ca1,5.88226385830563,1
ca1,ll1,5.88226385830563,1
src,ron,5.88293517067284,1
ron,src,5.88293517067284,1
rup,ito,5.88313321798678,1
ito,rup,5.88313321798678,1
lat,spa,5.88320714918279,1
spa,lat,5.88320714918281,1
pm1,ca1,5.88368085340595,1
ca1,pm1,5.88368085340595,1
fro,win,5.88443376851583,1
win,fro,5.88443376851584,1
ve1,ro3,5.88582770413555,1
ro3,ve1,5.88582770413557,1
ro3,lm1,5.88664699761044,1
lm1,ro3,5.88664699761044,1
ro2,ca3,5.88777123056767,1
ca3,ro2,5.88777123056767,1
ro4,lm1,5.88889711507339,1
lm1,ro4,5.88889711507339,1
ve3,ron,5.89298799642808,1
ron,ve3,5.89298799642808,1
por,ca1,5.89335507347073,1
ca1,por,5.89335507347073,1
sc4,ll1,5.89335631260794,1
ll1,sc4,5.89335631260795,1
ro2,li2,5.89416234980543,1
li2,ro2,5.89416234980543,1
pr2,ca5,5.89627607054749,1
ca5,pr2,5.8962760705475,1
qbb,li1,5.89672629937217,1
li1,qbb,5.89672629937218,1
nea,lm2,5.89674466372128,1
lm2,nea,5.89674466372128,1
li2,ro4,5.89769698539737,1
ro4,li2,5.89769698539738,1
eg1,ca3,5.89836695160779,1
ca3,eg1,5.89836695160781,1
spa,fro,5.90077137048696,1
fro,spa,5.90077137048696,1
qbb,spa,5.9023806360507,1
spa,qbb,5.90238063605071,1
eg1,spa,5.90503889086573,1
spa,eg1,5.90503889086575,1
ll1,nea,5.90552215653229,1
nea,ll1,5.9055221565323,1
ruo,ita,5.91060347939963,1
ita,ruo,5.91060347939964,1
ro4,ca2,5.91073934211765,1
ca2,ro4,5.91073934211765,1
li3,ca6,5.91121683801368,1
ca6,li3,5.91121683801368,1
lm2,ca1,5.91222380132723,1
ca1,lm2,5.91222380132725,1
qbb,ast,5.91296182948943,1
ast,qbb,5.91296182948945,1
li3,ca1,5.91302329476607,1
ca1,li3,5.91302329476607,1
glg,ro2,5.91341967281024,1
ro2,glg,5.91341967281025,1
src,ca2,5.91376338387752,1
ca2,src,5.91376338387753,1
fro,pm5,5.91404713147833,1
pm5,fro,5.91404713147834,1
itg,ro2,5.9146807324042,1
ro2,itg,5.91468073240421,1
itg,pr2,5.91921631918769,1
pr2,itg,5.9192163191877,1
eg1,sc1,5.91998851811511,1
sc1,eg1,5.91998851811513,1
fra,ro4,5.9200788993585,1
ro4,fra,5.92007889935851,1
ca3,pm5,5.92206351349665,1
pm5,ca3,5.92206351349666,1
src,lm1,5.92378174520537,1
lm1,src,5.92378174520538,1
sro,pm3,5.92439061167459,1
pm3,sro,5.92439061167459,1
ro3,dlm,5.92442149343428,1
dlm,ro3,5.92442149343428,1
lm2,fro,5.9245453366099,1
fro,lm2,5.9245453366099,1
spa,pm3,5.92469040735519,1
pm3,spa,5.92469040735519,1
lat,dlm,5.924797187711,1
dlm,lat,5.924797187711,1
dlm,ca6,5.92524892839983,1
ca6,dlm,5.92524892839983,1
por,src,5.92620156401212,1
src,por,5.92620156401213,1
por,li2,5.92650374380264,1
li2,por,5.92650374380264,1
spa,pm5,5.92690126301358,1
pm5,spa,5.92690126301359,1
itg,fro,5.9278134987898,1
fro,itg,5.9278134987898,1
ro2,dlm,5.92811219691969,1
dlm,ro2,5.92811219691969,1
dlm,itf,5.92836605181775,1
itf,dlm,5.92836605181776,1
sc3,ll1,5.92982559927718,1
ll1,sc3,5.92982559927718,1
sc2,ro1,5.93108669741122,1
ro1,sc2,5.93108669741123,1
nea,ll2,5.93190221222599,1
ll2,nea,5.93190221222599,1
nea,ca6,5.93434705152933,1
ca6,nea,5.93434705152934,1
li3,spa,5.93470714394982,1
spa,li3,5.93470714394984,1
sc4,ro1,5.9349399536964,1
ro1,sc4,5.93493995369642,1
sc1,ca4,5.93615163773963,1
ca4,sc1,5.93615163773964,1
ro3,li3,5.93656991392193,1
li3,ro3,5.93656991392193,1
lat,pm4,5.93731408317779,1
lat,li2,5.93768225515385,1
li2,lat,5.93768225515386,1
sro,ron,5.9389566420859,1
ron,sro,5.9389566420859,1
nea,lm1,5.93922871807576,1
lm1,nea,5.93922871807576,1
eg4,por,5.93951636801321,1
por,eg4,5.93951636801322,1
fra,eg2,5.9397646471128,1
eg2,fra,5.93976464711281,1
sc1,ca6,5.94102085127556,1
ca6,sc1,5.94102085127556,1
ron,eg3,5.94153184350872,1
eg3,ron,5.94153184350872,1
ro2,lm1,5.94159471079273,1
lm1,ro2,5.94159471079273,1
ro2,ca6,5.94219679492004,1
ca6,ro2,5.94219679492004,1
ast,ro3,5.94323183291202,1
ro3,ast,5.94323183291203,1
pr2,ca2,5.94380963219623,1
ca2,pr2,5.94380963219623,1
pr2,ca6,5.94393761234903,1
ca6,pr2,5.94393761234904,1
nea,pr1,5.94559084875679,1
pr1,nea,5.9455908487568,1
dlm,ro1,5.94917107747455,1
ro1,dlm,5.94917107747456,1
pr1,dlm,5.94928040394538,1
dlm,pr1,5.94928040394538,1
ron,eg2,5.94947658264847,1
eg2,ron,5.94947658264847,1
fra,eg3,5.95025326761037,1
eg3,fra,5.95025326761037,1
qbb,li2,5.95091430850044,1
li2,qbb,5.95091430850044,1
sc3,ro4,5.95114826415384,1
ro4,sc3,5.95114826415386,1
glg,dlm,5.95304712109935,1
dlm,glg,5.95304712109935,1
pm4,por,5.95485817873073,1
li2,pr2,5.95581731845626,1
pr2,li2,5.95581731845628,1
qbb,dlm,5.95821715204298,1
dlm,qbb,5.95821715204298,1
sc3,ca2,5.9590745997892,1
ca2,sc3,5.95907459978921,1
sc3,ro2,5.96035565224884,1
ro2,sc3,5.96035565224885,1
ll2,ca1,5.96071645949703,1
ca1,ll2,5.96071645949704,1
fra,ve2,5.96271913934182,1
ve2,fra,5.96271913934183,1
pcd,fro,5.96343646763242,1
fro,pcd,5.96343646763242,1
sc3,rup,5.96715908796388,1
rup,sc3,5.96715908796389,1
li2,ca3,5.96894853081469,1
ca3,li2,5.9689485308147,1
ll1,ast,5.96895119825842,1
ast,ll1,5.96895119825842,1
ve2,pcd,5.96897467247372,1
pcd,ve2,5.96897467247372,1
ll1,ca4,5.96934936689025,1
ca4,ll1,5.96934936689025,1
pr2,ast,5.97046775769708,1
ast,pr2,5.97046775769709,1
sro,pm2,5.97157553446231,1
pm2,sro,5.97157553446231,1
sro,spa,5.97214438163604,1
spa,sro,5.97214438163604,1
li1,fro,5.97281276491062,1
fro,li1,5.97281276491063,1
ll2,por,5.97359985189258,1
por,ll2,5.97359985189259,1
pm4,lat,5.97380308933093,1
dlm,ll1,5.97702994829269,1
ll1,dlm,5.9770299482927,1
spa,pm2,5.97718162529813,1
pm2,spa,5.97718162529813,1
spa,lm2,5.97749550546984,1
lm2,spa,5.97749550546984,1
nea,ca5,5.97854737899821,1
ca5,nea,5.97854737899822,1
sro,pm4,5.98034771790753,1
ron,fur,5.98088510415265,1
fur,ron,5.98088510415265,1
fra,pm5,5.98129083821144,1
pm5,fra,5.98129083821145,1
sro,ast,5.98222183799255,1
ast,sro,5.98222183799255,1
sro,rup,5.98269249501876,1
rup,sro,5.98269249501877,1
fra,ve3,5.98293328731723,1
ve3,fra,5.98293328731724,1
fro,dlm,5.98345393885554,1
dlm,fro,5.98345393885555,1
eg1,ro3,5.98418548832635,1
ro3,eg1,5.98418548832636,1
ruo,ito,5.98439971927328,1
ito,ruo,5.98439971927328,1
por,pr1,5.98455852008029,1
pr1,por,5.9845585200803,1
li2,dlm,5.98539690227699,1
dlm,li2,5.985396902277,1
sc2,ca2,5.98562938448751,1
ca2,sc2,5.98562938448751,1
ll2,lat,5.98716092137597,1
lat,ll2,5.98716092137597,1
ll2,ca3,5.98815138391373,1
ca3,ll2,5.98815138391373,1
nea,ca4,5.98859860634689,1
ca4,nea,5.9885986063469,1
dlm,lm1,5.99237870879498,1
lm1,dlm,5.99237870879499,1
sro,nea,5.99296178931682,1
nea,sro,5.99296178931683,1
nea,ast,5.9937947810441,1
ast,nea,5.99379478104411,1
pcd,pm5,5.9942044138629,1
pm5,pcd,5.99420441386291,1
src,lm2,5.99484658354083,1
lm2,src,5.99484658354083,1
src,rup,5.99508508170478,1
rup,src,5.99508508170479,1
ro1,ca2,5.99565968590336,1
ca2,ro1,5.99565968590336,1
sc2,ro2,5.99715208698796,1
ro2,sc2,5.99715208698796,1
sc3,ro3,5.99804160942091,1
ro3,sc3,5.99804160942092,1
fro,eg1,6.00169385936156,1
eg1,fro,6.00169385936156,1
ca2,ro3,6.00225452284369,1
ro3,ca2,6.0022545228437,1
ll2,pr2,6.00306037138248,1
pr2,ll2,6.00306037138249,1
pcd,eg3,6.00445192382334,1
eg3,pcd,6.00445192382335,1
sc2,ll1,6.00461407868173,1
ll1,sc2,6.00461407868173,1
ll1,glg,6.00546900339929,1
glg,ll1,6.0054690033993,1
win,pm5,6.00547798591123,1
pm5,win,6.00547798591123,1
lat,pm2,6.00637068512681,1
pm2,lat,6.00637068512682,1
lat,fur,6.00651765684413,1
fur,lat,6.00651765684414,1
sc4,ca2,6.00776229168023,1
ca2,sc4,6.00776229168023,1
fro,lm1,6.00877288948164,1
lm1,fro,6.00877288948165,1
eg1,ro2,6.00895602665187,1
ro2,eg1,6.00895602665188,1
rup,itg,6.00949887856874,1
itg,rup,6.00949887856874,1
ro1,itf,6.01275526561572,1
itf,ro1,6.01275526561572,1
ron,glg,6.01297675061339,1
glg,ron,6.0129767506134,1
ve1,ro2,6.01332218053783,1
ro2,ve1,6.01332218053783,1
lat,por,6.01364674154692,1
por,lat,6.01364674154693,1
spa,dlm,6.01415766643476,1
dlm,spa,6.01415766643476,1
dlm,src,6.01494449025979,1
src,dlm,6.0149444902598,1
por,sc1,6.01498981258128,1
sc1,por,6.01498981258129,1
pcd,eg4,6.01677050050791,1
eg4,pcd,6.01677050050793,1
ron,pm4,6.01965606058838,1
fra,eg4,6.02051350113949,1
eg4,fra,6.0205135011395,1
pcd,ita,6.02102320164667,1
ita,pcd,6.02102320164667,1
ron,li2,6.02173542175847,1
li2,ron,6.02173542175847,1
lat,ca4,6.02265174624268,1
ca4,lat,6.0226517462427,1
sc2,rup,6.02367084406255,1
rup,sc2,6.02367084406257,1
qbb,ca4,6.02376015706112,1
ca4,qbb,6.02376015706114,1
ro3,itf,6.02537981332156,1
itf,ro3,6.02537981332156,1
sc2,ro4,6.02546296838794,1
ro4,sc2,6.02546296838794,1
li3,fro,6.02580400821821,1
fro,li3,6.02580400821821,1
fra,fur,6.02619819364612,1
fur,fra,6.02619819364613,1
por,ca3,6.02631785113846,1
ca3,por,6.02631785113846,1
por,ca2,6.02791732865305,1
ca2,por,6.02791732865306,1
spa,nea,6.02820319727802,1
nea,spa,6.02820319727802,1
li3,fra,6.02828033396693,1
fra,li3,6.02828033396693,1
ita,fra,6.02830298557944,1
fra,ita,6.02830298557946,1
pm4,ron,6.02830440776529,1
ro1,ast,6.02923374024805,1
ast,ro1,6.02923374024805,1
pm1,sro,6.03283375077577,1
sro,pm1,6.03283375077578,1
sc2,ca3,6.03304042072929,1
ca3,sc2,6.0330404207293,1
qbb,ca5,6.03414766291394,1
ca5,qbb,6.03414766291395,1
ro3,li2,6.0357460293892,1
li2,ro3,6.0357460293892,1
lat,ca5,6.03728248751526,1
ca5,lat,6.03728248751527,1
sc3,ca3,6.03955595319829,1
ca3,sc3,6.03955595319829,1
ve2,ron,6.03972760087225,1
ron,ve2,6.03972760087225,1
pr1,lat,6.04094257728727,1
lat,pr1,6.04094257728727,1
ro4,itf,6.04168107953453,1
itf,ro4,6.04168107953453,1
rup,dlm,6.04211809155561,1
dlm,rup,6.04211809155561,1
ll2,fra,6.04238332642578,1
fra,ll2,6.04238332642578,1
eg1,ron,6.04242718229205,1
ron,eg1,6.04242718229206,1
rup,li2,6.04316629140393,1
li2,rup,6.04316629140394,1
lat,ruq,6.04527223933949,1
ruq,lat,6.0452722393395,1
dlm,ca2,6.04611501892504,1
ca2,dlm,6.04611501892504,1
fra,ro3,6.04764461534173,1
ro3,fra,6.04764461534174,1
src,pm5,6.04784188451109,1
pm5,src,6.0478418845111,1
sro,pm5,6.04793117486686,1
pm5,sro,6.04793117486687,1
lat,pm3,6.04794246368223,1
pm3,lat,6.04794246368224,1
ruo,dlm,6.04932865517379,1
dlm,ruo,6.04932865517379,1
ita,ruq,6.0511470044423,1
ruq,ita,6.05114700444231,1
pcd,eg2,6.05301495834327,1
eg2,pcd,6.05301495834328,1
ro2,ca2,6.05335794672962,1
ca2,ro2,6.05335794672963,1
fra,ca1,6.05348479695526,1
ca1,fra,6.05348479695526,1
ll1,ca2,6.05467178627532,1
ca2,ll1,6.05467178627532,1
sro,pr1,6.05470245190187,1
pr1,sro,6.05470245190187,1
pr2,ll1,6.05600831998996,1
ll1,pr2,6.05600831998996,1
ro2,ast,6.0561551351485,1
ast,ro2,6.0561551351485,1
sro,fur,6.05686216928543,1
fur,sro,6.05686216928544,1
sc3,ron,6.05824786038283,1
ron,sc3,6.05824786038283,1
pr2,eg1,6.05996381876354,1
eg1,pr2,6.05996381876354,1
ron,pm2,6.06020468878204,1
pm2,ron,6.06020468878204,1
sc1,pr1,6.061232828825,1
pr1,sc1,6.06123282882501,1
ron,pm3,6.06227617942669,1
pm3,ron,6.0622761794267,1
spa,pm1,6.06342496872426,1
pm1,spa,6.06342496872426,1
ro4,pr2,6.06557524917044,1
pr2,ro4,6.06557524917044,1
eg1,sro,6.0686703139901,1
sro,eg1,6.06867031399011,1
sc1,lm1,6.06920130378846,1
lm1,sc1,6.06920130378847,1
ll1,ca3,6.07099854885313,1
ca3,ll1,6.07099854885313,1
sro,ca5,6.07295361068068,1
ca5,sro,6.07295361068069,1
li1,fra,6.07319270478459,1
fra,li1,6.0731927047846,1
qbb,pm4,6.07379765879386,1
qbb,ll2,6.07428889748621,1
ll2,qbb,6.07428889748621,1
pr2,spa,6.07557612305217,1
spa,pr2,6.07557612305218,1
ro4,ast,6.07604177080297,1
ast,ro4,6.07604177080298,1
li3,ca3,6.07627933423391,1
ca3,li3,6.07627933423391,1
sc4,ro4,6.0765091052265,1
ro4,sc4,6.0765091052265,1
ron,eg4,6.07799261601691,1
eg4,ron,6.07799261601691,1
sc4,ro2,6.07930377248912,1
ro2,sc4,6.07930377248913,1
sc2,ron,6.07989140770221,1
ron,sc2,6.07989140770221,1
lm2,ca3,6.08148988076376,1
ca3,lm2,6.08148988076377,1
sc3,fro,6.08223837231558,1
fro,sc3,6.08223837231558,1
sc2,ro3,6.08395203659959,1
ro3,sc2,6.0839520365996,1
fra,ro2,6.08486520945258,1
ro2,fra,6.08486520945259,1
ito,fra,6.08493620704087,1
fra,ito,6.08493620704088,1
ro2,itf,6.08517173238078,1
itf,ro2,6.08517173238079,1
sro,ca4,6.08905993544793,1
ca4,sro,6.08905993544793,1
ll1,spa,6.08974427818439,1
spa,ll1,6.0897442781844,1
fra,ca4,6.09000084350294,1
ca4,fra,6.09000084350295,1
dlm,sc4,6.09166267405801,1
sc4,dlm,6.09166267405802,1
sro,ca2,6.0928657778102,1
ca2,sro,6.09286577781021,1
nea,ca2,6.09405974446799,1
ca2,nea,6.094059744468,1
fra,ca5,6.09851366202417,1
ca5,fra,6.09851366202418,1
lat,eg1,6.0991121753432,1
eg1,lat,6.09911217534321,1
sro,ca6,6.09915427256774,1
ca6,sro,6.09915427256775,1
ve1,ron,6.09945449508962,1
ron,ve1,6.09945449508962,1
dlm,li3,6.10413801989065,1
li3,dlm,6.10413801989066,1
li2,fro,6.10492196198597,1
fro,li2,6.10492196198597,1
ruq,fur,6.10564035721391,1
fur,ruq,6.10564035721391,1
qbb,ca6,6.10938845409224,1
ca6,qbb,6.10938845409225,1
dlm,ruq,6.11248767352314,1
ruq,dlm,6.11248767352315,1
lat,ca6,6.11447358617475,1
ca6,lat,6.11447358617476,1
lm2,sro,6.11770984679425,1
sro,lm2,6.11770984679426,1
pcd,li1,6.11790957637687,1
li1,pcd,6.11790957637687,1
por,eg1,6.11961238849662,1
eg1,por,6.11961238849662,1
win,eg2,6.12034822959412,1
eg2,win,6.12034822959412,1
src,fro,6.12123811870106,1
fro,src,6.12123811870106,1
fra,ca3,6.12222346732934,1
ca3,fra,6.12222346732935,1
src,ca1,6.12256915660794,1
ca1,src,6.12256915660794,1
ron,ca4,6.12283316615984,1
ca4,ron,6.12283316615985,1
qbb,ca2,6.12386402620596,1
ca2,qbb,6.12386402620597,1
sc1,ro1,6.1246130874386,1
ro1,sc1,6.12461308743861,1
ruo,itg,6.12648028224521,1
itg,ruo,6.12648028224522,1
ve1,fra,6.12851122171017,1
fra,ve1,6.12851122171017,1
sro,por,6.12908400497515,1
por,sro,6.12908400497515,1
ve1,pcd,6.13036345868494,1
pcd,ve1,6.13036345868494,1
pr2,itf,6.13041332228273,1
itf,pr2,6.13041332228273,1
qbb,fur,6.1318243257146,1
fur,qbb,6.1318243257146,1
ron,pr1,6.1330431151835,1
pr1,ron,6.1330431151835,1
ron,ca6,6.13368654501366,1
ca6,ron,6.13368654501367,1
pcd,ca5,6.13715108566272,1
ca5,pcd,6.13715108566273,1
lat,ca2,6.13890383646449,1
ca2,lat,6.1389038364645,1
spa,ro2,6.13914995724779,1
ro2,spa,6.13914995724779,1
fra,eg1,6.13929053513243,1
eg1,fra,6.13929053513243,1
nea,dlm,6.13965164171746,1
dlm,nea,6.13965164171746,1
spa,ro4,6.14167759765066,1
ro4,spa,6.14167759765066,1
lat,pm5,6.14185496248335,1
pm5,lat,6.14185496248336,1
sc1,ll1,6.14325967445149,1
ll1,sc1,6.14325967445149,1
pm4,qbb,6.14341188357364,1
pcd,ca4,6.1435882660606,1
ca4,pcd,6.14358826606061,1
src,ll1,6.14469191868151,1
ll1,src,6.14469191868152,1
sro,ll2,6.14557911402622,1
ll2,sro,6.14557911402622,1
ron,ca5,6.14737294410314,1
ca5,ron,6.14737294410315,1
lat,pm1,6.14905570610324,1
pm1,lat,6.14905570610325,1
ron,ll2,6.15132801463384,1
ll2,ron,6.15132801463384,1
lm2,fra,6.15263361815788,1
fra,lm2,6.15263361815788,1
glg,fra,6.15369988939978,1
fra,glg,6.15369988939978,1
win,lm2,6.15383659091045,1
lm2,win,6.15383659091045,1
fra,ll1,6.15417667515179,1
ll1,fra,6.1541766751518,1
ron,ast,6.15505159954993,1
ast,ron,6.15505159954993,1
pcd,ito,6.15587236361143,1
ito,pcd,6.15587236361144,1
sc4,ro3,6.15594039147135,1
ro3,sc4,6.15594039147136,1
fur,win,6.1565859669732,1
win,fur,6.15658596697321,1
sc1,ro2,6.15705854504055,1
ro2,sc1,6.15705854504055,1
lat,ro1,6.15709341203341,1
ro1,lat,6.15709341203342,1
fro,por,6.15852696860553,1
por,fro,6.15852696860554,1
ro4,por,6.15912241515989,1
por,ro4,6.1591224151599,1
fra,ca6,6.1592441288413,1
ca6,fra,6.1592441288413,1
sc1,ca2,6.15994903265846,1
ca2,sc1,6.15994903265846,1
por,li3,6.16053797528565,1
li3,por,6.16053797528565,1
src,ro1,6.16170342875698,1
ro1,src,6.16170342875698,1
sc3,pr2,6.16276093064131,1
pr2,sc3,6.16276093064132,1
ron,spa,6.16292975069285,1
spa,ron,6.16292975069286,1
spa,ro1,6.1639971694009,1
ro1,spa,6.16399716940091,1
pcd,li3,6.16543330205429,1
li3,pcd,6.1654333020543,1
ve3,win,6.16648985180078,1
win,ve3,6.16648985180079,1
sc1,ro4,6.16726702159047,1
ro4,sc1,6.16726702159047,1
qbb,eg1,6.16738975963619,1
eg1,qbb,6.16738975963619,1
src,ro4,6.16825885943888,1
ro4,src,6.16825885943888,1
qbb,por,6.17095601679818,1
por,qbb,6.17095601679819,1
ro1,por,6.17136617266254,1
por,ro1,6.17136617266254,1
fro,sc2,6.17162673731791,1
sc2,fro,6.17162673731792,1
qbb,pm2,6.17501066208689,1
pm2,qbb,6.1750106620869,1
sro,lm1,6.17669024998761,1
lm1,sro,6.17669024998762,1
ron,pm1,6.17847787667996,1
pm1,ron,6.17847787667996,1
ito,ruq,6.17917804621978,1
ruq,ito,6.17917804621979,1
qbb,pr1,6.18303847041433,1
pr1,qbb,6.18303847041433,1
lat,ro4,6.18304763827876,1
ro4,lat,6.18304763827877,1
pr2,ca1,6.18509322735108,1
ca1,pr2,6.18509322735108,1
pcd,ro2,6.18557261213901,1
ro2,pcd,6.18557261213902,1
ruo,itf,6.18749005846172,1
itf,ruo,6.18749005846173,1
fro,itf,6.1882328662655,1
itf,fro,6.18823286626551,1
rup,glg,6.1912627226227,1
glg,rup,6.1912627226227,1
src,ro3,6.19191301692587,1
ro3,src,6.19191301692587,1
ron,lat,6.19262667028915,1
lat,ron,6.19262667028915,1
nea,lat,6.19412507553318,1
lat,nea,6.19412507553319,1
pcd,ca6,6.19426152560902,1
ca6,pcd,6.19426152560903,1
ruq,ro4,6.19443859535517,1
ro4,ruq,6.19443859535518,1
dlm,ca1,6.19473501823993,1
ca1,dlm,6.19473501823994,1
li3,lat,6.19527602868606,1
lat,li3,6.19527602868606,1
lat,ro2,6.19584041835836,1
ro2,lat,6.19584041835837,1
eg3,ruq,6.19632159760064,1
ruq,eg3,6.19632159760065,1
spa,ro3,6.20117659306456,1
ro3,spa,6.20117659306457,1
ruo,li1,6.20271521862762,1
li1,ruo,6.20271521862762,1
sro,ca1,6.2031085313216,1
ca1,sro,6.2031085313216,1
por,fur,6.20650010613434,1
fur,por,6.20650010613434,1
win,ca5,6.2095633304891,1
ca5,win,6.2095633304891,1
qbb,pm3,6.2121506243335,1
pm3,qbb,6.21215062433351,1
pr2,ro1,6.21436219446895,1
ro1,pr2,6.21436219446896,1
pcd,glg,6.21613529442205,1
glg,pcd,6.21613529442205,1
ron,lm2,6.21819874995097,1
lm2,ron,6.21819874995097,1
ve2,win,6.21865227203671,1
win,ve2,6.21865227203672,1
sc1,rup,6.22271866845238,1
rup,sc1,6.22271866845239,1
pcd,fur,6.2237222722742,1
fur,pcd,6.22372227227421,1
sc2,pr2,6.22475931588816,1
pr2,sc2,6.22475931588816,1
win,ca4,6.22599982124278,1
ca4,win,6.22599982124278,1
pcd,eg1,6.22629079369387,1
eg1,pcd,6.22629079369388,1
ron,sc1,6.22698202214638,1
sc1,ron,6.22698202214639,1
por,lm2,6.2284479411188,1
lm2,por,6.2284479411188,1
ron,ca2,6.23093247217235,1
ca2,ron,6.23093247217235,1
ruq,ca1,6.23110119906321,1
ca1,ruq,6.23110119906321,1
pcd,itg,6.23249917941294,1
itg,pcd,6.23249917941294,1
ve3,ruo,6.23522238561493,1
ruo,ve3,6.23522238561493,1
pcd,lm2,6.23554984926645,1
lm2,pcd,6.23554984926646,1
ruq,sc3,6.24013075023669,1
sc3,ruq,6.2401307502367,1
ruo,eg3,6.24056187239299,1
eg3,ruo,6.24056187239299,1
sc4,ca3,6.24094961971994,1
ca3,sc4,6.24094961971995,1
sc1,fro,6.24104546694837,1
fro,sc1,6.24104546694837,1
por,pm4,6.24127128993263,1
qbb,pm1,6.24146008010006,1
pm1,qbb,6.24146008010007,1
src,ro2,6.24196604065062,1
ro2,src,6.24196604065062,1
ron,ro1,6.24208382355138,1
ro1,ron,6.24208382355139,1
ruo,src,6.24294326366133,1
src,ruo,6.24294326366134,1
sc4,fro,6.24344879377476,1
fro,sc4,6.24344879377476,1
qbb,li3,6.24372087060078,1
li3,qbb,6.24372087060078,1
ca1,sc1,6.24374407218791,1
sc1,ca1,6.24374407218792,1
itg,fra,6.2447079920486,1
fra,itg,6.24470799204861,1
ro3,por,6.24551472070188,1
por,ro3,6.24551472070188,1
ro2,por,6.24611151128019,1
por,ro2,6.24611151128019,1
ca2,fra,6.24718136221455,1
fra,ca2,6.24718136221456,1
ron,ca1,6.24729081508236,1
ca1,ron,6.24729081508237,1
sro,dlm,6.24953714636629,1
dlm,sro,6.24953714636629,1
ro4,pcd,6.25001064645908,1
pcd,ro4,6.25001064645908,1
win,li3,6.25655736455107,1
li3,win,6.25655736455107,1
win,eg4,6.25993268287152,1
eg4,win,6.25993268287152,1
ve2,ruq,6.26033473095819,1
ruq,ve2,6.2603347309582,1
fra,lm1,6.26232466398324,1
lm1,fra,6.26232466398325,1
qbb,ro4,6.26376547031084,1
ro4,qbb,6.26376547031085,1
pcd,lm1,6.26402152182574,1
lm1,pcd,6.26402152182575,1
eg3,win,6.26482804877335,1
win,eg3,6.26482804877336,1
ro3,pcd,6.26491255053416,1
pcd,ro3,6.26491255053416,1
win,ca6,6.26559150530002,1
ca6,win,6.26559150530002,1
ruo,glg,6.26662600494092,1
glg,ruo,6.26662600494093,1
ron,ca3,6.26820268416797,1
ca3,ron,6.26820268416797,1
sc1,ro3,6.26851761989164,1
ro3,sc1,6.26851761989165,1
sro,ro4,6.26866676680729,1
ro4,sro,6.2686667668073,1
ruo,fur,6.26896364001582,1
fur,ruo,6.26896364001583,1
ruq,nea,6.2695371879093,1
nea,ruq,6.2695371879093,1
qbb,ro1,6.27202715047939,1
ro1,qbb,6.2720271504794,1
ruq,itf,6.27388477347451,1
itf,ruq,6.27388477347452,1
win,ca2,6.27407398149821,1
ca2,win,6.27407398149821,1
qbb,pm5,6.2762609270618,1
pm5,qbb,6.27626092706181,1
ron,li3,6.27818912196997,1
li3,ron,6.27818912196997,1
qbb,nea,6.27923381056909,1
nea,qbb,6.27923381056909,1
por,pm2,6.27934323688205,1
pm2,por,6.27934323688205,1
ruq,itg,6.2805574459049,1
itg,ruq,6.2805574459049,1
pcd,ll2,6.28226732049563,1
ll2,pcd,6.28226732049563,1
li1,ruq,6.2847269254574,1
ruq,li1,6.28472692545741,1
ron,qbb,6.28806969231055,1
qbb,ron,6.28806969231055,1
ro3,pr2,6.28848798423792,1
pr2,ro3,6.28848798423792,1
ruq,ca5,6.28966705939764,1
ca5,ruq,6.28966705939765,1
ve3,ruq,6.29044538519169,1
ruq,ve3,6.29044538519169,1
ruo,eg1,6.29044714681154,1
eg1,ruo,6.29044714681155,1
win,ro1,6.29248012609753,1
ro1,win,6.29248012609753,1
sro,ca3,6.29355410894366,1
ca3,sro,6.29355410894366,1
sc2,ruq,6.29396370053328,1
ruq,sc2,6.29396370053328,1
win,ro4,6.29465025674921,1
ro4,win,6.29465025674921,1
ruq,eg2,6.2953237505835,1
eg2,ruq,6.2953237505835,1
lat,lm2,6.29715323982564,1
lm2,lat,6.29715323982565,1
ron,ro4,6.29737486085602,1
ro4,ron,6.29737486085602,1
ruq,glg,6.29805875463808,1
glg,ruq,6.29805875463808,1
pcd,itf,6.29916638255861,1
itf,pcd,6.29916638255862,1
ruq,pm3,6.29937191531928,1
pm3,ruq,6.29937191531928,1
sro,ruq,6.30049506108102,1
ruq,sro,6.30049506108102,1
pr2,ca3,6.30131900588103,1
ca3,pr2,6.30131900588104,1
win,ca1,6.30162151731962,1
ca1,win,6.30162151731963,1
qbb,ro2,6.3018226747369,1
ro2,qbb,6.30182267473691,1
li2,fra,6.30196019295623,1
fra,li2,6.30196019295623,1
ca3,sc1,6.30254778617898,1
sc1,ca3,6.30254778617899,1
src,pr2,6.30333886411497,1
pr2,src,6.30333886411497,1
por,pm3,6.30422078124419,1
pm3,por,6.30422078124419,1
ve2,ruo,6.30422183958342,1
ruo,ve2,6.30422183958342,1
pr2,dlm,6.3045730011554,1
dlm,pr2,6.3045730011554,1
win,li1,6.30614234617304,1
li1,win,6.30614234617304,1
sc4,ron,6.30670369113786,1
ron,sc4,6.30670369113786,1
ron,pm5,6.30796232932581,1
pm5,ron,6.30796232932582,1
ro2,pr2,6.30832945623459,1
pr2,ro2,6.30832945623459,1
lat,fro,6.31152015677169,1
fro,lat,6.31152015677169,1
pcd,ro1,6.31237727811827,1
ro1,pcd,6.31237727811828,1
win,eg1,6.31259300882121,1
eg1,win,6.31259300882121,1
pcd,ca2,6.31338208165894,1
ca2,pcd,6.31338208165895,1
fra,ast,6.31341308929583,1
ast,fra,6.31341308929583,1
win,ve1,6.3143796669997,1
ve1,win,6.3143796669997,1
pm4,ruq,6.3146899437334,1
ruq,ro1,6.31976148679157,1
ro1,ruq,6.31976148679157,1
ruq,ca4,6.32307336545902,1
ca4,ruq,6.32307336545902,1
dlm,ca3,6.32363054755037,1
ca3,dlm,6.32363054755038,1
pcd,ast,6.32583219416207,1
ast,pcd,6.32583219416208,1
src,ca3,6.32783455498735,1
ca3,src,6.32783455498735,1
ve3,rup,6.32848428647957,1
rup,ve3,6.32848428647958,1
sc4,rup,6.33246334783187,1
rup,sc4,6.33246334783188,1
ruq,pm2,6.33287153913708,1
pm2,ruq,6.33287153913708,1
eg2,rup,6.33462563052573,1
rup,eg2,6.33462563052574,1
ruo,eg2,6.3366065470053,1
eg2,ruo,6.3366065470053,1
lat,rup,6.33898384349146,1
rup,lat,6.33898384349147,1
pcd,li2,6.3397314792429,1
li2,pcd,6.33973147924291,1
ron,ll1,6.34171301660949,1
ll1,ron,6.34171301660949,1
eg3,rup,6.34296332340718,1
rup,eg3,6.34296332340719,1
ron,fro,6.34478069833374,1
fro,ron,6.34478069833374,1
win,ro2,6.35099527895377,1
ro2,win,6.35099527895377,1
rup,li3,6.35135749972393,1
li3,rup,6.35135749972393,1
por,ll1,6.35276345834201,1
ll1,por,6.35276345834201,1
win,lm1,6.35355748301021,1
lm1,win,6.35355748301021,1
por,pm1,6.35389202153333,1
pm1,por,6.35389202153333,1
eg4,ruq,6.35692938621764,1
ruq,eg4,6.35692938621765,1
qbb,lm2,6.3572076866966,1
lm2,qbb,6.3572076866966,1
lat,ro3,6.3573297486662,1
ro3,lat,6.35732974866621,1
ruq,ca6,6.3585220884708,1
ca6,ruq,6.35852208847081,1
win,ll2,6.35933791244756,1
ll2,win,6.35933791244756,1
rup,qbb,6.36013355440467,1
qbb,rup,6.36013355440467,1
sro,ro1,6.36128029725075,1
ro1,sro,6.36128029725075,1
rup,fur,6.36273452654815,1
fur,rup,6.36273452654815,1
ron,ro2,6.36313924271981,1
ro2,ron,6.36313924271981,1
fro,sro,6.36318247933706,1
sro,fro,6.36318247933707,1
win,ro3,6.36389904636986,1
ro3,win,6.36389904636986,1
spa,rup,6.36499332015112,1
rup,spa,6.36499332015112,1
ita,win,6.36613929456811,1
win,ita,6.36613929456812,1
rup,por,6.36622651313714,1
por,rup,6.36622651313714,1
sc1,ruq,6.36655640306149,1
ruq,sc1,6.36655640306149,1
win,ca3,6.36856131473895,1
ca3,win,6.36856131473896,1
sc4,pr2,6.36876898531353,1
pr2,sc4,6.36876898531355,1
ruq,ro2,6.3690454335554,1
ro2,ruq,6.3690454335554,1
sc3,fra,6.37026828182548,1
fra,sc3,6.3702682818255,1
eg1,ruq,6.37613987331425,1
ruq,eg1,6.37613987331426,1
ve2,rup,6.37809115761529,1
rup,ve2,6.3780911576153,1
ruq,pm4,6.37944152440533,1
lat,ca1,6.3795426812891,1
ca1,lat,6.37954268128911,1
ruo,li2,6.37960864357936,1
li2,ruo,6.37960864357936,1
fra,dlm,6.38201277276225,1
dlm,fra,6.38201277276225,1
ron,lm1,6.38221266172769,1
lm1,ron,6.38221266172769,1
fro,qbb,6.38465768567557,1
qbb,fro,6.38465768567558,1
ruq,ca3,6.38572471825038,1
ca3,ruq,6.38572471825038,1
ruq,fro,6.38854284219436,1
fro,ruq,6.38854284219436,1
rup,nea,6.3907105290599,1
nea,rup,6.3907105290599,1
rup,ca4,6.39336093793755,1
ca4,rup,6.39336093793755,1
ve1,rup,6.39336906571849,1
rup,ve1,6.3933690657185,1
por,pm5,6.39542673751602,1
pm5,por,6.39542673751603,1
lm1,lat,6.40057918802227,1
lat,lm1,6.40057918802227,1
ca5,rup,6.40072357172339,1
rup,ca5,6.4007235717234,1
pcd,ca3,6.40106859783543,1
ca3,pcd,6.40106859783544,1
spa,fra,6.40727650926629,1
fra,spa,6.4072765092663,1
por,lm1,6.4109093216283,1
lm1,por,6.4109093216283,1
por,dlm,6.41162160276919,1
dlm,por,6.41162160276919,1
ruo,eg4,6.41250569882004,1
eg4,ruo,6.41250569882004,1
sc3,ruo,6.41420884854475,1
ruo,sc3,6.41420884854475,1
sc3,pcd,6.41556717072466,1
pcd,sc3,6.41556717072466,1
src,ruq,6.41622012959173,1
ruq,src,6.41622012959173,1
rup,pm3,6.41716640590932,1
pm3,rup,6.41716640590932,1
sc4,ruq,6.42149681550477,1
ruq,sc4,6.42149681550477,1
sc2,fra,6.42180942176856,1
fra,sc2,6.42180942176856,1
ruq,pm1,6.42222180837613,1
pm1,ruq,6.42222180837613,1
ve1,ruo,6.42384784992991,1
ruo,ve1,6.42384784992992,1
lat,ca3,6.42448354415191,1
ca3,lat,6.42448354415192,1
pcd,dlm,6.42559233785364,1
dlm,pcd,6.42559233785365,1
qbb,lm1,6.42856177409027,1
lm1,qbb,6.42856177409028,1
eg1,rup,6.43302248457252,1
rup,eg1,6.43302248457253,1
rup,ca6,6.43476835204677,1
ca6,rup,6.43476835204677,1
pm4,rup,6.43829633192317,1
pcd,ca1,6.438348072716,1
ca1,pcd,6.438348072716,1
ron,ro3,6.43955078599243,1
ro3,ron,6.43955078599244,1
rup,ro4,6.44076620782847,1
ro4,rup,6.44076620782847,1
ll1,lat,6.44174080046045,1
lat,ll1,6.44174080046045,1
sro,ro2,6.44199746774294,1
ro2,sro,6.44199746774294,1
win,li2,6.444240084542,1
li2,win,6.444240084542,1
itf,fra,6.44482574674242,1
fra,itf,6.44482574674242,1
pcd,spa,6.44487158457872,1
spa,pcd,6.44487158457873,1
sro,ruo,6.4481827088622,1
ruo,sro,6.4481827088622,1
qbb,ro3,6.44879695561945,1
ro3,qbb,6.44879695561946,1
ruq,ro3,6.451290111561,1
ro3,ruq,6.45129011156101,1
ruq,li2,6.45180085369854,1
li2,ruq,6.45180085369854,1
sc2,ruo,6.45351257792756,1
ruo,sc2,6.45351257792756,1
ruo,pm2,6.45634069032889,1
pm2,ruo,6.4563406903289,1
ruq,ca2,6.45863324737556,1
ca2,ruq,6.45863324737556,1
rup,pm4,6.45909725975757,1
src,fra,6.45966628547734,1
fra,src,6.45966628547735,1
pcd,sc2,6.46270002538809,1
sc2,pcd,6.4627000253881,1
ron,por,6.46301993408841,1
por,ron,6.46301993408841,1
ruq,pr1,6.46475319356728,1
pr1,ruq,6.46475319356728,1
sc1,pr2,6.46875994304579,1
pr2,sc1,6.46875994304579,1
ito,win,6.46965802943823,1
win,ito,6.46965802943824,1
ruo,pm3,6.46983295542433,1
pm3,ruo,6.46983295542433,1
qbb,ca1,6.47029709084357,1
ca1,qbb,6.47029709084358,1
pcd,ll1,6.47052175112056,1
ll1,pcd,6.47052175112057,1
qbb,ca3,6.4731421634092,1
ca3,qbb,6.47314216340921,1
ruo,ll2,6.47363194622602,1
ll2,ruo,6.47363194622603,1
ruo,ca4,6.47543101367906,1
ca4,ruo,6.47543101367906,1
qbb,ll1,6.481069585453,1
ll1,qbb,6.48106958545301,1
rup,ca2,6.48144443158582,1
ca2,rup,6.48144443158582,1
sro,ll1,6.4826083289174,1
ll1,sro,6.4826083289174,1
eg4,rup,6.48315068407087,1
rup,eg4,6.48315068407088,1
ruo,lm2,6.48809172434084,1
lm2,ruo,6.48809172434084,1
rup,ast,6.48935803607751,1
ast,rup,6.48935803607752,1
ruo,ca6,6.49301759486591,1
ca6,ruo,6.49301759486592,1
sro,pr2,6.49491484633068,1
pr2,sro,6.49491484633068,1
rup,ro1,6.49726354793586,1
ro1,rup,6.49726354793586,1
ruo,pm4,6.49881966405209,1
pm4,ruo,6.50150588215303,1
rup,pm2,6.50177855052329,1
pm2,rup,6.50177855052329,1
ruo,ca5,6.50198778316884,1
ca5,ruo,6.50198778316884,1
ruo,spa,6.50313215285136,1
spa,ruo,6.50313215285137,1
win,ll1,6.50447999687319,1
ll1,win,6.50447999687319,1
ruq,ast,6.50569234460392,1
ast,ruq,6.50569234460392,1
rup,pm1,6.51045823717212,1
pm1,rup,6.51045823717212,1
ve1,ruq,6.51628922034057,1
ruq,ve1,6.51628922034057,1
nea,pr2,6.52509668006407,1
pr2,nea,6.52509668006408,1
fro,rup,6.52548707886615,1
rup,fro,6.52548707886616,1
itf,win,6.52594825788911,1
win,itf,6.52594825788912,1
ruq,lm2,6.52669313770782,1
lm2,ruq,6.52669313770782,1
ca3,rup,6.52795978193349,1
rup,ca3,6.5279597819335,1
itg,win,6.5338464455821,1
win,itg,6.53384644558211,1
sro,ro3,6.53582883977697,1
ro3,sro,6.53582883977697,1
ruo,ro1,6.53708219729058,1
ro1,ruo,6.53708219729059,1
glg,win,6.53919283820713,1
win,glg,6.53919283820714,1
ruq,qbb,6.54086521285529,1
qbb,ruq,6.54086521285529,1
rup,lm2,6.54535365564469,1
lm2,rup,6.54535365564469,1
sc1,pcd,6.54587447329442,1
pcd,sc1,6.54587447329442,1
pr2,lat,6.54702606319774,1
lat,pr2,6.54702606319774,1
sc4,pcd,6.54821404165931,1
pcd,sc4,6.54821404165932,1
ruo,pm1,6.54966921462735,1
pm1,ruo,6.54966921462735,1
ruo,ro2,6.55059467003691,1
ro2,ruo,6.55059467003691,1
win,dlm,6.55102834220226,1
dlm,win,6.55102834220226,1
src,pcd,6.55128462314214,1
pcd,src,6.55128462314214,1
ruq,pm5,6.55151708182072,1
pm5,ruq,6.55151708182072,1
ruo,ll1,6.5523046655007,1
ll1,ruo,6.5523046655007,1
por,fra,6.5530138037638,1
fra,por,6.55301380376381,1
ruo,ro4,6.56191106156466,1
ro4,ruo,6.56191106156467,1
win,sc3,6.56350830669577,1
sc3,win,6.56350830669577,1
nea,fra,6.56501753256777,1
fra,nea,6.56501753256778,1
spa,ruq,6.56534386933431,1
ruq,spa,6.56534386933432,1
ruo,sc1,6.56899712790537,1
sc1,ruo,6.56899712790538,1
win,ast,6.57142826737972,1
ast,win,6.57142826737972,1
sc4,fra,6.57247288363325,1
fra,sc4,6.57247288363326,1
ruq,por,6.57553187821908,1
por,ruq,6.57553187821908,1
ruq,lm1,6.58071206120219,1
lm1,ruq,6.58071206120219,1
lat,fra,6.58617712365061,1
fra,lat,6.58617712365061,1
ll2,ruq,6.58707101615533,1
ruq,ll2,6.58707101615534,1
ruo,ast,6.58842565725085,1
ast,ruo,6.58842565725086,1
rup,ro2,6.5887336238778,1
ro2,rup,6.5887336238778,1
ruo,lat,6.58946772784037,1
lat,ruo,6.58946772784037,1
ruo,ca2,6.59007306602457,1
ca2,ruo,6.59007306602457,1
sro,pcd,6.59535531019982,1
pcd,sro,6.59535531019982,1
ruo,li3,6.59613181843196,1
li3,ruo,6.59613181843196,1
rup,ro3,6.60425628657566,1
ro3,rup,6.60425628657566,1
rup,ca1,6.60510603498486,1
ca1,rup,6.60510603498486,1
por,pr2,6.61050300599413,1
pr2,por,6.61050300599414,1
sc2,win,6.61968302258149,1
win,sc2,6.6196830225815,1
ron,pr2,6.6221108367116,1
pr2,ron,6.6221108367116,1
ruq,li3,6.62320100776143,1
li3,ruq,6.62320100776143,1
pcd,nea,6.62617740283346,1
nea,pcd,6.62617740283346,1
ruo,ro3,6.63160766595985,1
ro3,ruo,6.63160766595985,1
ruo,pr1,6.63189598617928,1
pr1,ruo,6.63189598617928,1
ruq,ll1,6.63296205445279,1
ll1,ruq,6.63296205445279,1
rup,pr1,6.63565549381143,1
pr1,rup,6.63565549381143,1
qbb,pr2,6.64263753323641,1
pr2,qbb,6.64263753323642,1
ruo,lm1,6.64586065601607,1
lm1,ruo,6.64586065601607,1
ruo,ca1,6.65009974046517,1
ca1,ruo,6.65009974046518,1
sc4,ruo,6.6509990620491,1
ruo,sc4,6.6509990620491,1
ron,win,6.65319769290589,1
win,ron,6.6531976929059,1
ruo,pm5,6.65496318656255,1
pm5,ruo,6.65496318656256,1
por,pcd,6.65867255497126,1
pcd,por,6.65867255497126,1
win,sc4,6.66683008543231,1
sc4,win,6.66683008543231,1
win,src,6.67537727249806,1
src,win,6.67537727249806,1
rup,ll2,6.67612631436587,1
ll2,rup,6.67612631436587,1
win,nea,6.67861575983656,1
nea,win,6.67861575983656,1
ruq,fra,6.67956682780825,1
fra,ruq,6.67956682780826,1
ruo,nea,6.68111874010958,1
nea,ruo,6.68111874010958,1
sro,fra,6.6846705239261,1
fra,sro,6.6846705239261,1
ll1,rup,6.69036795391368,1
rup,ll1,6.69036795391369,1
win,sc1,6.70495663150398,1
sc1,win,6.70495663150398,1
win,spa,6.7049906725664,1
spa,win,6.7049906725664,1
ron,pcd,6.70737451627613,1
pcd,ron,6.70737451627613,1
sc1,fra,6.71056785607744,1
fra,sc1,6.71056785607744,1
ruo,ca3,6.72292631639735,1
ca3,ruo,6.72292631639736,1
pcd,lat,6.72813328541679,1
lat,pcd,6.72813328541679,1
ruo,por,6.72845676359433,1
por,ruo,6.72845676359433,1
qbb,fra,6.73349117113015,1
fra,qbb,6.73349117113015,1
win,sro,6.73848859314405,1
sro,win,6.73848859314405,1
rup,pm5,6.73998790846193,1
pm5,rup,6.73998790846194,1
ron,fra,6.74917334939073,1
fra,ron,6.74917334939073,1
ruo,pr2,6.75146380328454,1
pr2,ruo,6.75146380328455,1
ruo,qbb,6.75239799720722,1
qbb,ruo,6.75239799720722,1
qbb,pcd,6.76505370094216,1
pcd,qbb,6.76505370094216,1
rup,lm1,6.76585377785354,1
lm1,rup,6.76585377785354,1
ruo,fro,6.78737961518018,1
fro,ruo,6.78737961518018,1
win,lat,6.83442304077563,1
lat,win,6.83442304077563,1
rup,pr2,6.85001249444368,1
pr2,rup,6.85001249444368,1
ruq,pcd,6.86508507209481,1
pcd,ruq,6.86508507209481,1
ruo,fra,6.86846493701699,1
fra,ruo,6.86846493701699,1
ruq,pr2,6.87104794674466,1
pr2,ruq,6.87104794674467,1
win,ruq,6.88086422547586,1
ruq,win,6.88086422547586,1
win,por,6.90114291965541,1
por,win,6.90114291965541,1
win,qbb,6.91849214094562,1
qbb,win,6.91849214094562,1
win,ruo,6.9443566046794,1
ruo,win,6.9443566046794,1
ruo,pcd,6.96086548940923,1
pcd,ruo,6.96086548940923,1
rup,pcd,6.98207735083917,1
pcd,rup,6.98207735083917,1
win,rup,6.99293068743227,1
rup,win,6.99293068743227,1
rup,fra,7.02140771171739,1
fra,rup,7.02140771171739,1
