L1,L2,Score,Cluster_number
ca6,ca5,0.039517401940479,3
ca5,ca6,0.039517401940479,3
ca5,ca4,0.084701603079128,3
ca4,ca5,0.084701603079128,3
pm2,pm1,0.093629353410276,3
pm1,pm2,0.093629353410277,3
ca6,ca4,0.098627194544493,3
ca4,ca6,0.098627194544493,3
ito,ita,0.10295902792826,3
ita,ito,0.10295902792826,3
pm3,pm2,0.105350036980769,3
pm2,pm3,0.105350036980769,3
sc3,sc2,0.108483073378797,3
sc2,sc3,0.108483073378798,3
pm3,pm1,0.118671127753545,3
pm1,pm3,0.118671127753545,3
pm4,pm2,0.120891353576084,3
pm2,pm4,0.120891353576084,3
qbb,lat,0.126349349562413,3
lat,qbb,0.126349349562413,3
pm4,pm1,0.132655913440554,3
pm1,pm4,0.132655913440554,3
pm4,pm3,0.134216568180963,3
pm3,pm4,0.134216568180963,3
ca4,ca2,0.135736750468458,3
ca2,ca4,0.135736750468458,3
ve3,ve2,0.143608802183358,3
ve2,ve3,0.143608802183358,3
ca5,ca2,0.149226544389904,3
ca2,ca5,0.149226544389905,3
ca6,ca2,0.164884670468413,3
ca2,ca6,0.164884670468414,3
sc1,sc3,0.166916457847926,3
sc3,sc1,0.166916457847928,3
ca3,ca1,0.168816895591623,3
ca1,ca3,0.168816895591624,3
sc1,sc4,0.17002743283617,3
sc4,sc1,0.170027432836172,3
itg,ita,0.17484547356572,3
ita,itg,0.17484547356572,3
ro1,ro2,0.178061346093908,3
ro2,ro1,0.178061346093909,3
li2,li1,0.183989412736274,3
li1,li2,0.183989412736275,3
sc1,sc2,0.196654072478274,3
sc2,sc1,0.196654072478278,3
sc4,sc3,0.198193598421469,3
sc3,sc4,0.198193598421471,3
eg3,eg4,0.206449607539057,3
eg4,eg3,0.206449607539059,3
ca2,ca1,0.222418254964177,3
ca1,ca2,0.222418254964179,3
itg,ito,0.230704569481437,3
ito,itg,0.230704569481439,3
ast,spa,0.234064207557917,3
spa,ast,0.234064207557918,3
ro4,ro1,0.235387599169879,3
ro1,ro4,0.235387599169879,3
ve1,ve3,0.242567566636319,3
ve3,ve1,0.24256756663632,3
li3,li1,0.254860336613764,3
li1,li3,0.254860336613766,3
sc4,sc2,0.254996925387906,3
sc2,sc4,0.254996925387909,3
li3,li2,0.258620471729671,3
li2,li3,0.258620471729671,3
ro1,ro3,0.260011556560781,3
ro3,ro1,0.260011556560783,3
eg2,eg3,0.268858425972701,3
eg3,eg2,0.268858425972703,3
ca4,ca1,0.280988625779608,3
ca1,ca4,0.280988625779611,3
ca5,ca1,0.289301056330308,3
ca1,ca5,0.28930105633031,3
ca6,ca1,0.297911566312843,3
ca1,ca6,0.297911566312846,3
ve2,ve1,0.298360655276676,3
ve1,ve2,0.298360655276676,3
eg2,eg4,0.311336252656909,3
eg4,eg2,0.311336252656914,3
ca4,ca3,0.325734095489876,3
ca3,ca4,0.325734095489877,3
ca2,ca3,0.325918375351557,3
ca3,ca2,0.325918375351558,3
pm5,lm2,0.33170945568981,3
lm2,pm5,0.331709455689812,3
ast,glg,0.340695924298868,3
glg,ast,0.340695924298872,3
ca5,ca3,0.345887875511488,3
ca3,ca5,0.345887875511489,3
pm5,pm2,0.347992317659476,3
pm2,pm5,0.347992317659481,3
ve1,ita,0.348924312528223,3
ita,ve1,0.348924312528228,3
pm5,pm3,0.3517478669167,3
pm3,pm5,0.351747866916707,3
pm5,pm4,0.3518296984527,3
pm4,pm5,0.351829698452706,3
spa,glg,0.355208280475578,3
glg,spa,0.355208280475581,3
ll1,ll2,0.355540117902266,3
ll2,ll1,0.355540117902268,3
ca6,ca3,0.356055485972138,3
ca3,ca6,0.356055485972139,3
ro4,ro2,0.356448927413217,3
ro2,ro4,0.35644892741322,3
ro2,ro3,0.360716545164591,3
ro3,ro2,0.360716545164592,3
ve3,eg3,0.362801942353748,3
eg3,ve3,0.362801942353749,3
ro4,ro3,0.367812037174826,3
ro3,ro4,0.367812037174828,3
pm5,pm1,0.367948147322199,3
pm1,pm5,0.367948147322206,3
ve2,eg3,0.376619218732328,2
eg3,ve2,0.37661921873233,2
ve2,eg2,0.386862582088714,2
eg2,ve2,0.386862582088714,2
ve3,ita,0.387909138640906,2
ita,ve3,0.38790913864091,2
itg,itf,0.388119832548467,2
itf,itg,0.388119832548467,2
ve1,itg,0.388360583865338,2
itg,ve1,0.388360583865344,2
ve1,eg3,0.392481167963943,2
eg3,ve1,0.392481167963946,2
ve1,ito,0.393646692848706,2
ito,ve1,0.393646692848714,2
lm2,lm1,0.393845599659222,2
lm1,lm2,0.393845599659224,2
ve3,eg2,0.395325586632137,2
eg2,ve3,0.395325586632137,2
eg1,eg4,0.397654103652928,2
eg4,eg1,0.397654103652933,2
ve3,eg4,0.403346119215945,2
eg4,ve3,0.403346119215951,2
pm5,lm1,0.405427326966816,2
lm1,pm5,0.405427326966821,2
pcd,fra,0.408370189068497,2
fra,pcd,0.4083701890685,2
ve2,eg4,0.408985470987722,2
eg4,ve2,0.408985470987728,2
eg1,eg3,0.411418389634272,2
eg3,eg1,0.411418389634276,2
ve2,ll2,0.411506847988634,2
ll2,ve2,0.41150684798864,2
ve3,itg,0.413086872685888,2
itg,ve3,0.413086872685892,2
itf,ita,0.413239908280489,2
ita,itf,0.413239908280491,2
pm4,li1,0.415104878889452,2
li1,pm4,0.415104878889454,2
ve1,eg2,0.417118525142062,2
eg2,ve1,0.417118525142064,2
rup,ron,0.418319050210883,2
ron,rup,0.418319050210888,2
ve3,ito,0.421270251237788,2
ito,ve3,0.421270251237795,2
eg2,eg1,0.42893658837391,2
eg1,eg2,0.428936588373911,2
rup,ruq,0.429287796375333,2
ruq,rup,0.429287796375337,2
ve2,ita,0.429895205317997,2
ita,ve2,0.429895205318,2
itf,ito,0.430646775040361,2
ito,itf,0.430646775040365,2
lm2,pm1,0.433869913741756,2
pm1,lm2,0.433869913741761,2
pm5,li1,0.434561639686003,2
li1,pm5,0.434561639686012,2
pm2,li3,0.435220431694523,2
li3,pm2,0.435220431694524,2
lm2,pm4,0.435463674381723,2
pm4,lm2,0.435463674381727,2
pm2,li1,0.435780918543848,2
li1,pm2,0.435780918543853,2
pm5,ve2,0.4368825159228,2
ve2,pm5,0.436882515922803,2
ve2,pm4,0.437648159986102,2
pm4,ve2,0.437648159986104,2
ve3,pm4,0.440752114676286,2
pm4,ve3,0.440752114676287,2
pm3,li1,0.441686035461855,2
li1,pm3,0.441686035461859,2
itf,sc3,0.442684603710465,2
sc3,itf,0.44268460371047,2
ve1,eg4,0.443367338070519,2
eg4,ve1,0.443367338070525,2
lm2,pm3,0.445684567380506,2
pm3,lm2,0.44568456738051,2
pm5,ve3,0.448183172055399,2
ve3,pm5,0.448183172055404,2
pm4,li2,0.448360862560897,2
li2,pm4,0.448360862560898,2
lm1,eg4,0.449550099003279,2
eg4,lm1,0.449550099003286,2
li3,pm4,0.451222926410097,2
pm4,li3,0.4512229264101,2
lm1,eg3,0.452884009969653,2
eg3,lm1,0.452884009969658,2
lm2,pm2,0.453416161012623,2
pm2,lm2,0.453416161012625,2
ve2,itg,0.453445473427596,2
itg,ve2,0.453445473427599,2
pm4,eg3,0.453887556722031,2
eg3,pm4,0.453887556722032,2
src,sro,0.454530216624609,2
sro,src,0.454530216624612,2
ita,sc3,0.454562521904411,2
sc3,ita,0.454562521904414,2
ve2,pm3,0.455254830298842,2
pm3,ve2,0.455254830298845,2
itf,sc2,0.456161294856709,2
sc2,itf,0.456161294856717,2
ve2,ito,0.457033515873089,2
ito,ve2,0.457033515873096,2
pm2,eg3,0.458267918960761,2
eg3,pm2,0.458267918960767,2
pm2,li2,0.458502246239578,2
li2,pm2,0.458502246239581,2
ve1,li2,0.460436677451742,2
li2,ve1,0.460436677451748,2
ve3,ll2,0.460576304476244,2
ll2,ve3,0.460576304476251,2
pm4,eg4,0.461127283419252,2
eg4,pm4,0.461127283419257,2
pm1,eg3,0.462868354283321,2
eg3,pm1,0.462868354283325,2
win,fra,0.463959253301464,2
fra,win,0.463959253301465,2
itg,sc3,0.464602239397871,2
sc3,itg,0.464602239397875,2
pm5,li3,0.464793760473482,2
li3,pm5,0.464793760473488,2
pm5,eg4,0.465176859935426,2
eg4,pm5,0.465176859935438,2
li3,pm1,0.465903869407496,2
pm1,li3,0.465903869407497,2
pm1,li1,0.466531638578664,2
li1,pm1,0.466531638578669,2
ve1,li1,0.467184543878,2
li1,ve1,0.467184543878009,2
ruq,ron,0.467819948792487,2
ron,ruq,0.467819948792489,2
lm2,li1,0.467842192002018,2
li1,lm2,0.467842192002025,2
lm2,eg2,0.46816644109077,2
eg2,lm2,0.468166441090774,2
lm1,eg2,0.468183231108647,2
eg2,lm1,0.468183231108647,2
ve2,pm2,0.468499810684859,2
pm2,ve2,0.46849981068486,2
li3,pm3,0.468623135504109,2
pm3,li3,0.468623135504111,2
lm2,ve2,0.468769390257236,2
ve2,lm2,0.468769390257239,2
pm2,ve3,0.469511901007776,2
ve3,pm2,0.469511901007777,2
pm3,eg4,0.471067354333814,2
eg4,pm3,0.471067354333819,2
eg3,itg,0.472611885199665,2
itg,eg3,0.472611885199666,2
ve2,pm1,0.472939693498041,2
pm1,ve2,0.472939693498042,2
pm5,li2,0.473810003904314,2
li2,pm5,0.473810003904321,2
ve1,pm5,0.474226815811072,2
pm5,ve1,0.474226815811072,2
eg3,ita,0.474875151236797,2
ita,eg3,0.474875151236801,2
pm3,li2,0.476350785339139,2
li2,pm3,0.476350785339141,2
pm2,eg4,0.477011423074854,2
eg4,pm2,0.477011423074863,2
eg2,ita,0.477371313826594,2
ita,eg2,0.477371313826598,2
pm5,eg3,0.4781660881954,2
eg3,pm5,0.478166088195408,2
ita,sc2,0.478631455385186,2
sc2,ita,0.47863145538519,2
pm3,eg3,0.479401071354588,2
eg3,pm3,0.479401071354589,2
ve3,li1,0.479426068437457,2
li1,ve3,0.479426068437464,2
itg,sc2,0.479838695004532,2
sc2,itg,0.479838695004537,2
ve3,pm1,0.480259291618159,2
pm1,ve3,0.480259291618159,2
pm1,eg4,0.480831370389251,2
eg4,pm1,0.480831370389257,2
lm2,eg4,0.482564252661972,2
eg4,lm2,0.482564252661982,2
sc3,ito,0.483494173719427,2
ito,sc3,0.483494173719427,2
ve3,pm3,0.48351143374461,2
pm3,ve3,0.483511433744612,2
ve3,eg1,0.483796461329334,2
eg1,ve3,0.483796461329335,2
por,glg,0.486914137625087,2
glg,por,0.486914137625089,2
eg2,pm4,0.487125116005921,2
pm4,eg2,0.487125116005923,2
pm5,eg2,0.487265968033444,2
eg2,pm5,0.487265968033449,2
nea,sc3,0.4880013526014,2
sc3,nea,0.488001352601402,2
ve2,itf,0.488724999872723,2
itf,ve2,0.488724999872725,2
ve1,pm4,0.488734595676429,2
pm4,ve1,0.488734595676436,2
lm2,ve3,0.489709941338613,2
ve3,lm2,0.489709941338616,2
eg2,itg,0.489753106874155,2
itg,eg2,0.489753106874158,2
lm2,eg3,0.491046862683851,2
eg3,lm2,0.491046862683858,2
eg3,ll2,0.491828300615861,2
ll2,eg3,0.491828300615864,2
ito,sc2,0.492072486578278,2
sc2,ito,0.492072486578279,2
pm1,li2,0.492413590730503,2
li2,pm1,0.492413590730506,2
lm2,li3,0.494713425906941,2
li3,lm2,0.494713425906944,2
ve2,li1,0.494808388964946,2
li1,ve2,0.494808388964952,2
lm1,pm2,0.495342233037876,2
pm2,lm1,0.495342233037878,2
pm2,eg2,0.496259810095826,2
eg2,pm2,0.496259810095828,2
nea,sc2,0.496706033799506,2
sc2,nea,0.496706033799511,2
lm1,pm4,0.497939642317267,2
pm4,lm1,0.497939642317273,2
ve3,itf,0.499502711079202,2
itf,ve3,0.499502711079204,2
ve2,eg1,0.49983957370835,2
eg1,ve2,0.499839573708351,2
lm1,pm3,0.49984546597628,2
pm3,lm1,0.499845465976284,2
ve2,lm1,0.5000213766351,2
lm1,ve2,0.5000213766351,2
eg2,ll2,0.500836680988846,2
ll2,eg2,0.500836680988853,2
ruo,ron,0.501951590190189,2
ron,ruo,0.501951590190192,2
pm2,eg1,0.503210094807633,2
eg1,pm2,0.503210094807633,2
eg2,pm1,0.503523829229766,2
pm1,eg2,0.503523829229767,2
nea,itf,0.504655426891898,2
itf,nea,0.504655426891899,2
sc1,ita,0.505667147764934,2
ita,sc1,0.505667147764938,2
ve1,glg,0.505711387091978,2
glg,ve1,0.505711387091983,2
ve1,pm3,0.505958975476369,2
pm3,ve1,0.505958975476378,2
lm1,pm1,0.506628379011231,2
pm1,lm1,0.506628379011235,2
eg2,ito,0.50788602262173,2
ito,eg2,0.507886022621739,2
ve1,itf,0.508279020873072,2
itf,ve1,0.508279020873077,2
glg,ita,0.508315030141659,2
ita,glg,0.508315030141664,2
sc1,itf,0.508598393242104,2
itf,sc1,0.508598393242112,2
itf,li1,0.50869826185447,2
li1,itf,0.508698261854474,2
ita,eg4,0.508925722989466,2
eg4,ita,0.508925722989466,2
ca5,glg,0.509921292101773,2
glg,ca5,0.509921292101775,2
ve1,pm2,0.510028893633879,2
pm2,ve1,0.510028893633885,2
sc1,nea,0.511600895456781,2
nea,sc1,0.511600895456787,2
ve2,fur,0.513615632572598,2
fur,ve2,0.513615632572605,2
glg,ito,0.51364799100855,2
ito,glg,0.513647991008557,2
eg4,ll2,0.513754998047776,2
ll2,eg4,0.513754998047777,2
li1,ita,0.513803316524507,2
ita,li1,0.513803316524508,2
nea,ita,0.513961076288578,2
ita,nea,0.513961076288581,2
lm2,ll2,0.514173487419495,2
ll2,lm2,0.514173487419505,2
fur,ll2,0.514704616615491,2
ll2,fur,0.514704616615493,2
ve3,ca4,0.514768102571743,2
ca4,ve3,0.514768102571744,2
nea,ito,0.515013734665902,2
ito,nea,0.515013734665909,2
ve3,ca5,0.515497814174,2
ca5,ve3,0.515497814174001,2
ve1,li3,0.516051909453891,2
li3,ve1,0.516051909453896,2
itg,eg4,0.516346598860527,2
eg4,itg,0.516346598860529,2
itf,li2,0.518934529035919,2
li2,itf,0.51893452903592,2
ve3,sc3,0.519401197900124,2
sc3,ve3,0.51940119790013,2
itf,sc4,0.519471849705518,2
sc4,itf,0.51947184970552,2
eg2,itf,0.519555363255669,2
itf,eg2,0.519555363255673,2
eg2,pm3,0.520092654583156,2
pm3,eg2,0.520092654583158,2
ast,ca6,0.520110705224618,2
ca6,ast,0.520110705224621,2
eg3,itf,0.520298062368514,2
itf,eg3,0.520298062368515,2
eg1,pm4,0.5203602282865,2
pm4,eg1,0.520360228286502,2
ve1,pm1,0.520742904034132,2
pm1,ve1,0.520742904034139,2
eg2,sc3,0.52124467363853,2
sc3,eg2,0.521244673638535,2
ca6,glg,0.521615064251192,2
glg,ca6,0.521615064251195,2
ast,ca5,0.522301282742195,2
ca5,ast,0.522301282742199,2
eg3,li1,0.522316865455062,2
li1,eg3,0.522316865455066,2
lm2,li2,0.522477477084246,2
li2,lm2,0.522477477084251,2
eg1,pm3,0.523243910576364,2
pm3,eg1,0.523243910576366,2
ve3,li2,0.523732289087538,2
li2,ve3,0.523732289087543,2
ve3,lm1,0.524492935865262,2
lm1,ve3,0.524492935865262,2
pm4,ll2,0.524500355488944,2
ll2,pm4,0.52450035548895,2
eg3,ito,0.524961339927318,2
ito,eg3,0.524961339927326,2
ve3,ca6,0.52525896901056,2
ca6,ve3,0.525258969010562,2
ve2,glg,0.525723554708357,2
glg,ve2,0.525723554708359,2
nea,sc4,0.527055786064823,2
sc4,nea,0.527055786064824,2
ve1,sc3,0.52756869971246,2
sc3,ve1,0.527568699712469,2
nea,itg,0.528157363541267,2
itg,nea,0.528157363541268,2
ve2,ca5,0.528351598442946,2
ca5,ve2,0.528351598442948,2
ve3,glg,0.528514054653201,2
glg,ve3,0.528514054653202,2
pm5,eg1,0.529003464278738,2
eg1,pm5,0.529003464278743,2
sc1,ito,0.530734135700117,2
ito,sc1,0.530734135700124,2
ve1,eg1,0.530910765250691,2
eg1,ve1,0.530910765250693,2
ve1,ll2,0.531524080984516,2
ll2,ve1,0.531524080984524,2
eg1,pm1,0.53173962075765,2
pm1,eg1,0.531739620757651,2
spa,ca6,0.531891404337483,2
ca6,spa,0.531891404337485,2
ve3,fur,0.532378926956256,2
fur,ve3,0.532378926956262,2
ve2,ca4,0.533068522484199,2
ca4,ve2,0.533068522484199,2
ve2,li2,0.534451564312493,2
li2,ve2,0.534451564312496,2
sc1,itg,0.534701045312176,2
itg,sc1,0.534701045312181,2
pm4,ita,0.534921616904316,2
ita,pm4,0.53492161690432,2
pm2,ll2,0.53502422147965,2
ll2,pm2,0.535024221479657,2
fur,ll1,0.536100498929083,2
ll1,fur,0.536100498929087,2
ve2,ca6,0.538146578046458,2
ca6,ve2,0.53814657804646,2
lm2,eg1,0.538373594163067,2
eg1,lm2,0.538373594163073,2
glg,itg,0.539030801231741,2
itg,glg,0.539030801231745,2
ast,ita,0.539050515265931,2
ita,ast,0.539050515265937,2
ve3,li3,0.539432406427767,2
li3,ve3,0.539432406427768,2
ve2,sc3,0.539834193366576,2
sc3,ve2,0.539834193366585,2
ll2,ita,0.540742953906543,2
ita,ll2,0.540742953906544,2
sro,sc2,0.541734678028117,2
sc2,sro,0.541734678028121,2
sro,sc3,0.541845563842775,2
sc3,sro,0.541845563842777,2
eg4,ito,0.542003411299057,2
ito,eg4,0.54200341129906,2
ca4,glg,0.5420660453038,2
glg,ca4,0.542066045303803,2
eg1,itg,0.54220911404059,2
itg,eg1,0.542209114040594,2
itg,li1,0.54227349665766,2
li1,itg,0.542273496657663,2
spa,ca5,0.543103578041029,2
ca5,spa,0.543103578041031,2
ita,sc4,0.544292050719196,2
sc4,ita,0.544292050719197,2
ast,ca4,0.544366020169749,2
ca4,ast,0.544366020169752,2
eg1,ita,0.546733738205796,2
ita,eg1,0.546733738205803,2
src,sc3,0.547554446527671,2
sc3,src,0.547554446527672,2
fro,ro1,0.548738217190369,2
ro1,fro,0.548738217190376,2
li1,sc3,0.549332892414417,2
sc3,li1,0.549332892414418,2
li2,ita,0.550763503996047,2
ita,li2,0.55076350399605,2
pm3,ll2,0.550857489900546,2
ll2,pm3,0.550857489900551,2
li2,eg3,0.55110809080826,2
eg3,li2,0.55110809080826,2
pm1,ll2,0.551114579075988,2
ll2,pm1,0.551114579075994,2
ve3,sc2,0.551151485993404,2
sc2,ve3,0.551151485993414,2
itg,sc4,0.552226833018199,2
sc4,itg,0.552226833018202,2
spa,ita,0.552377903525449,2
ita,spa,0.552377903525457,2
src,ito,0.552711830537664,2
ito,src,0.552711830537667,2
eg2,ca4,0.553110407434465,2
ca4,eg2,0.553110407434465,2
ast,ito,0.553230352898443,2
ito,ast,0.553230352898452,2
eg4,sc3,0.553434016409317,2
sc3,eg4,0.553434016409318,2
eg1,lm1,0.553520330820686,2
lm1,eg1,0.553520330820689,2
spa,ito,0.554783628712715,2
ito,spa,0.554783628712725,2
fro,ro4,0.555244998074512,2
ro4,fro,0.555244998074518,2
eg3,sc3,0.555396213778879,2
sc3,eg3,0.555396213778884,2
lm1,li1,0.555918764864833,2
li1,lm1,0.555918764864836,2
src,itf,0.556693515083532,2
itf,src,0.556693515083533,2
eg2,li1,0.556944161834635,2
li1,eg2,0.556944161834642,2
ve1,ca5,0.557945908435759,2
ca5,ve1,0.557945908435764,2
eg2,fur,0.558140198791457,2
fur,eg2,0.558140198791467,2
spa,ca4,0.558222744936131,2
ca4,spa,0.558222744936131,2
pm5,ll2,0.558228830456961,2
ll2,pm5,0.558228830456974,2
eg2,ca5,0.558401555308143,2
ca5,eg2,0.558401555308144,2
ve2,ll1,0.558678308710177,2
ll1,ve2,0.558678308710186,2
ro1,ll2,0.558687473302835,2
ll2,ro1,0.558687473302837,2
itf,eg4,0.558859936738427,2
eg4,itf,0.558859936738431,2
lm2,ll1,0.559164740924364,2
ll1,lm2,0.559164740924378,2
eg1,itf,0.559696721448801,2
itf,eg1,0.559696721448805,2
sc4,sro,0.559709508818272,2
sro,sc4,0.559709508818273,2
lm2,itf,0.559980976628914,2
itf,lm2,0.55998097662892,2
ve2,li3,0.560051797294067,2
li3,ve2,0.560051797294068,2
ve1,sc2,0.560330330949379,2
sc2,ve1,0.560330330949393,2
ll2,ito,0.560466588396887,2
ito,ll2,0.560466588396891,2
eg2,sc2,0.560662277425748,2
sc2,eg2,0.560662277425758,2
ve1,lm2,0.560793066161706,2
lm2,ve1,0.560793066161706,2
ca5,eg3,0.560997668964318,2
eg3,ca5,0.56099766896432,2
eg3,fur,0.56100234473712,2
fur,eg3,0.561002344737123,2
win,pcd,0.561730025043826,2
pcd,win,0.561730025043829,2
pm4,itg,0.562053338353497,2
itg,pm4,0.562053338353498,2
li1,ito,0.562715042871266,2
ito,li1,0.562715042871272,2
eg2,ca6,0.563026000142213,2
ca6,eg2,0.563026000142215,2
li1,eg4,0.563339422592571,2
eg4,li1,0.563339422592571,2
ca4,eg3,0.563399933082002,2
eg3,ca4,0.563399933082004,2
ve1,spa,0.563684439068928,2
spa,ve1,0.563684439068931,2
ve1,ca4,0.564314283566165,2
ca4,ve1,0.56431428356617,2
ve1,ast,0.564684885941414,2
ast,ve1,0.564684885941416,2
ro4,ll2,0.564969724864831,2
ll2,ro4,0.564969724864832,2
pm4,pr1,0.565263820420289,2
pr1,pm4,0.565263820420296,2
ca4,ita,0.565609659568475,2
ita,ca4,0.565609659568481,2
src,sc2,0.565685861427315,2
sc2,src,0.565685861427318,2
pm4,ito,0.565719023694594,2
ito,pm4,0.565719023694605,2
ve1,lm1,0.56625965110718,2
lm1,ve1,0.566259651107187,2
ca5,eg4,0.567287561430632,2
eg4,ca5,0.567287561430638,2
li1,sc2,0.567344358240252,2
sc2,li1,0.567344358240257,2
li2,itg,0.567523549058516,2
itg,li2,0.567523549058516,2
ca6,eg3,0.567607431334433,2
eg3,ca6,0.567607431334434,2
ca4,eg4,0.567763389097788,2
eg4,ca4,0.567763389097794,2
ro3,ll2,0.568097118976638,2
ll2,ro3,0.568097118976638,2
ve3,nea,0.568400378790857,2
nea,ve3,0.568400378790858,2
sc4,ito,0.569294640168178,2
ito,sc4,0.56929464016818,2
pm2,ita,0.569589703591797,2
ita,pm2,0.569589703591802,2
ast,itg,0.569821608582918,2
itg,ast,0.569821608582926,2
ve2,sc2,0.570318571780129,2
sc2,ve2,0.57031857178014,2
li2,sc3,0.570627128785933,2
sc3,li2,0.570627128785936,2
eg2,nea,0.570835551858581,2
nea,eg2,0.570835551858584,2
pm3,ita,0.571218702525954,2
ita,pm3,0.571218702525957,2
fur,eg4,0.571798336403063,2
eg4,fur,0.571798336403063,2
ve1,ca6,0.573016978886823,2
ca6,ve1,0.573016978886828,2
eg1,ito,0.573037401076468,2
ito,eg1,0.573037401076479,2
li3,eg3,0.574028804993449,4
eg3,li3,0.574028804993453,4
ca4,pr1,0.574547301031965,4
pr1,ca4,0.574547301031975,4
lm2,fur,0.574702732975187,4
fur,lm2,0.574702732975196,4
ca6,eg4,0.575391241522208,4
eg4,ca6,0.575391241522211,4
ca5,ita,0.57570651218546,4
ita,ca5,0.575706512185465,4
pm1,ita,0.576120300790761,4
ita,pm1,0.576120300790766,4
lm1,ll2,0.576468061071787,4
ll2,lm1,0.576468061071793,4
li2,eg4,0.577023715478386,4
eg4,li2,0.57702371547839,4
ca6,ll2,0.577769887260895,4
ll2,ca6,0.577769887260899,4
eg2,ro4,0.578830228385625,4
ro4,eg2,0.578830228385633,4
ast,ve3,0.579127645283013,4
ve3,ast,0.579127645283014,4
itf,li3,0.579565546179346,4
li3,itf,0.579565546179348,4
ca5,ll2,0.579572680274403,4
ll2,ca5,0.579572680274408,4
pm1,itg,0.579730276720499,4
itg,pm1,0.579730276720502,4
sc1,eg2,0.57993544540168,4
eg2,sc1,0.579935445401687,4
ca6,ita,0.580087453377991,4
ita,ca6,0.580087453377996,4
ast,ve2,0.580258684829495,4
ve2,ast,0.580258684829499,4
ca4,ll2,0.580514248353338,4
ll2,ca4,0.580514248353344,4
ca4,itg,0.580645320193044,4
itg,ca4,0.580645320193048,4
eg3,sc2,0.580802964123429,4
sc2,eg3,0.580802964123438,4
sc1,sro,0.580859416412177,4
sro,sc1,0.580859416412186,4
eg2,li2,0.581336736265244,4
li2,eg2,0.581336736265248,4
li2,ito,0.581503223505941,4
ito,li2,0.58150322350595,4
ca5,ito,0.581564029959875,4
ito,ca5,0.581564029959884,4
src,ita,0.581680607563014,4
ita,src,0.581680607563015,4
itf,ll2,0.582001975126997,4
ll2,itf,0.582001975127002,4
ve3,ca2,0.582281435675539,4
ca2,ve3,0.58228143567554,4
sc1,ve3,0.582325893111655,4
ve3,sc1,0.582325893111659,4
pm3,pr1,0.58243899051821,4
pr1,pm3,0.582438990518216,4
li3,lm1,0.582465672386449,4
lm1,li3,0.58246567238645,4
ve3,sc4,0.583043755777638,4
sc4,ve3,0.583043755777645,4
li3,sc3,0.583281222171684,4
sc3,li3,0.583281222171689,4
pm2,ito,0.583417698646544,4
ito,pm2,0.583417698646554,4
sc1,ve1,0.583489626540856,4
ve1,sc1,0.583489626540857,4
pm5,ita,0.583673523619336,4
ita,pm5,0.583673523619345,4
ve3,spa,0.583736148104299,4
spa,ve3,0.583736148104301,4
eg1,ll2,0.584157185278336,4
ll2,eg1,0.584157185278343,4
ve2,nea,0.584292029398203,4
nea,ve2,0.584292029398206,4
eg4,sc2,0.584656376413652,4
sc2,eg4,0.584656376413654,4
ve1,nea,0.584696757851624,4
nea,ve1,0.58469675785163,4
ca4,ito,0.584902835449716,4
ito,ca4,0.584902835449726,4
pm2,ll1,0.585025541175659,4
ll1,pm2,0.585025541175671,4
ll2,itg,0.585110768185943,4
itg,ll2,0.585110768185943,4
pm2,itg,0.585154191311582,4
itg,pm2,0.585154191311586,4
ve1,sc4,0.585164896765612,4
sc4,ve1,0.58516489676562,4
pm5,fur,0.586638482356199,4
fur,pm5,0.586638482356211,4
lm1,itf,0.586659598478729,4
itf,lm1,0.586659598478729,4
pm2,pr1,0.586736554875539,4
pr1,pm2,0.586736554875548,4
pm5,itg,0.586939605890685,4
itg,pm5,0.586939605890691,4
ve2,pr1,0.587321086631875,4
pr1,ve2,0.587321086631884,4
li2,ll2,0.587393917429697,4
ll2,li2,0.5873939174297,4
ve3,ll1,0.58758260649604,4
ll1,ve3,0.587582606496049,4
eg4,ro4,0.587990933082111,4
ro4,eg4,0.587990933082112,4
eg2,sc4,0.58815322426664,4
sc4,eg2,0.588153224266644,4
lat,ito,0.588673158753524,4
ito,lat,0.588673158753531,4
pm2,fur,0.588793328972935,4
fur,pm2,0.588793328972942,4
ca6,pr1,0.58895448136795,4
pr1,ca6,0.588954481367958,4
ca5,pr1,0.5890710250326,4
pr1,ca5,0.589071025032609,4
pm3,ito,0.589077611547662,4
ito,pm3,0.589077611547673,4
pm5,ll1,0.589356868807346,4
ll1,pm5,0.589356868807361,4
pm1,ll1,0.589780176350472,4
ll1,pm1,0.589780176350482,4
ast,ca2,0.589942616457225,4
ca2,ast,0.589942616457229,4
li3,eg2,0.590284730124006,4
eg2,li3,0.590284730124006,4
ca6,ito,0.59029610423396,4
ito,ca6,0.59029610423397,4
pm1,pr1,0.590529194707375,4
pr1,pm1,0.590529194707384,4
spa,itg,0.590541247539727,4
itg,spa,0.590541247539733,4
pm5,itf,0.591192948744469,4
itf,pm5,0.591192948744475,4
eg2,ro1,0.591195195266186,4
ro1,eg2,0.591195195266193,4
eg1,li1,0.5918795466485,4
li1,eg1,0.59187954664851,4
eg3,ro4,0.592066237412382,4
ro4,eg3,0.592066237412387,4
eg4,ll1,0.592240960004349,4
ll1,eg4,0.592240960004353,4
pm4,fur,0.592756511627263,4
fur,pm4,0.592756511627268,4
ve2,sc4,0.592839843351474,4
sc4,ve2,0.592839843351482,4
ve2,ro4,0.592858949211129,4
ro4,ve2,0.592858949211135,4
pm3,itg,0.592967512525176,4
itg,pm3,0.592967512525178,4
ca2,glg,0.593655447893129,4
glg,ca2,0.593655447893132,4
lm1,li2,0.593894413593226,4
li2,lm1,0.593894413593227,4
eg3,ll1,0.594141257849799,4
ll1,eg3,0.594141257849805,4
li2,sc2,0.594147845215134,4
sc2,li2,0.594147845215143,4
pm1,ito,0.594227743843711,4
ito,pm1,0.594227743843723,4
sc4,eg4,0.59443113753039,4
eg4,sc4,0.59443113753039,4
li3,eg4,0.594468361572094,4
eg4,li3,0.594468361572101,4
pm1,fur,0.594761096628426,4
fur,pm1,0.594761096628431,4
eg3,glg,0.594773766780778,4
glg,eg3,0.59477376678078,4
fro,pr1,0.59510661840621,4
pr1,fro,0.595106618406212,4
pm4,ll1,0.595503104332474,4
ll1,pm4,0.595503104332484,4
src,sc4,0.595944417546055,4
sc4,src,0.595944417546055,4
ro2,ll2,0.596744162481909,4
ll2,ro2,0.59674416248191,4
ca2,pr1,0.597199446598369,4
pr1,ca2,0.597199446598378,4
li3,sc2,0.597597143299033,4
sc2,li3,0.597597143299044,4
pm2,sc3,0.597607572301259,4
sc3,pm2,0.597607572301269,4
fro,fra,0.597733496501264,4
fra,fro,0.597733496501269,4
lm2,ita,0.598008264658339,4
ita,lm2,0.59800826465835,4
li3,ita,0.598082975606252,4
ita,li3,0.598082975606257,4
ll2,li1,0.598187953172694,4
li1,ll2,0.598187953172696,4
eg1,fur,0.598297605898747,4
fur,eg1,0.598297605898752,4
eg2,ll1,0.598418420557906,4
ll1,eg2,0.598418420557917,4
ca5,itg,0.598532420700558,4
itg,ca5,0.598532420700563,4
ruq,ruo,0.598711963641518,4
ruo,ruq,0.59871196364152,4
pm4,sc3,0.598752845105553,4
sc3,pm4,0.598752845105558,4
lm2,pr1,0.598952991133168,4
pr1,lm2,0.598952991133182,4
eg3,ro1,0.599089161955528,4
ro1,eg3,0.599089161955534,4
pm1,ro1,0.599325711363312,4
ro1,pm1,0.59932571136332,4
fro,ro2,0.599602451279131,4
ro2,fro,0.599602451279138,4
rup,ruo,0.60001151140342,4
ruo,rup,0.600011511403423,4
ve2,ro3,0.600358484792003,4
ro3,ve2,0.600358484792013,4
eg2,glg,0.60058693464424,4
glg,eg2,0.600586934644242,4
lm2,itg,0.600601263945862,4
itg,lm2,0.60060126394587,4
ve2,ca2,0.600656017285963,4
ca2,ve2,0.600656017285965,4
sc1,src,0.600803984583342,4
src,sc1,0.600803984583349,4
pm2,fro,0.600908184827711,4
fro,pm2,0.600908184827717,4
ve3,pr1,0.601028769882924,4
pr1,ve3,0.601028769882934,4
lm1,itg,0.601180993759507,4
itg,lm1,0.601180993759507,4
spa,por,0.601527020778943,4
por,spa,0.601527020778943,4
nea,eg4,0.602153286493794,4
eg4,nea,0.602153286493796,4
ve2,ro1,0.602167267453689,4
ro1,ve2,0.602167267453695,4
pm3,fur,0.602433192654799,4
fur,pm3,0.602433192654804,4
pr1,fra,0.602629447601335,4
fra,pr1,0.602629447601338,4
sc1,eg4,0.602695213741537,4
eg4,sc1,0.602695213741548,4
sc1,ve2,0.602880596673242,4
ve2,sc1,0.602880596673248,4
itf,sro,0.603580791507216,4
sro,itf,0.603580791507219,4
pm5,pr1,0.604325683037267,4
pr1,pm5,0.60432568303728,4
pm2,ro1,0.604350988913885,4
ro1,pm2,0.604350988913893,4
ca6,itg,0.604392443043938,4
itg,ca6,0.604392443043942,4
src,itg,0.604498344913619,4
itg,src,0.604498344913619,4
pm4,itf,0.605213479998561,4
itf,pm4,0.605213479998562,4
ca3,pr1,0.605595833940714,4
pr1,ca3,0.60559583394072,4
eg3,nea,0.605699316460471,4
nea,eg3,0.605699316460473,4
itf,glg,0.605789567600202,4
glg,itf,0.605789567600203,4
lat,sc3,0.60609636944052,4
sc3,lat,0.606096369440528,4
spa,ca2,0.606165586200714,4
ca2,spa,0.606165586200715,4
fur,ita,0.606238467277406,4
ita,fur,0.606238467277408,4
pm1,sc3,0.606393108487246,4
sc3,pm1,0.606393108487255,4
ve2,spa,0.606419438475296,4
spa,ve2,0.606419438475296,4
pm4,fro,0.606806313991758,4
fro,pm4,0.606806313991761,4
ve1,fur,0.606880919124347,4
fur,ve1,0.606880919124357,4
eg1,li2,0.607325875516337,4
li2,eg1,0.607325875516345,4
pm1,ro4,0.607476656104573,4
ro4,pm1,0.607476656104581,4
eg3,sc4,0.607949152257377,4
sc4,eg3,0.607949152257381,4
pm3,ll1,0.608045980346884,4
ll1,pm3,0.608045980346894,4
pm1,ro3,0.609348356571954,4
ro3,pm1,0.609348356571967,4
pm2,ro4,0.609657627705381,4
ro4,pm2,0.609657627705389,4
pr2,fra,0.609839571628657,4
fra,pr2,0.609839571628666,4
fur,ito,0.609951931634124,4
ito,fur,0.60995193163413,4
pm4,ro4,0.610240532124978,4
ro4,pm4,0.610240532124984,4
glg,eg4,0.610291072542685,4
eg4,glg,0.610291072542688,4
fro,ll2,0.611137529903205,4
ll2,fro,0.611137529903212,4
pm1,itf,0.611764529004055,4
itf,pm1,0.611764529004059,4
ve1,ca2,0.612020101564835,4
ca2,ve1,0.61202010156484,4
pm2,ro3,0.612086535568739,4
ro3,pm2,0.612086535568752,4
ro1,ll1,0.612225558770674,4
ll1,ro1,0.612225558770675,4
eg3,ro3,0.61229033514649,4
ro3,eg3,0.612290335146498,4
pm3,sc3,0.612386207182459,4
sc3,pm3,0.612386207182467,4
pm5,ca4,0.612843072560288,4
ca4,pm5,0.612843072560293,4
pm2,fra,0.613219737581938,4
fra,pm2,0.613219737581946,4
ca2,ita,0.61393511306281,4
ita,ca2,0.613935113062815,4
sc1,eg3,0.61463772972737,4
eg3,sc1,0.614637729727378,4
eg3,ca3,0.615331457482729,4
ca3,eg3,0.615331457482729,4
fur,dlm,0.61535044833003,4
dlm,fur,0.615350448330035,4
pm5,sc3,0.615418957805659,4
sc3,pm5,0.615418957805674,4
ca4,pm4,0.615772412333812,4
pm4,ca4,0.615772412333814,4
pm5,ca5,0.615812884218714,4
ca5,pm5,0.615812884218718,4
pm3,fro,0.616150602877171,4
fro,pm3,0.616150602877174,4
pm5,ca2,0.616388820772352,4
ca2,pm5,0.616388820772358,4
eg2,ca2,0.616437641984128,4
ca2,eg2,0.616437641984129,4
glg,ll2,0.61679154942752,4
ll2,glg,0.616791549427525,4
ca1,ro4,0.617174043064824,4
ro4,ca1,0.617174043064825,4
ve3,ro4,0.617182431541566,4
ro4,ve3,0.61718243154157,4
lm1,fur,0.617359516529605,4
fur,lm1,0.617359516529613,4
pm3,ro1,0.617433996775047,4
ro1,pm3,0.617433996775055,4
lm1,ll1,0.617499227615821,4
ll1,lm1,0.617499227615832,4
ast,ll2,0.618106150184103,4
ll2,ast,0.618106150184113,4
pm3,ro4,0.618181730474695,4
ro4,pm3,0.618181730474702,4
lat,sc2,0.618300482164802,4
sc2,lat,0.618300482164813,4
fro,ca1,0.618463134949961,4
ca1,fro,0.618463134949961,4
lm2,ro4,0.618670307748595,4
ro4,lm2,0.61867030774861,4
pm4,ro1,0.6188094835667,4
ro1,pm4,0.618809483566709,4
eg4,ro1,0.61908275123153,4
ro1,eg4,0.619082751231531,4
sc3,ll2,0.619104458116092,4
ll2,sc3,0.619104458116092,4
pr1,ro1,0.619123024488348,4
ro1,pr1,0.619123024488351,4
pm1,fro,0.619203605839173,4
fro,pm1,0.619203605839177,4
pm2,itf,0.619323909377651,4
itf,pm2,0.619323909377654,4
ve3,fro,0.619414188803034,4
fro,ve3,0.619414188803035,4
li3,itg,0.619857368061658,4
itg,li3,0.619857368061661,4
ca2,ito,0.620841039985352,4
ito,ca2,0.620841039985363,4
li1,sc4,0.620872741782267,4
sc4,li1,0.620872741782268,4
ca3,fro,0.620884725628126,4
fro,ca3,0.62088472562813,4
pm3,itf,0.620922739392115,4
itf,pm3,0.620922739392119,4
pm5,ito,0.62109113196911,4
ito,pm5,0.621091131969125,4
fro,ro3,0.621158622777613,4
ro3,fro,0.621158622777623,4
pm3,fra,0.621638640844506,4
fra,pm3,0.621638640844513,4
ca4,fro,0.621654293683583,4
fro,ca4,0.621654293683587,4
lm2,ro1,0.621797462529422,4
ro1,lm2,0.621797462529436,4
lat,ita,0.621854747150868,4
ita,lat,0.621854747150871,4
itg,fur,0.621953055988599,4
fur,itg,0.6219530559886,4
ca5,lm1,0.622306213189888,4
lm1,ca5,0.62230621318989,4
pm5,ca6,0.622462160005295,4
ca6,pm5,0.6224621600053,4
ll1,ro3,0.62283788095568,4
ro3,ll1,0.622837880955682,4
eg2,ro3,0.623014119193284,4
ro3,eg2,0.623014119193295,4
ast,por,0.623017853021712,4
por,ast,0.623017853021714,4
pm5,ro4,0.623390703968092,4
ro4,pm5,0.623390703968105,4
ca3,eg4,0.623854807740309,4
eg4,ca3,0.623854807740313,4
ca5,pm4,0.623938464775816,4
pm4,ca5,0.623938464775818,4
qbb,ito,0.624157820229654,4
ito,qbb,0.624157820229658,4
eg1,sc3,0.624243590668696,4
sc3,eg1,0.624243590668704,4
nea,li1,0.624243824262471,4
li1,nea,0.624243824262475,4
itf,fur,0.62430381096729,4
fur,itf,0.624303810967292,4
li1,pr1,0.624371176870887,4
pr1,li1,0.624371176870888,4
ca2,itg,0.62463079973487,4
itg,ca2,0.624630799734874,4
por,sc3,0.624722965715151,4
sc3,por,0.624722965715156,4
glg,sc3,0.624793019959009,4
sc3,glg,0.624793019959014,4
ca3,ro4,0.624946685626793,4
ro4,ca3,0.6249466856268,4
pm5,nea,0.624959859482918,4
nea,pm5,0.624959859482926,4
eg1,li3,0.625318387446493,4
li3,eg1,0.625318387446497,4
pm4,ro3,0.62531869107704,4
ro3,pm4,0.625318691077052,4
li2,sc4,0.625439633688831,4
sc4,li2,0.625439633688836,4
pm2,sc2,0.6254627401214,4
sc2,pm2,0.625462740121414,4
sc1,li1,0.625706241536055,4
li1,sc1,0.625706241536068,4
li3,sc4,0.625873918644873,4
sc4,li3,0.625873918644876,4
ca2,eg4,0.626015590404646,4
eg4,ca2,0.626015590404653,4
ca2,ll2,0.626186901542715,4
ll2,ca2,0.626186901542721,4
pm4,sc2,0.626380208791394,4
sc2,pm4,0.626380208791403,4
eg1,ll1,0.626827160662489,4
ll1,eg1,0.626827160662502,4
ca2,eg3,0.626959376684572,4
eg3,ca2,0.626959376684576,4
pm2,nea,0.6269626756154,4
nea,pm2,0.626962675615406,4
pr1,ll2,0.627058599305512,4
ll2,pr1,0.627058599305513,4
pm4,nea,0.627418568916115,4
nea,pm4,0.627418568916118,4
pm1,fra,0.627869555209241,4
fra,pm1,0.627869555209248,4
ca5,fro,0.627900807701749,4
fro,ca5,0.627900807701751,4
pr1,fur,0.628031194424725,4
fur,pr1,0.628031194424725,4
ca1,pr1,0.628339320574602,4
pr1,ca1,0.628339320574606,4
ca6,pm4,0.628407850234996,4
pm4,ca6,0.628407850234997,4
eg2,ro2,0.628590632536749,4
ro2,eg2,0.628590632536761,4
ca5,sc3,0.628940989570868,4
sc3,ca5,0.628940989570875,4
pm5,sc2,0.629127246092221,4
sc2,pm5,0.62912724609224,4
eg4,ro3,0.629494946971078,4
ro3,eg4,0.629494946971082,4
pm4,fra,0.629841447719163,4
fra,pm4,0.629841447719168,4
ca1,ro1,0.629979422110956,4
ro1,ca1,0.629979422110958,4
eg3,ro2,0.630293862966252,4
ro2,eg3,0.63029386296626,4
ve3,ro1,0.63116281444718,4
ro1,ve3,0.631162814447186,4
ca4,sc3,0.63155835293717,4
sc3,ca4,0.631558352937177,4
lm1,ita,0.631814974797916,4
ita,lm1,0.631814974797918,4
ve3,ca3,0.632026406392458,4
ca3,ve3,0.632026406392463,4
ca4,fur,0.632279575536212,4
fur,ca4,0.632279575536217,4
ca2,pm4,0.632691503447139,4
pm4,ca2,0.632691503447141,4
lm1,ca4,0.632698438868105,4
ca4,lm1,0.632698438868105,4
ca6,lm1,0.632742143128502,4
lm1,ca6,0.632742143128503,4
sc1,li2,0.632765419423609,4
li2,sc1,0.632765419423621,4
lm2,ca4,0.632863400571145,4
ca4,lm2,0.632863400571153,4
ita,pr1,0.632880211141203,4
pr1,ita,0.632880211141204,4
li2,nea,0.632993365578027,4
nea,li2,0.632993365578028,4
ve2,ro2,0.633157517768391,4
ro2,ve2,0.633157517768396,4
qbb,sc3,0.633225380469269,4
sc3,qbb,0.633225380469276,4
pm3,ro3,0.633279782744267,4
ro3,pm3,0.633279782744279,4
pm2,ro2,0.633302721667328,4
ro2,pm2,0.633302721667338,4
lm2,ito,0.63378311098835,4
ito,lm2,0.633783110988364,4
ca4,ro4,0.633825968351545,4
ro4,ca4,0.633825968351554,4
eg2,ca3,0.633980688968861,4
ca3,eg2,0.633980688968866,4
ca6,fro,0.634046067565062,4
fro,ca6,0.634046067565063,4
ve3,por,0.634072537656919,4
por,ve3,0.634072537656921,4
fro,eg4,0.634290254843206,4
eg4,fro,0.634290254843213,4
li3,ito,0.634480287078869,4
ito,li3,0.634480287078882,4
eg4,ca1,0.634507017255318,4
ca1,eg4,0.634507017255318,4
pm5,ca3,0.634584969556246,4
ca3,pm5,0.634584969556253,4
pr2,pcd,0.63467685027604,4
pcd,pr2,0.634676850276045,4
lm1,ro1,0.634787848796984,4
ro1,lm1,0.634787848796994,4
ve3,ro3,0.634793958058039,4
ro3,ve3,0.63479395805805,4
eg2,fro,0.634889060865885,4
fro,eg2,0.634889060865889,4
ca6,sc3,0.634974015248443,4
sc3,ca6,0.634974015248448,4
sc1,li3,0.635001902919102,4
li3,sc1,0.635001902919116,4
ve3,dlm,0.635261538149198,4
dlm,ve3,0.635261538149203,4
ca4,itf,0.63531251449167,4
itf,ca4,0.635312514491673,4
lat,itf,0.63547328700083,4
itf,lat,0.635473287000836,4
ve2,ca3,0.635640687749489,4
ca3,ve2,0.635640687749494,4
lm2,ro3,0.635762867098415,4
ro3,lm2,0.635762867098432,4
ca3,fur,0.635918119245447,4
fur,ca3,0.63591811924545,4
eg1,nea,0.636106352801425,4
nea,eg1,0.636106352801428,4
li1,ll1,0.636169415008411,4
ll1,li1,0.636169415008415,4
ro4,ito,0.636197949180641,4
ito,ro4,0.636197949180643,4
li2,fur,0.636221621212434,4
fur,li2,0.636221621212438,4
itf,por,0.636228252443894,4
por,itf,0.636228252443895,4
ve1,por,0.636231205571575,4
por,ve1,0.636231205571582,4
ca4,por,0.63630285001669,4
por,ca4,0.636302850016691,4
nea,ca3,0.636576177205916,4
ca3,nea,0.636576177205916,4
pm1,ro2,0.636927031829687,4
ro2,pm1,0.636927031829698,4
fro,ve2,0.637056205348534,4
ve2,fro,0.637056205348535,4
ita,ro4,0.637070681933387,4
ro4,ita,0.637070681933391,4
itf,ll1,0.637237448171689,4
ll1,itf,0.637237448171696,4
glg,li1,0.637538950957275,4
li1,glg,0.637538950957278,4
pm5,ca1,0.637630410064928,4
ca1,pm5,0.63763041006494,4
ro4,ll1,0.637658394550769,4
ll1,ro4,0.63765839455077,4
ca3,ro1,0.637795362515709,4
ro1,ca3,0.637795362515716,4
ron,ito,0.63799801715097,4
ito,ron,0.63799801715097,4
fro,ito,0.638141676764583,4
ito,fro,0.638141676764591,4
ca6,ro4,0.638657415325371,4
ro4,ca6,0.63865741532538,4
eg3,ca1,0.638787823332863,4
ca1,eg3,0.638787823332867,4
ca5,itf,0.639169379520064,4
itf,ca5,0.639169379520065,4
lm2,ca5,0.639384176521707,4
ca5,lm2,0.639384176521714,4
pm1,nea,0.639523767582616,4
nea,pm1,0.639523767582623,4
fur,ro3,0.639579905917433,4
ro3,fur,0.639579905917441,4
ro1,ito,0.639853257163186,4
ito,ro1,0.639853257163187,4
ca6,fur,0.639898813584493,4
fur,ca6,0.639898813584496,4
ca5,ro4,0.639908060898846,4
ro4,ca5,0.639908060898855,4
ca5,fur,0.640394553034182,4
fur,ca5,0.640394553034184,4
pm5,ro1,0.640451031665192,4
ro1,pm5,0.640451031665208,4
pm1,sc2,0.640635365546277,4
sc2,pm1,0.64063536554629,4
pm2,ca3,0.640822939407435,4
ca3,pm2,0.640822939407436,4
por,ita,0.641536388325254,4
ita,por,0.641536388325254,4
ve1,ll1,0.641551783887908,4
ll1,ve1,0.641551783887921,4
ca3,ll2,0.641948954741028,4
ll2,ca3,0.641948954741037,4
ro2,ll1,0.642229231563291,4
ll1,ro2,0.642229231563294,4
pm4,ca3,0.642353510108901,4
ca3,pm4,0.642353510108901,4
pr1,ito,0.642482512558943,4
ito,pr1,0.642482512558944,4
nea,ca1,0.642532024648555,4
ca1,nea,0.642532024648558,4
ve1,ca3,0.64254630340718,4
ca3,ve1,0.642546303407188,4
pm3,sc2,0.642549546798385,4
sc2,pm3,0.642549546798397,4
eg2,ca1,0.642602033234181,4
ca1,eg2,0.64260203323419,4
ca2,itf,0.643182201049601,4
itf,ca2,0.643182201049604,4
ast,itf,0.643232287587296,4
itf,ast,0.6432322875873,4
ita,ro1,0.643301223929854,4
ro1,ita,0.643301223929858,4
nea,fur,0.643309665454362,4
fur,nea,0.643309665454364,4
pm3,nea,0.643325872139442,4
nea,pm3,0.643325872139446,4
ca4,pm3,0.643619357939365,4
pm3,ca4,0.643619357939368,4
li2,glg,0.643652983076759,4
glg,li2,0.643652983076762,4
li3,ll2,0.643749068481161,4
ll2,li3,0.643749068481168,4
lm1,ro3,0.643786037276777,4
ro3,lm1,0.643786037276789,4
pm3,ca3,0.643815381605815,4
ca3,pm3,0.643815381605815,4
lm2,sc3,0.643844531039389,4
sc3,lm2,0.643844531039398,4
por,ito,0.644152388992918,4
ito,por,0.644152388992921,4
ca6,itf,0.644249426831932,4
itf,ca6,0.644249426831933,4
fro,ll1,0.644417763889452,4
ll1,fro,0.644417763889462,4
pr1,ro2,0.645150995488411,4
ro2,pr1,0.645150995488413,4
por,ca5,0.645248341391895,4
ca5,por,0.645248341391896,4
ve1,src,0.645517062856206,4
src,ve1,0.645517062856213,4
lm1,ca2,0.645584494860392,4
ca2,lm1,0.645584494860393,4
li1,fur,0.645622447311449,4
fur,li1,0.645622447311449,4
li2,ll1,0.645903016275943,4
ll1,li2,0.64590301627595,4
ca4,ro1,0.646247393848192,4
ro1,ca4,0.646247393848201,4
fur,ca1,0.646325328559441,4
ca1,fur,0.646325328559442,4
ca2,fur,0.646518886843876,4
fur,ca2,0.646518886843881,4
pm3,ro2,0.646641889958875,4
ro2,pm3,0.646641889958883,4
por,sc2,0.646714646226239,4
sc2,por,0.646714646226246,4
pr1,pcd,0.646794208093952,4
pcd,pr1,0.646794208093952,4
glg,sc2,0.646917487694724,4
sc2,glg,0.646917487694731,4
ve2,dlm,0.64697210480756,4
dlm,ve2,0.646972104807569,4
fur,ro4,0.647017874980757,4
ro4,fur,0.64701787498076,4
qbb,sc2,0.647176845539304,4
sc2,qbb,0.647176845539315,4
lm1,pr1,0.647510550234226,4
pr1,lm1,0.647510550234236,4
fro,fur,0.647525255957495,4
fur,fro,0.647525255957497,4
lat,src,0.647608870109693,4
src,lat,0.647608870109698,4
ve3,ca1,0.647673710932023,4
ca1,ve3,0.647673710932029,4
ca5,sc2,0.647824034612849,4
sc2,ca5,0.647824034612859,4
eg1,sc2,0.648100511400531,4
sc2,eg1,0.648100511400543,4
ve3,ro2,0.648167869085254,4
ro2,ve3,0.648167869085259,4
ve2,por,0.64822695441599,4
por,ve2,0.648226954415991,4
ita,ll1,0.648310153222235,4
ll1,ita,0.648310153222239,4
ca4,sc2,0.648347041512993,4
sc2,ca4,0.648347041513004,4
ca1,ro3,0.648574761378131,4
ro3,ca1,0.648574761378135,4
lm2,nea,0.649156461207376,4
nea,lm2,0.649156461207384,4
ca5,pm3,0.649173746874154,4
pm3,ca5,0.649173746874155,4
eg4,ro2,0.649178857433437,4
ro2,eg4,0.649178857433441,4
por,ca6,0.649342595556942,4
ca6,por,0.649342595556943,4
ca4,pm1,0.649382553700303,4
pm1,ca4,0.649382553700304,4
itg,ro1,0.649550799322468,4
ro1,itg,0.649550799322478,4
lm2,ro2,0.6499182082526,4
ro2,lm2,0.649918208252616,4
pm4,glg,0.649924332585631,4
glg,pm4,0.649924332585633,4
pm4,ro2,0.649995300043066,4
ro2,pm4,0.649995300043076,4
lm2,ca6,0.65009701132102,4
ca6,lm2,0.650097011321028,4
itg,ro4,0.650158526511304,4
ro4,itg,0.650158526511312,4
ll1,ito,0.650199373240434,4
ito,ll1,0.650199373240434,4
sro,ito,0.650214895639646,4
ito,sro,0.650214895639649,4
lm1,ito,0.650319654453201,4
ito,lm1,0.65031965445321,4
ro2,ito,0.650483062855897,4
ito,ro2,0.6504830628559,4
qbb,ita,0.650905122677434,4
ita,qbb,0.650905122677435,4
ca5,ro1,0.651291042483843,4
ro1,ca5,0.651291042483851,4
ca4,eg1,0.651376993286531,4
eg1,ca4,0.651376993286533,4
ca4,ro3,0.651604680391702,4
ro3,ca4,0.651604680391715,4
ve2,ca1,0.651622309599402,4
ca1,ve2,0.651622309599407,4
ll2,sc2,0.651643673852632,4
sc2,ll2,0.651643673852634,4
nea,ll2,0.651751696064398,4
ll2,nea,0.651751696064401,4
eg2,pr1,0.651770471473006,4
pr1,eg2,0.651770471473016,4
ca5,ro3,0.65191045503304,4
ro3,ca5,0.651910455033051,4
pm2,ca4,0.651937174598423,4
ca4,pm2,0.651937174598423,4
pm2,dlm,0.651994138504652,4
dlm,pm2,0.651994138504664,4
ron,ita,0.652023320870324,4
ita,ron,0.652023320870324,4
pr1,ro4,0.652222230188497,4
ro4,pr1,0.652222230188498,4
lm2,ca2,0.652302502456828,4
ca2,lm2,0.652302502456835,4
pm5,ro3,0.65231770969873,4
ro3,pm5,0.652317709698751,4
ast,eg2,0.652545670656471,4
eg2,ast,0.652545670656478,4
lm1,ca3,0.652580191911587,4
ca3,lm1,0.65258019191159,4
qbb,itf,0.652603327833347,4
itf,qbb,0.65260332783335,4
ca6,ro1,0.6527421356559,4
ro1,ca6,0.652742135655908,4
ca6,pm3,0.652805532792157,4
pm3,ca6,0.652805532792158,4
ve1,ca1,0.652824317871215,4
ca1,ve1,0.652824317871224,4
ca6,ro3,0.652983013494124,4
ro3,ca6,0.652983013494135,4
ca6,sc2,0.653086350903271,4
sc2,ca6,0.653086350903281,4
glg,ca1,0.653214622244734,4
ca1,glg,0.653214622244734,4
fro,eg3,0.653376817467121,4
eg3,fro,0.653376817467122,4
pm5,sc4,0.653454642501815,4
sc4,pm5,0.653454642501828,4
ast,eg3,0.653489365151563,4
eg3,ast,0.653489365151568,4
ca3,ro3,0.653855694465013,4
ro3,ca3,0.653855694465023,4
eg2,por,0.654161481265731,4
por,eg2,0.654161481265734,4
lat,itg,0.654228233205048,4
itg,lat,0.654228233205053,4
pm1,ca3,0.654236881941593,4
ca3,pm1,0.654236881941595,4
ast,sc3,0.654376204403053,4
sc3,ast,0.654376204403066,4
spa,eg2,0.654399814945072,4
eg2,spa,0.654399814945074,4
fro,ita,0.654489112795391,4
ita,fro,0.654489112795395,4
qbb,src,0.654550422997168,4
src,qbb,0.65455042299717,4
li1,ro4,0.654834784402056,4
ro4,li1,0.654834784402058,4
itf,rup,0.654874476813969,4
rup,itf,0.65487447681397,4
li3,ll1,0.654887502476454,4
ll1,li3,0.654887502476463,4
pr2,win,0.654941740924456,4
win,pr2,0.65494174092446,4
glg,pr1,0.654972813140734,4
pr1,glg,0.654972813140738,4
eg3,pr1,0.655043405392002,4
pr1,eg3,0.65504340539201,4
eg4,pr1,0.655137700573168,4
pr1,eg4,0.65513770057317,4
ve2,src,0.655445569617468,4
src,ve2,0.655445569617473,4
fur,ro1,0.655683615338153,4
ro1,fur,0.655683615338158,4
spa,ll2,0.655925138144142,4
ll2,spa,0.655925138144148,4
eg3,por,0.656031622415698,4
por,eg3,0.656031622415699,4
ve1,ro4,0.656047030801075,4
ro4,ve1,0.656047030801087,4
lm1,ro4,0.656166345153918,4
ro4,lm1,0.656166345153927,4
itg,sro,0.656199282411619,4
sro,itg,0.656199282411622,4
spa,eg3,0.656462682519766,4
eg3,spa,0.656462682519767,4
eg2,src,0.656572290936348,4
src,eg2,0.656572290936354,4
pr1,ro3,0.656748028733463,4
ro3,pr1,0.656748028733469,4
fur,ro2,0.657112413061261,4
ro2,fur,0.657112413061268,4
ve1,pr1,0.657587770606552,4
pr1,ve1,0.657587770606565,4
fur,sc3,0.65778988536006,4
sc3,fur,0.657789885360062,4
pr1,ll1,0.657913174633375,4
ll1,pr1,0.657913174633376,4
li2,pr1,0.658099980171408,4
pr1,li2,0.658099980171413,4
ve3,src,0.658427403135411,4
src,ve3,0.658427403135415,4
pm2,ca5,0.658557590798804,4
ca5,pm2,0.658557590798804,4
ca2,pm3,0.658578251537165,4
pm3,ca2,0.658578251537167,4
pm3,ca1,0.658690634134359,4
ca1,pm3,0.658690634134364,4
itf,ca3,0.658695760116239,4
ca3,itf,0.658695760116239,4
eg1,ro4,0.658800254974761,4
ro4,eg1,0.658800254974771,4
glg,src,0.659277900027153,4
src,glg,0.659277900027154,4
nea,por,0.659313137770141,4
por,nea,0.659313137770147,4
itg,ca3,0.659360425664134,4
ca3,itg,0.659360425664134,4
ca3,ita,0.659362020463494,4
ita,ca3,0.659362020463498,4
li3,nea,0.659706616135721,4
nea,li3,0.659706616135725,4
ca1,ll2,0.659741808224629,4
ll2,ca1,0.659741808224633,4
ca5,eg1,0.660035366834424,4
eg1,ca5,0.660035366834425,4
pm5,fro,0.660065312397533,4
fro,pm5,0.660065312397544,4
pm4,sc4,0.660237263200804,4
sc4,pm4,0.660237263200807,4
nea,ro1,0.660807442608867,4
ro1,nea,0.660807442608872,4
pm2,ca6,0.661035723616816,4
ca6,pm2,0.661035723616817,4
sc1,pm4,0.661080803342778,4
pm4,sc1,0.66108080334279,4
pm1,dlm,0.661284374148563,4
dlm,pm1,0.661284374148574,4
pm4,ca1,0.661522194439957,4
ca1,pm4,0.661522194439962,4
ast,ca1,0.66162687006288,4
ca1,ast,0.661626870062889,4
ca5,sc4,0.661737688252508,4
sc4,ca5,0.661737688252512,4
ca3,ito,0.661898680586921,4
ito,ca3,0.66189868058693,4
pm5,ro2,0.662005983551782,4
ro2,pm5,0.662005983551798,4
ca4,sc4,0.662151406786666,4
sc4,ca4,0.662151406786671,4
ita,dlm,0.662199581719145,4
dlm,ita,0.662199581719149,4
pm5,glg,0.662386169834883,4
glg,pm5,0.66238616983489,4
sc1,ast,0.662600445626608,4
ast,sc1,0.662600445626609,4
lm2,sc4,0.662610065117307,4
sc4,lm2,0.662610065117315,4
src,li1,0.662616031309704,4
li1,src,0.662616031309705,4
itg,por,0.662776175940766,4
por,itg,0.662776175940768,4
eg1,fro,0.662851027450664,4
fro,eg1,0.662851027450665,4
ca5,ll1,0.662874535997892,4
ll1,ca5,0.6628745359979,4
pm4,dlm,0.662913143961927,4
dlm,pm4,0.662913143961935,4
eg2,dlm,0.66296090394021,4
dlm,eg2,0.662960903940221,4
nea,ro4,0.663227124699902,4
ro4,nea,0.663227124699905,4
ast,li1,0.663417734161386,4
li1,ast,0.663417734161399,4
lm1,ro2,0.663418877849218,4
ro2,lm1,0.663418877849229,4
ca6,ll1,0.663588600298672,4
ll1,ca6,0.66358860029868,4
pm2,ca1,0.663945988474404,4
ca1,pm2,0.663945988474411,4
ita,ro2,0.664008809591342,4
ro2,ita,0.664008809591343,4
lm2,ca1,0.664473002163814,4
ca1,lm2,0.664473002163829,4
ca2,fro,0.664672340259177,4
fro,ca2,0.66467234025918,4
eg1,ca6,0.664694420259802,4
ca6,eg1,0.664694420259803,4
pm1,sc4,0.664698458319523,4
sc4,pm1,0.66469845831953,4
sc1,ca4,0.664790777141303,4
ca4,sc1,0.66479077714131,4
sc1,pm2,0.664980769735945,4
pm2,sc1,0.664980769735954,4
pm1,pcd,0.665123167278401,4
pcd,pm1,0.66512316727841,4
sro,ita,0.66519438305583,4
ita,sro,0.66519438305583,4
ca4,nea,0.665411054038853,4
nea,ca4,0.665411054038855,4
li1,ro1,0.665445359861197,4
ro1,li1,0.665445359861199,4
por,li1,0.665535756194823,4
li1,por,0.665535756194829,4
lm1,ca1,0.66583593176265,4
ca1,lm1,0.665835931762656,4
li3,pr1,0.665987719442599,4
pr1,li3,0.665987719442607,4
lm2,ca3,0.666184426754271,4
ca3,lm2,0.666184426754282,4
eg1,ca3,0.666404323507658,4
ca3,eg1,0.666404323507664,4
itf,pr1,0.666451283282593,4
pr1,itf,0.666451283282595,4
glg,sc4,0.666478060106456,4
sc4,glg,0.666478060106459,4
pm2,ca2,0.666486634237811,4
ca2,pm2,0.666486634237812,4
itf,spa,0.666489688626782,4
spa,itf,0.666489688626784,4
li3,fur,0.666661126988443,4
fur,li3,0.666661126988449,4
ca2,eg1,0.666691241196769,4
eg1,ca2,0.666691241196771,4
pm3,pcd,0.666812824103198,4
pcd,pm3,0.666812824103206,4
lm2,glg,0.666816469372246,4
glg,lm2,0.666816469372256,4
pm2,pcd,0.667143194373976,4
pcd,pm2,0.667143194373986,4
glg,sro,0.667201388994993,4
sro,glg,0.667201388994994,4
pm1,ca5,0.667491564695508,4
ca5,pm1,0.667491564695508,4
lat,sc4,0.667765570727226,4
sc4,lat,0.667765570727232,4
ast,eg4,0.667826253512074,4
eg4,ast,0.667826253512084,4
lm1,sc3,0.66783209963141,4
sc3,lm1,0.667832099631419,4
ve1,fro,0.667859777285684,4
fro,ve1,0.667859777285693,4
lm1,nea,0.668033964055564,4
nea,lm1,0.668033964055568,4
sc4,ll2,0.668035628634716,4
ll2,sc4,0.668035628634718,4
sc1,ca5,0.668078950395172,4
ca5,sc1,0.668078950395181,4
pm1,ca6,0.668142524488061,4
ca6,pm1,0.668142524488062,4
li2,ro4,0.668484003166519,4
ro4,li2,0.668484003166524,4
pm3,glg,0.668504930473671,4
glg,pm3,0.668504930473673,4
ca6,sc4,0.668521727378474,4
sc4,ca6,0.668521727378477,4
ca4,ll1,0.668740538658752,4
ll1,ca4,0.66874053865876,4
sc1,pm3,0.668801673415174,4
pm3,sc1,0.668801673415186,4
sc1,ll2,0.669099158444984,4
ll2,sc1,0.669099158444994,4
ast,src,0.669144755989413,4
src,ast,0.669144755989423,4
ca2,li2,0.669349554301567,4
li2,ca2,0.66934955430157,4
pm5,fra,0.6696070588165,4
fra,pm5,0.669607058816516,4
ast,li2,0.669718005188171,4
li2,ast,0.669718005188179,4
ve1,sro,0.669762674941711,4
sro,ve1,0.669762674941719,4
sc1,ca6,0.669786648867652,4
ca6,sc1,0.669786648867661,4
ast,ca3,0.669808434242214,4
ca3,ast,0.669808434242219,4
nea,ca6,0.669941489584837,4
ca6,nea,0.669941489584837,4
lm1,fro,0.669951991990453,4
fro,lm1,0.669951991990456,4
ca3,glg,0.669993365254716,4
glg,ca3,0.669993365254718,4
sc1,pm1,0.670163232941982,4
pm1,sc1,0.670163232941992,4
ll2,dlm,0.670183161855571,4
dlm,ll2,0.670183161855572,4
eg1,pr1,0.670262628556558,4
pr1,eg1,0.67026262855657,4
pm2,sc4,0.670493111398333,4
sc4,pm2,0.670493111398341,4
rup,ito,0.67069352041538,4
ito,rup,0.670693520415391,4
ve2,sro,0.670986223488881,4
sro,ve2,0.670986223488885,4
ca4,li2,0.671443618715722,4
li2,ca4,0.671443618715724,4
sc3,ro1,0.671497809471292,4
ro1,sc3,0.671497809471294,4
spa,sc3,0.671533781867166,4
sc3,spa,0.671533781867169,4
pm3,dlm,0.671722120460434,4
dlm,pm3,0.671722120460444,4
ca1,ro2,0.671972030547997,4
ro2,ca1,0.671972030548,4
sc1,lat,0.672030046576613,4
lat,sc1,0.672030046576617,4
lm2,fro,0.672671850078594,4
fro,lm2,0.672671850078603,4
ve1,ro1,0.672918732036988,4
ro1,ve1,0.672918732037002,4
pm2,glg,0.672956068855349,4
glg,pm2,0.672956068855352,4
por,eg4,0.672989837464116,4
eg4,por,0.672989837464118,4
itg,ro2,0.672991549459741,4
ro2,itg,0.672991549459747,4
pm1,ca2,0.673028508415666,4
ca2,pm1,0.673028508415666,4
pr2,pr1,0.673190839563213,4
pr1,pr2,0.673190839563218,4
pm1,glg,0.673212808358186,4
glg,pm1,0.673212808358189,4
pm1,ca1,0.673431479823026,4
ca1,pm1,0.673431479823032,4
por,li2,0.673488355009913,4
li2,por,0.673488355009913,4
por,ll2,0.673798350153182,4
ll2,por,0.673798350153188,4
ca5,li1,0.673843109251241,4
li1,ca5,0.673843109251247,4
ito,dlm,0.673886953547696,4
dlm,ito,0.673886953547697,4
sc1,spa,0.673929010971245,4
spa,sc1,0.673929010971252,4
pm2,pr2,0.674083643639464,4
pr2,pm2,0.674083643639468,4
eg2,sro,0.674200994141707,4
sro,eg2,0.674200994141712,4
ita,ro3,0.67420753726913,4
ro3,ita,0.674207537269134,4
spa,eg4,0.674225333925968,4
eg4,spa,0.674225333925974,4
eg4,dlm,0.674230044544443,4
dlm,eg4,0.674230044544445,4
ca5,li2,0.6742635262616,4
li2,ca5,0.674263526261602,4
ca2,ll1,0.674493447256356,4
ll1,ca2,0.674493447256367,4
pm3,pr2,0.6745533885994,4
pr2,pm3,0.674553388599403,4
itg,ro3,0.674660132659056,4
ro3,itg,0.674660132659064,4
itf,ro1,0.674715442763005,4
ro1,itf,0.674715442763011,4
ro3,ito,0.674729747800853,4
ito,ro3,0.674729747800853,4
ita,ca1,0.674815906865378,4
ca1,ita,0.674815906865378,4
sc1,pm5,0.67507569321029,4
pm5,sc1,0.675075693210296,4
ro1,fra,0.675149107346581,4
fra,ro1,0.675149107346582,4
nea,ca5,0.675265418676113,4
ca5,nea,0.675265418676113,4
pm5,pr2,0.675333201398174,4
pr2,pm5,0.67533320139819,4
spa,ca1,0.675663735898072,4
ca1,spa,0.675663735898076,4
fro,win,0.675727645558426,4
win,fro,0.67572764555843,4
sc1,glg,0.675943782997788,4
glg,sc1,0.675943782997796,4
pm4,pcd,0.676290266754772,4
pcd,pm4,0.676290266754779,4
li2,src,0.676353119659494,4
src,li2,0.676353119659498,4
pm1,pr2,0.676476350575602,4
pr2,pm1,0.676476350575606,4
pm3,sc4,0.676490802595958,4
sc4,pm3,0.676490802595964,4
eg3,dlm,0.676587315486974,4
dlm,eg3,0.67658731548698,4
lm1,sc4,0.67669240176753,4
sc4,lm1,0.676692401767538,4
sc1,fur,0.676841188997007,4
fur,sc1,0.676841188997017,4
ca2,ro4,0.676995613168984,4
ro4,ca2,0.676995613168996,4
lm2,sc2,0.677305863155873,4
sc2,lm2,0.677305863155887,4
itf,ro4,0.677580800132866,4
ro4,itf,0.67758080013287,4
ca6,li2,0.677612476961979,4
li2,ca6,0.67761247696198,4
glg,ro4,0.678377897849409,4
ro4,glg,0.678377897849412,4
spa,src,0.678382364096457,4
src,spa,0.678382364096461,4
eg1,dlm,0.678418586823437,4
dlm,eg1,0.678418586823445,4
ca3,ll1,0.678733727943192,4
ll1,ca3,0.678733727943202,4
ve1,ro3,0.678802189943694,4
ro3,ve1,0.678802189943709,4
ca4,li1,0.679086205279633,4
li1,ca4,0.67908620527964,4
nea,glg,0.679209015274831,4
glg,nea,0.679209015274834,4
ca5,ro2,0.679215331891754,4
ro2,ca5,0.679215331891762,4
pr2,pm4,0.679275709541469,4
pm4,pr2,0.679275709541469,4
ca2,sc3,0.679387780604419,4
sc3,ca2,0.679387780604428,4
pr2,fro,0.679411277813921,4
fro,pr2,0.679411277813924,4
eg1,sc4,0.679896434785901,4
sc4,eg1,0.679896434785908,4
ca2,li1,0.680180687217478,4
li1,ca2,0.680180687217487,4
li3,ro4,0.680287618550687,4
ro4,li3,0.680287618550695,4
lm1,sc2,0.680396536026506,4
sc2,lm1,0.680396536026521,4
lat,glg,0.680439840415651,4
glg,lat,0.680439840415655,4
sro,eg4,0.680470760196196,4
eg4,sro,0.680470760196199,4
sc3,ro4,0.680557542921077,4
ro4,sc3,0.680557542921078,4
ve3,sro,0.680684025988005,4
sro,ve3,0.680684025988007,4
por,sc4,0.680864202810724,4
sc4,por,0.680864202810727,4
fur,sc2,0.680917673647261,4
sc2,fur,0.680917673647268,4
ve1,lat,0.680980638644541,4
lat,ve1,0.680980638644544,4
eg3,src,0.681050664393329,4
src,eg3,0.681050664393335,4
pm3,win,0.681066226694799,4
win,pm3,0.681066226694802,4
itf,ron,0.681156502140139,4
ron,itf,0.681156502140146,4
ve2,lat,0.681468834413229,4
lat,ve2,0.681468834413229,4
eg1,ca1,0.68156561454381,4
ca1,eg1,0.681565614543819,4
eg4,src,0.68168918089782,4
src,eg4,0.681689180897823,4
glg,fro,0.681783363559607,4
fro,glg,0.681783363559607,4
itg,pr1,0.681828414830617,4
pr1,itg,0.681828414830621,4
nea,fro,0.681861820606805,4
fro,nea,0.681861820606807,4
ca2,nea,0.681902844632773,4
nea,ca2,0.681902844632778,4
ast,sc2,0.68199454545153,4
sc2,ast,0.681994545451544,4
pm2,win,0.682032742996537,4
win,pm2,0.682032742996543,4
li1,ro3,0.682388825899815,4
ro3,li1,0.68238882589982,4
eg1,ro1,0.682586719036276,4
ro1,eg1,0.682586719036286,4
itg,ll1,0.682977230494524,4
ll1,itg,0.682977230494535,4
eg1,ro3,0.683103802129924,4
ro3,eg1,0.683103802129939,4
eg3,sro,0.683262466967561,4
sro,eg3,0.683262466967563,4
itf,ro3,0.683401089410871,4
ro3,itf,0.683401089410881,4
nea,pr1,0.683418302086104,4
pr1,nea,0.683418302086107,4
ve2,ron,0.68352076979693,4
ron,ve2,0.683520769796937,4
ca4,ro2,0.683563938845827,4
ro2,ca4,0.683563938845835,4
qbb,itg,0.683954746860198,4
itg,qbb,0.683954746860201,4
li3,glg,0.684066881413416,4
glg,li3,0.684066881413419,4
ro1,sc2,0.684159658918634,4
sc2,ro1,0.684159658918635,4
ca6,sro,0.684461592112218,4
sro,ca6,0.684461592112224,4
ca6,ro2,0.684546850918449,4
ro2,ca6,0.684546850918457,4
ca1,ito,0.68491058351483,4
ito,ca1,0.684910583514836,4
eg1,glg,0.6854919064759,4
glg,eg1,0.685491906475906,4
ve1,dlm,0.685847952351953,4
dlm,ve1,0.685847952351962,4
lm2,dlm,0.685863460655621,4
dlm,lm2,0.685863460655636,4
lat,eg2,0.685908966888452,4
eg2,lat,0.685908966888457,4
ca3,ro2,0.685912928885429,4
ro2,ca3,0.68591292888544,4
ca6,li1,0.685951871169409,4
li1,ca6,0.685951871169415,4
li3,ro1,0.686004342932024,4
ro1,li3,0.686004342932034,4
qbb,sc4,0.686064210323081,4
sc4,qbb,0.686064210323086,4
itg,ca1,0.686082004519622,4
ca1,itg,0.686082004519625,4
lm1,glg,0.68610282181105,4
glg,lm1,0.68610282181105,4
li2,ro1,0.686152805640831,4
ro1,li2,0.686152805640836,4
nea,ro2,0.686160325053925,4
ro2,nea,0.686160325053932,4
sc1,por,0.686306433866686,4
por,sc1,0.686306433866694,4
ca1,ll1,0.68648055880728,4
ll1,ca1,0.686480558807288,4
pm1,win,0.686648219686786,4
win,pm1,0.686648219686789,4
eg1,por,0.687022938859527,4
por,eg1,0.687022938859535,4
ca6,src,0.68705754902779,4
src,ca6,0.687057549027796,4
ast,sc4,0.687106241327943,4
sc4,ast,0.687106241327954,4
ca4,src,0.687290971807598,4
src,ca4,0.687290971807606,4
ca5,sro,0.687322764977524,4
sro,ca5,0.68732276497753,4
ca2,ro1,0.68798516411693,4
ro1,ca2,0.687985164116944,4
ro4,fra,0.688031983492392,4
fra,ro4,0.688031983492395,4
ve2,qbb,0.688152635927649,4
qbb,ve2,0.688152635927651,4
rup,ita,0.688320916255673,4
ita,rup,0.688320916255682,4
ast,fur,0.688576160413191,4
fur,ast,0.688576160413201,4
spa,ca3,0.688669840789166,4
ca3,spa,0.688669840789168,4
ca2,sro,0.68867252686324,4
sro,ca2,0.688672526863248,4
li2,sro,0.688757173028435,4
sro,li2,0.688757173028437,4
ca2,sc2,0.688932314623704,4
sc2,ca2,0.688932314623717,4
ast,ll1,0.688957709079845,4
ll1,ast,0.688957709079856,4
nea,ron,0.689113803625544,4
ron,nea,0.689113803625545,4
ca2,ro3,0.689784583464103,4
ro3,ca2,0.689784583464118,4
itf,ca1,0.689810751109067,4
ca1,itf,0.689810751109069,4
fro,dlm,0.689913272562533,4
dlm,fro,0.689913272562533,4
pr1,sc3,0.690008377582721,4
sc3,pr1,0.690008377582725,4
nea,sro,0.690070284757049,4
sro,nea,0.69007028475705,4
glg,ro1,0.69054487951628,4
ro1,glg,0.690544879516283,4
sc1,lm2,0.690685435480554,4
lm2,sc1,0.690685435480564,4
qbb,sro,0.690731904486307,4
sro,qbb,0.690731904486314,4
nea,src,0.690975635358695,4
src,nea,0.690975635358697,4
lat,eg3,0.691202420133707,4
eg3,lat,0.691202420133712,4
itg,ron,0.691353891233993,4
ron,itg,0.691353891233996,4
pr2,ita,0.691525092441218,4
ita,pr2,0.691525092441219,4
nea,ro3,0.69167582903149,4
ro3,nea,0.691675829031494,4
ca4,dlm,0.691705659211354,4
dlm,ca4,0.691705659211363,4
ca5,src,0.691794830087251,4
src,ca5,0.691794830087257,4
ve3,lat,0.692017080917164,4
lat,ve3,0.692017080917164,4
spa,sc2,0.692053746076997,4
sc2,spa,0.692053746077002,4
nea,ll1,0.692059400879264,4
ll1,nea,0.69205940087927,4
li1,ro2,0.692587879736413,4
ro2,li1,0.692587879736414,4
ast,pm4,0.692761137133989,4
pm4,ast,0.692761137133998,4
pr1,sc2,0.692762888453246,4
sc2,pr1,0.692762888453254,4
li1,sro,0.692981204774114,4
sro,li1,0.692981204774116,4
ve1,ro2,0.693191268402448,4
ro2,ve1,0.693191268402459,4
li2,ro3,0.693328527606667,4
ro3,li2,0.693328527606674,4
ruq,ito,0.694327121737334,4
ito,ruq,0.694327121737339,4
sc1,eg1,0.695004250713183,4
eg1,sc1,0.695004250713189,4
ca3,li1,0.695165663267926,4
li1,ca3,0.695165663267934,4
ca4,sro,0.695577711153845,4
sro,ca4,0.695577711153851,4
spa,sc4,0.695925091559758,4
sc4,spa,0.695925091559759,4
spa,sro,0.696037317325329,4
sro,spa,0.696037317325335,4
sc4,ro1,0.6962978579172,1
ro1,sc4,0.696297857917205,1
ca3,por,0.696507439788004,1
por,ca3,0.696507439788013,1
sc1,qbb,0.696903126450881,1
qbb,sc1,0.696903126450887,1
lat,sro,0.697101639443483,1
sro,lat,0.697101639443491,1
fro,itg,0.697261012055633,1
itg,fro,0.697261012055635,1
ast,nea,0.697279670277882,1
nea,ast,0.697279670277885,1
por,src,0.697310920496726,1
src,por,0.697310920496727,1
lat,por,0.697334434958274,1
por,lat,0.697334434958278,1
spa,li2,0.697565534883336,1
li2,spa,0.69756553488334,1
pr2,eg4,0.697678362893914,1
eg4,pr2,0.697678362893915,1
eg3,pr2,0.69811313153739,1
pr2,eg3,0.698113131537392,1
ast,pr1,0.698528135601649,1
pr1,ast,0.698528135601662,1
ca3,sc3,0.698616495280376,1
sc3,ca3,0.698616495280382,1
ca3,li2,0.69878869961782,1
li2,ca3,0.698788699617823,1
sc3,ll1,0.699144238491341,1
ll1,sc3,0.699144238491347,1
glg,ro3,0.699190131973001,1
ro3,glg,0.699190131973008,1
ve3,pr2,0.69962676734167,1
pr2,ve3,0.699626767341675,1
ve3,pcd,0.699668722664765,1
pcd,ve3,0.699668722664777,1
ca1,por,0.699736576391634,1
por,ca1,0.699736576391638,1
lat,nea,0.699821800221852,1
nea,lat,0.699821800221856,1
li3,ro3,0.700065265104836,1
ro3,li3,0.70006526510485,1
ro4,sc2,0.700126851357241,1
sc2,ro4,0.700126851357244,1
ll2,src,0.700244796179155,1
src,ll2,0.700244796179156,1
ve3,ron,0.700436402715128,1
ron,ve3,0.700436402715136,1
ca5,dlm,0.700675931671046,1
dlm,ca5,0.700675931671054,1
lm2,fra,0.700694876351721,1
fra,lm2,0.700694876351739,1
nea,spa,0.701003472102906,1
spa,nea,0.701003472102908,1
pm5,dlm,0.70111693332103,1
dlm,pm5,0.701116933321049,1
ve2,pcd,0.701138795747135,1
pcd,ve2,0.701138795747146,1
ca2,sc4,0.701329666758038,1
sc4,ca2,0.701329666758045,1
qbb,glg,0.701624296195811,1
glg,qbb,0.701624296195814,1
sc4,ll1,0.701686109844355,1
ll1,sc4,0.70168610984436,1
ve3,fra,0.701790539677045,1
fra,ve3,0.70179053967706,1
eg1,ro2,0.701999937392026,1
ro2,eg1,0.701999937392037,1
fro,pcd,0.702256667117066,1
pcd,fro,0.702256667117072,1
spa,li1,0.702717277667771,1
li1,spa,0.702717277667778,1
ca2,por,0.702747116674586,1
por,ca2,0.702747116674592,1
glg,ll1,0.702981482343801,1
ll1,glg,0.702981482343809,1
sc1,ll1,0.703286067443696,1
ll1,sc1,0.703286067443711,1
ast,pm3,0.703333616028116,1
pm3,ast,0.703333616028124,1
itg,dlm,0.703379869913078,1
dlm,itg,0.703379869913082,1
fro,sc3,0.703539806608715,1
sc3,fro,0.703539806608722,1
sc1,lm1,0.703646660247912,1
lm1,sc1,0.703646660247921,1
sc3,ro3,0.703827999771157,1
ro3,sc3,0.703827999771164,1
fur,sc4,0.70390216568773,1
sc4,fur,0.703902165687732,1
fra,ll2,0.704150106934747,1
ll2,fra,0.704150106934751,1
glg,fur,0.704495332595143,1
fur,glg,0.704495332595149,1
win,pr1,0.705315074268281,1
pr1,win,0.705315074268283,1
pm4,win,0.70558310674514,1
win,pm4,0.705583106745143,1
li2,ca1,0.705616076836974,1
ca1,li2,0.705616076836974,1
ca3,sc2,0.705631063134762,1
sc2,ca3,0.705631063134776,1
ve1,pcd,0.705814825546015,1
pcd,ve1,0.705814825546031,1
ve2,fra,0.705838558896828,1
fra,ve2,0.705838558896841,1
ve1,pr2,0.706205352794139,1
pr2,ve1,0.70620535279415,1
pm5,win,0.706223613596424,1
win,pm5,0.706223613596434,1
sc3,ro2,0.706465998813743,1
ro2,sc3,0.706465998813746,1
pr1,dlm,0.70657620813804,1
dlm,pr1,0.706576208138042,1
qbb,eg2,0.7067573927074,1
eg2,qbb,0.706757392707406,1
fra,ro3,0.707045888335564,1
ro3,fra,0.707045888335567,1
qbb,eg3,0.707661577171985,1
eg3,qbb,0.70766157717199,1
ro4,por,0.707704560649367,1
por,ro4,0.707704560649367,1
fro,li1,0.707828498284534,1
li1,fro,0.707828498284538,1
lat,ll2,0.708308566499054,1
ll2,lat,0.708308566499061,1
ast,pm5,0.708333316869806,1
pm5,ast,0.708333316869807,1
ve1,qbb,0.708788696828427,1
qbb,ve1,0.708788696828432,1
lm1,dlm,0.708831414354778,1
dlm,lm1,0.708831414354788,1
ruq,ita,0.708853136851265,1
ita,ruq,0.708853136851268,1
li3,fro,0.708918339314802,1
fro,li3,0.708918339314807,1
pm4,src,0.709034635548599,1
src,pm4,0.709034635548608,1
pr2,ito,0.709110728236468,1
ito,pr2,0.709110728236475,1
ve3,qbb,0.709213250188168,1
qbb,ve3,0.709213250188169,1
win,ca1,0.709277728089144,1
ca1,win,0.709277728089144,1
lm2,ast,0.709400121648614,1
ast,lm2,0.709400121648614,1
spa,fro,0.709427049624111,1
fro,spa,0.709427049624114,1
sc1,ca2,0.709741875326149,1
ca2,sc1,0.709741875326154,1
pm5,pcd,0.710136830176111,1
pcd,pm5,0.710136830176129,1
ca3,ron,0.710202789909537,1
ron,ca3,0.710202789909545,1
rup,itg,0.710326576546153,1
itg,rup,0.710326576546158,1
sro,por,0.710514397530552,1
por,sro,0.710514397530552,1
dlm,sc3,0.710736972017215,1
sc3,dlm,0.710736972017217,1
ro2,fra,0.710746589525497,1
fra,ro2,0.710746589525497,1
itf,ro2,0.71131058529113,1
ro2,itf,0.711310585291133,1
lm1,pr2,0.711324966565701,1
pr2,lm1,0.711324966565711,1
eg2,ron,0.711325777772037,1
ron,eg2,0.711325777772046,1
ca1,li1,0.711591663265525,1
li1,ca1,0.711591663265528,1
ca6,dlm,0.711694000932379,1
dlm,ca6,0.711694000932387,1
ve1,fra,0.711701149379326,1
fra,ve1,0.711701149379344,1
ast,ro3,0.71178235616745,1
ro3,ast,0.711782356167465,1
li3,ro2,0.71196540052218,1
ro2,li3,0.711965400522189,1
ruo,ito,0.7121168122435,1
ito,ruo,0.712116812243505,1
lat,ca4,0.712184241851225,1
ca4,lat,0.712184241851226,1
glg,ro2,0.712229341652162,1
ro2,glg,0.712229341652164,1
li3,ca5,0.712417572193064,1
ca5,li3,0.712417572193064,1
eg3,ron,0.71270257783599,1
ron,eg3,0.712702577835998,1
sc1,ro1,0.712797974118406,1
ro1,sc1,0.712797974118423,1
sc4,ro4,0.712891167360887,1
ro4,sc4,0.71289116736089,1
ca2,li3,0.712998109805805,1
li3,ca2,0.712998109805806,1
pr2,ll2,0.713514391183261,1
ll2,pr2,0.713514391183269,1
pm3,sro,0.713694890020797,1
sro,pm3,0.713694890020798,1
ast,pm2,0.713777021493017,1
pm2,ast,0.713777021493024,1
ron,ro1,0.71385613229615,1
ro1,ron,0.713856132296153,1
fro,por,0.714202562444561,1
por,fro,0.714202562444565,1
ro2,sc2,0.714391207865691,1
sc2,ro2,0.714391207865693,1
rup,src,0.714512041524647,1
src,rup,0.714512041524654,1
li2,fro,0.714650683985394,1
fro,li2,0.714650683985394,1
eg1,ron,0.714761382374159,1
ron,eg1,0.714761382374169,1
li2,ro2,0.714809991125229,1
ro2,li2,0.714809991125236,1
pr1,sc4,0.715014459076127,1
sc4,pr1,0.715014459076129,1
lat,ca2,0.715045145532387,1
ca2,lat,0.715045145532388,1
ca2,ro2,0.715266248051994,1
ro2,ca2,0.715266248052005,1
lat,ca5,0.715389306634601,1
ca5,lat,0.715389306634604,1
ve2,pr2,0.71549559242309,1
pr2,ve2,0.715495592423097,1
eg2,fra,0.715505015524019,1
fra,eg2,0.715505015524035,1
li3,ca4,0.715608458463429,1
ca4,li3,0.715608458463429,1
lat,eg4,0.715779200798805,1
eg4,lat,0.715779200798814,1
pm2,src,0.715984888887216,1
src,pm2,0.715984888887226,1
ron,ll2,0.71603830330943,1
ll2,ron,0.716038303309431,1
sc4,ro2,0.71643036452581,1
ro2,sc4,0.716430364525812,1
eg1,src,0.71649625664495,1
src,eg1,0.71649625664496,1
fro,sc2,0.716663383564277,1
sc2,fro,0.716663383564284,1
li1,ron,0.716832392629334,1
ron,li1,0.716832392629336,1
ve2,ruq,0.716924293528596,1
ruq,ve2,0.716924293528604,1
ast,sro,0.717009743784248,1
sro,ast,0.717009743784259,1
fur,ron,0.717105967729782,1
ron,fur,0.717105967729785,1
spa,fur,0.717419084133083,1
fur,spa,0.717419084133087,1
ca1,sc3,0.71744926505568,1
sc3,ca1,0.717449265055681,1
lat,ca6,0.717907996254633,1
ca6,lat,0.717907996254636,1
ca3,fra,0.717983519462914,1
fra,ca3,0.717983519462928,1
ast,pm1,0.718143993990861,1
pm1,ast,0.718143993990869,1
qbb,nea,0.718347991681161,1
nea,qbb,0.718347991681161,1
ca1,ron,0.71858021236955,1
ron,ca1,0.718580212369553,1
pm5,por,0.718989343998194,1
por,pm5,0.718989343998199,1
li1,fra,0.719071491363544,1
fra,li1,0.719071491363544,1
lm1,sro,0.719073352290688,1
sro,lm1,0.719073352290689,1
li3,ca6,0.719207096342041,1
ca6,li3,0.719207096342042,1
ca4,pr2,0.719256851598072,1
pr2,ca4,0.719256851598079,1
por,li3,0.719276893562674,1
li3,por,0.719276893562674,1
dlm,sc2,0.719315470346687,1
sc2,dlm,0.71931547034669,1
pm4,por,0.719545892319157,1
por,pm4,0.719545892319161,1
lm2,por,0.719737004812495,1
por,lm2,0.719737004812504,1
eg1,fra,0.719753798060836,1
fra,eg1,0.719753798060849,1
dlm,ll1,0.720104828881845,1
ll1,dlm,0.720104828881848,1
eg3,pcd,0.720215899481905,1
pcd,eg3,0.720215899481913,1
ca3,win,0.720269943868751,1
win,ca3,0.720269943868759,1
eg3,fra,0.720365443063153,1
fra,eg3,0.720365443063164,1
ron,ro4,0.720506396997047,1
ro4,ron,0.720506396997047,1
lat,li1,0.720630812788771,1
li1,lat,0.720630812788781,1
ast,dlm,0.720637824697196,1
dlm,ast,0.720637824697208,1
li2,pr2,0.720663029540181,1
pr2,li2,0.720663029540184,1
sc2,ll1,0.72079769284806,1
ll1,sc2,0.720797692848062,1
eg4,ron,0.720816597730104,1
ron,eg4,0.720816597730107,1
lat,li2,0.721067026147645,1
li2,lat,0.721067026147651,1
nea,ruq,0.721166363216278,1
ruq,nea,0.721166363216279,1
ast,fro,0.721193645992992,1
fro,ast,0.721193645992999,1
eg2,pr2,0.721200092616701,1
pr2,eg2,0.721200092616711,1
ca1,fra,0.721254569098054,1
fra,ca1,0.721254569098062,1
pr2,li1,0.721293563175102,1
li1,pr2,0.721293563175104,1
spa,lat,0.721345242806817,1
lat,spa,0.721345242806821,1
fro,itf,0.721380144692813,1
itf,fro,0.721380144692817,1
li3,pr2,0.721843491499388,1
pr2,li3,0.721843491499392,1
sro,pm4,0.722244911334121,1
pm4,sro,0.722244911334121,1
qbb,ca2,0.722371360502545,1
ca2,qbb,0.722371360502546,1
ast,li3,0.722395806771967,1
li3,ast,0.722395806771976,1
lm2,pr2,0.722514818660193,1
pr2,lm2,0.722514818660204,1
ruo,ita,0.722545311142258,1
ita,ruo,0.722545311142262,1
fur,fra,0.722882238938118,1
fra,fur,0.72288223893812,1
rup,sc2,0.72301906278055,1
sc2,rup,0.723019062780564,1
eg4,fra,0.723113940366113,1
fra,eg4,0.723113940366119,1
eg1,pcd,0.723236321399999,1
pcd,eg1,0.723236321400015,1
pm2,sro,0.723455970270096,1
sro,pm2,0.723455970270099,1
ca2,src,0.723473308867984,1
src,ca2,0.723473308867996,1
qbb,ca5,0.723520560520318,1
ca5,qbb,0.723520560520322,1
li3,fra,0.723839253462902,1
fra,li3,0.723839253462909,1
pm3,src,0.723843998868417,1
src,pm3,0.723843998868428,1
li3,src,0.723950065202627,1
src,li3,0.723950065202631,1
ruq,ro4,0.723969784772025,1
ro4,ruq,0.72396978477203,1
sc1,ro4,0.72406010798002,1
ro4,sc1,0.724060107980035,1
sro,pm1,0.72420977849252,1
pm1,sro,0.72420977849252,1
li3,sro,0.724256664221626,1
sro,li3,0.72425666422163,1
ast,lm1,0.724381166955194,1
lm1,ast,0.724381166955202,1
pm1,src,0.724625574188739,1
src,pm1,0.72462557418875,1
ast,lat,0.724716831535444,1
lat,ast,0.724716831535451,1
sc1,ro2,0.72490392648763,1
ro2,sc1,0.724903926487646,1
ve2,rup,0.724946514069731,1
rup,ve2,0.724946514069737,1
ron,src,0.724981152711061,1
src,ron,0.724981152711064,1
rup,sc3,0.725126377197482,1
sc3,rup,0.72512637719749,1
por,ro1,0.725524178499988,1
ro1,por,0.725524178499993,1
pm5,spa,0.725541481145041,1
spa,pm5,0.725541481145043,1
sro,ron,0.725715154999862,1
ron,sro,0.725715154999864,1
ca3,pr2,0.725756267435379,1
pr2,ca3,0.725756267435385,1
ita,fra,0.725776395753257,1
fra,ita,0.72577639575326,1
ca1,sro,0.725878054973882,1
sro,ca1,0.725878054973884,1
ast,ro1,0.725991122828248,1
ro1,ast,0.725991122828262,1
sro,ll2,0.726348617829101,1
ll2,sro,0.726348617829104,1
rup,li1,0.72635869029792,1
li1,rup,0.726358690297927,1
lat,eg1,0.726531930457111,1
eg1,lat,0.726531930457114,1
lm2,win,0.726607583007889,1
win,lm2,0.726607583007903,1
lat,pm4,0.726743657178394,1
pm4,lat,0.726743657178397,1
li2,fra,0.726766005319652,1
fra,li2,0.726766005319656,1
sc1,pr1,0.726976720309338,1
pr1,sc1,0.726976720309346,1
ca4,fra,0.727183290520633,1
fra,ca4,0.727183290520646,1
ca3,sro,0.72739904181039,1
sro,ca3,0.727399041810395,1
qbb,ca6,0.72749172116596,1
ca6,qbb,0.727491721165964,1
eg2,win,0.727666371446837,1
win,eg2,0.727666371446846,1
fra,ito,0.727715402756772,1
ito,fra,0.727715402756775,1
li3,ca3,0.727749889585664,1
ca3,li3,0.727749889585665,1
ca6,ron,0.727820750614316,1
ron,ca6,0.727820750614324,1
itg,pr2,0.728026555230789,1
pr2,itg,0.72802655523079,1
pm2,por,0.728370856135162,1
por,pm2,0.728370856135165,1
li1,dlm,0.728465102820836,1
dlm,li1,0.728465102820837,1
qbb,por,0.728580668122409,1
por,qbb,0.72858066812241,1
ca2,pr2,0.728594516128206,1
pr2,ca2,0.728594516128212,1
eg2,pcd,0.728759774898091,1
pcd,eg2,0.728759774898106,1
qbb,ca4,0.729016468169616,1
ca4,qbb,0.729016468169616,1
sc1,dlm,0.729073934468739,1
dlm,sc1,0.729073934468753,1
sc1,fro,0.729245937452942,1
fro,sc1,0.729245937452951,1
ca6,pr2,0.72943713239721,1
pr2,ca6,0.729437132397218,1
spa,lm1,0.72970996100331,1
lm1,spa,0.729709961003317,1
fro,sc4,0.729842818292462,1
sc4,fro,0.729842818292467,1
pm5,sro,0.729917775664127,1
sro,pm5,0.729917775664134,1
sc2,ro3,0.729956326144874,1
ro3,sc2,0.729956326144877,1
rup,nea,0.73034728495213,1
nea,rup,0.730347284952133,1
ca1,sc2,0.730393668250409,1
sc2,ca1,0.730393668250415,1
sc4,ro3,0.730486743726343,1
ro3,sc4,0.730486743726352,1
eg1,sro,0.730537463085519,1
sro,eg1,0.730537463085525,1
ca5,pr2,0.730744982814371,1
pr2,ca5,0.730744982814378,1
ca4,ron,0.731373685388387,1
ron,ca4,0.731373685388397,1
ast,ro4,0.731529096812787,1
ro4,ast,0.7315290968128,1
itf,dlm,0.731694598287243,1
dlm,itf,0.731694598287248,1
ca2,dlm,0.731995247384234,1
dlm,ca2,0.731995247384245,1
ita,pcd,0.732394369088228,1
pcd,ita,0.73239436908823,1
li3,win,0.732538283918239,1
win,li3,0.732538283918242,1
pr2,fur,0.732940113854449,1
fur,pr2,0.732940113854453,1
ca4,ruq,0.733112657797686,1
ruq,ca4,0.733112657797693,1
qbb,li1,0.733179734797409,1
li1,qbb,0.733179734797417,1
ca5,ron,0.733406573156354,1
ron,ca5,0.733406573156362,1
spa,ro4,0.733489249141097,1
ro4,spa,0.733489249141103,1
eg1,win,0.733504640654767,1
win,eg1,0.733504640654778,1
eg4,pcd,0.733530473170054,1
pcd,eg4,0.733530473170058,1
ca5,ruq,0.733593379588138,1
ruq,ca5,0.733593379588145,1
spa,ll1,0.733844480447086,1
ll1,spa,0.733844480447092,1
spa,pm4,0.733863611147089,1
pm4,spa,0.733863611147092,1
ve1,ron,0.733931128780922,1
ron,ve1,0.733931128780937,1
ast,eg1,0.733984395959829,1
eg1,ast,0.733984395959836,1
ron,ro2,0.734010817413704,1
ro2,ron,0.734010817413707,1
lm2,sro,0.734021152478846,1
sro,lm2,0.734021152478852,1
lat,fro,0.73410710504588,1
fro,lat,0.734107105045885,1
pr2,ca1,0.734263066083147,1
ca1,pr2,0.734263066083147,1
ca2,win,0.734317293279084,1
win,ca2,0.734317293279091,1
lm1,fra,0.734518736791083,1
fra,lm1,0.734518736791094,1
fra,ll1,0.73470621968438,1
ll1,fra,0.734706219684381,1
ast,ro2,0.7349405646319,1
ro2,ast,0.734940564631914,1
li3,ca1,0.735298387902931,1
ca1,li3,0.735298387902936,1
pr1,ron,0.735463844711013,1
ron,pr1,0.735463844711014,1
ca4,win,0.735477561144609,1
win,ca4,0.735477561144617,1
ruo,itg,0.73549078768346,1
itg,ruo,0.735490787683461,1
ca6,fra,0.735591439737682,1
fra,ca6,0.735591439737695,1
ca4,pcd,0.735755063336831,1
pcd,ca4,0.735755063336841,1
li2,ron,0.735879698606288,1
ron,li2,0.735879698606293,1
fur,ruq,0.736212305191138,1
ruq,fur,0.736212305191142,1
qbb,li2,0.736566242288033,1
li2,qbb,0.736566242288039,1
spa,qbb,0.736626588091447,1
qbb,spa,0.736626588091451,1
pr2,ll1,0.736630797250109,1
ll1,pr2,0.73663079725012,1
li2,dlm,0.736735100830182,1
dlm,li2,0.736735100830189,1
ca2,ron,0.736815096495125,1
ron,ca2,0.736815096495137,1
pm1,por,0.736921472599686,1
por,pm1,0.736921472599691,1
itf,ruq,0.736934530135841,1
ruq,itf,0.736934530135847,1
pr2,ro4,0.737192352519694,1
ro4,pr2,0.737192352519703,1
ast,qbb,0.737248904746691,1
qbb,ast,0.737248904746699,1
lm1,por,0.737250425740316,1
por,lm1,0.737250425740321,1
lat,pm2,0.737481587900758,1
pm2,lat,0.737481587900759,1
ro4,dlm,0.737592466437358,1
dlm,ro4,0.737592466437361,1
por,pr1,0.737615308502962,1
pr1,por,0.737615308502964,1
qbb,ll2,0.737900807344457,1
ll2,qbb,0.737900807344462,1
ruq,ro1,0.738367474664803,1
ro1,ruq,0.738367474664809,1
eg1,pr2,0.738401766746435,1
pr2,eg1,0.738401766746441,1
rup,glg,0.738487856809412,1
glg,rup,0.738487856809418,1
itg,ruq,0.738730419255652,1
ruq,itg,0.738730419255653,1
ca5,fra,0.738783792521137,1
fra,ca5,0.73878379252115,1
nea,dlm,0.73887061033142,1
dlm,nea,0.738870610331423,1
por,ro2,0.738970823113678,1
ro2,por,0.738970823113682,1
ca3,ruq,0.739307792265862,1
ruq,ca3,0.739307792265866,1
por,ro3,0.739395711999492,1
ro3,por,0.739395711999499,1
pm1,ron,0.739443790472114,1
ron,pm1,0.739443790472123,1
ca6,ruq,0.740012534631409,1
ruq,ca6,0.740012534631416,1
pm2,ron,0.740287294792758,1
ron,pm2,0.740287294792768,1
sc1,ca3,0.740629571436984,1
ca3,sc1,0.740629571436993,1
lat,ca3,0.740676631627017,1
ca3,lat,0.74067663162702,1
ron,sc3,0.740913577795205,1
sc3,ron,0.740913577795206,1
rup,li2,0.741059435326911,1
li2,rup,0.741059435326917,1
pm3,por,0.741106017074117,1
por,pm3,0.741106017074119,1
pcd,ito,0.741163306858411,1
ito,pcd,0.741163306858418,1
rup,sro,0.741276296633425,1
sro,rup,0.741276296633433,1
ruq,dlm,0.741347786461035,1
dlm,ruq,0.74134778646104,1
ca3,sc4,0.741420980885794,1
sc4,ca3,0.7414209808858,1
eg4,ruq,0.741456544006046,1
ruq,eg4,0.741456544006049,1
pcd,fur,0.741505228426204,1
fur,pcd,0.741505228426204,1
ron,ll1,0.741657700277417,1
ll1,ron,0.741657700277421,1
dlm,ro3,0.74182771808598,1
ro3,dlm,0.741827718085986,1
glg,dlm,0.741834919255104,1
dlm,glg,0.741834919255112,1
lat,ro4,0.742148026092634,1
ro4,lat,0.742148026092642,1
pm3,ron,0.742169930743121,1
ron,pm3,0.742169930743128,1
pm4,ron,0.742180646092703,1
ron,pm4,0.74218064609271,1
qbb,eg4,0.742199762765048,1
eg4,qbb,0.742199762765056,1
fro,ron,0.74245894929196,1
ron,fro,0.742458949291964,1
spa,ro2,0.742828982859661,1
ro2,spa,0.742828982859668,1
spa,ro1,0.742977319109817,1
ro1,spa,0.742977319109825,1
pcd,ll2,0.743050237785877,1
ll2,pcd,0.74305023778588,1
sro,ro4,0.743173417053025,1
ro4,sro,0.743173417053027,1
ruo,li1,0.743238309204838,1
li1,ruo,0.743238309204841,1
ca2,fra,0.743526332819742,1
fra,ca2,0.743526332819754,1
pcd,li1,0.743562465801845,1
li1,pcd,0.74356246580185,1
lat,pm1,0.743633592364218,1
pm1,lat,0.74363359236422,1
eg3,ruq,0.743687513102418,1
ruq,eg3,0.743687513102426,1
ruq,ca1,0.743814234048244,1
ca1,ruq,0.743814234048247,1
lm2,spa,0.743948157004277,1
spa,lm2,0.743948157004282,1
ca5,win,0.744325143096631,1
win,ca5,0.744325143096639,1
pr2,ro1,0.7443343002013,1
ro1,pr2,0.744334300201311,1
lm1,src,0.744521742260306,1
src,lm1,0.744521742260311,1
itf,ruo,0.744537787499328,1
ruo,itf,0.744537787499337,1
sc4,ca1,0.744573270247964,1
ca1,sc4,0.744573270247964,1
spa,pm2,0.744695525249968,1
pm2,spa,0.744695525249968,1
sro,pr1,0.74473259431577,1
pr1,sro,0.744732594315771,1
lat,pr1,0.744782171063211,1
pr1,lat,0.744782171063218,1
spa,pm3,0.744839264753549,1
pm3,spa,0.744839264753551,1
sro,fur,0.745075720156555,1
fur,sro,0.745075720156557,1
dlm,ro2,0.745114669198049,1
ro2,dlm,0.745114669198053,1
ve1,win,0.745181991603606,1
win,ve1,0.745181991603619,1
lm2,pcd,0.745292420084007,1
pcd,lm2,0.745292420084025,1
win,fur,0.745413273375347,1
fur,win,0.745413273375349,1
sc1,ca1,0.74559668036982,1
ca1,sc1,0.745596680369834,1
ca5,pcd,0.745815863626628,1
pcd,ca5,0.74581586362664,1
ca6,pcd,0.746089570797981,1
pcd,ca6,0.746089570797993,1
sc1,ro3,0.746308632530438,1
ro3,sc1,0.746308632530457,1
ron,ro3,0.746642108409309,1
ro3,ron,0.746642108409312,1
pcd,ro1,0.746906368692444,1
ro1,pcd,0.746906368692447,1
lat,ro1,0.747167365254093,1
ro1,lat,0.747167365254103,1
ve2,ruo,0.74725373756784,1
ruo,ve2,0.747253737567846,1
spa,dlm,0.747473300322437,1
dlm,spa,0.747473300322442,1
pcd,ro2,0.747646322111606,1
ro2,pcd,0.747646322111609,1
lm2,ron,0.747759685944835,1
ron,lm2,0.747759685944849,1
ve2,win,0.748170377355447,1
win,ve2,0.748170377355453,1
ca6,win,0.748236235231103,1
win,ca6,0.74823623523111,1
eg2,ruq,0.74823914630424,1
ruq,eg2,0.74823914630425,1
itf,pr2,0.748334054589604,1
pr2,itf,0.748334054589605,1
itg,fra,0.748411615101759,1
fra,itg,0.748411615101767,1
lm1,pcd,0.74856432720095,1
pcd,lm1,0.748564327200962,1
qbb,eg1,0.748598063775009,1
eg1,qbb,0.74859806377501,1
fro,ruq,0.748699954135608,1
ruq,fro,0.748699954135611,1
spa,pr1,0.74889039741068,1
pr1,spa,0.748890397410692,1
rup,ro4,0.749338947623907,1
ro4,rup,0.749338947623911,1
ron,dlm,0.749510002558883,1
dlm,ron,0.749510002558885,1
rup,por,0.749829608330512,1
por,rup,0.749829608330516,1
pr1,src,0.749863785032863,1
src,pr1,0.749863785032865,1
fur,por,0.74997093881757,1
por,fur,0.749970938817576,1
rup,ro1,0.750010828308717,1
ro1,rup,0.750010828308723,1
qbb,pm4,0.750155722431919,1
pm4,qbb,0.750155722431922,1
pcd,ro3,0.750157311872074,1
ro3,pcd,0.750157311872082,1
spa,li3,0.750178418337607,1
li3,spa,0.750178418337607,1
sro,ro1,0.750519805804284,1
ro1,sro,0.750519805804289,1
ca4,rup,0.750709493299534,1
rup,ca4,0.750709493299539,1
ve3,rup,0.750718856447131,1
rup,ve3,0.750718856447139,1
ve3,win,0.750884355312728,1
win,ve3,0.750884355312736,1
lat,rup,0.750900509752292,1
rup,lat,0.750900509752294,1
itf,pcd,0.750913960797752,1
pcd,itf,0.750913960797755,1
win,li2,0.751019740558993,1
li2,win,0.751019740558993,1
ruq,sc2,0.751210635073333,1
sc2,ruq,0.751210635073335,1
li3,pcd,0.751493027663887,1
pcd,li3,0.751493027663892,1
sc1,rup,0.751638312460822,1
rup,sc1,0.75163831246083,1
spa,eg1,0.75206896404629,1
eg1,spa,0.752068964046291,1
lat,ll1,0.752376661250906,1
ll1,lat,0.752376661250916,1
lat,ca1,0.7523767290156,1
ca1,lat,0.752376729015606,1
ca6,rup,0.752478938249342,1
rup,ca6,0.752478938249344,1
ca3,pcd,0.752486181128966,1
pcd,ca3,0.752486181128976,1
win,li1,0.752512843738211,1
li1,win,0.752512843738216,1
ron,sc2,0.752604041637891,1
sc2,ron,0.752604041637894,1
qbb,ca3,0.752672538085856,1
ca3,qbb,0.752672538085857,1
eg2,rup,0.753078110354876,1
rup,eg2,0.753078110354879,1
por,ll1,0.753263320392118,1
ll1,por,0.753263320392122,1
ca5,rup,0.753434640564119,1
rup,ca5,0.75343464056412,1
lat,ro2,0.753508836789288,1
ro2,lat,0.753508836789297,1
itg,pcd,0.75379531365617,1
pcd,itg,0.753795313656174,1
sc3,ruq,0.754071796064222,1
ruq,sc3,0.754071796064222,1
src,ll1,0.754486809765314,1
ll1,src,0.754486809765319,1
ve3,ruq,0.754532084261713,1
ruq,ve3,0.754532084261723,1
spa,ro3,0.754750187836511,1
ro3,spa,0.75475018783652,1
ca2,ruq,0.754855490002043,1
ruq,ca2,0.754855490002051,1
li2,ruo,0.754979177653417,1
ruo,li2,0.754979177653419,1
qbb,ca1,0.755061097740325,1
ca1,qbb,0.755061097740329,1
win,ll2,0.755381967307408,1
ll2,win,0.755381967307413,1
dlm,ro1,0.75574622589783,1
ro1,dlm,0.755746225897833,1
dlm,ca1,0.75595083044924,1
ca1,dlm,0.75595083044924,1
spa,pm1,0.756020490787476,1
pm1,spa,0.756020490787477,1
fur,src,0.756107964612312,1
src,fur,0.756107964612316,1
li3,dlm,0.756141855245435,1
dlm,li3,0.756141855245443,1
lm2,src,0.756247954866524,1
src,lm2,0.756247954866532,1
lat,pm3,0.756277916483912,1
pm3,lat,0.756277916483917,1
sro,ruq,0.756293223834284,1
ruq,sro,0.756293223834284,1
rup,ca3,0.756704896149136,1
ca3,rup,0.756704896149136,1
nea,fra,0.756969021945411,1
fra,nea,0.756969021945415,1
pcd,ro4,0.757070226479193,1
ro4,pcd,0.757070226479195,1
li2,pcd,0.757085679409414,1
pcd,li2,0.757085679409415,1
ruo,src,0.7572043505196,1
src,ruo,0.757204350519604,1
glg,fra,0.75793782131099,1
fra,glg,0.757937821310996,1
win,ro1,0.757961485607111,1
ro1,win,0.757961485607113,1
qbb,pm2,0.758158728759103,1
pm2,qbb,0.758158728759105,1
glg,pr2,0.75844029779977,1
pr2,glg,0.758440297799774,1
rup,qbb,0.758791832050732,1
qbb,rup,0.758791832050732,1
pr2,sc3,0.758798533282613,1
sc3,pr2,0.758798533282619,1
eg2,ruo,0.759004212480952,1
ruo,eg2,0.759004212480961,1
lat,fur,0.759162731399088,1
fur,lat,0.759162731399093,1
eg3,win,0.759667591389381,1
win,eg3,0.759667591389384,1
qbb,ll1,0.759789511540343,1
ll1,qbb,0.759789511540349,1
por,fra,0.759979311767823,1
fra,por,0.759979311767825,1
glg,ron,0.760332419644533,1
ron,glg,0.760332419644534,1
ve1,rup,0.760494730415038,1
rup,ve1,0.760494730415049,1
eg1,ruo,0.760536338773574,1
ruo,eg1,0.760536338773588,1
qbb,pr1,0.760585148273271,1
pr1,qbb,0.760585148273279,1
eg3,ruo,0.760867903312536,1
ruo,eg3,0.760867903312543,1
lat,pm5,0.760880438207191,1
pm5,lat,0.760880438207192,1
ca2,pcd,0.761108139576167,1
pcd,ca2,0.761108139576177,1
ca3,dlm,0.761287066205071,1
dlm,ca3,0.761287066205077,1
pm5,src,0.761303068873971,1
src,pm5,0.761303068873982,1
fro,src,0.761308633003901,1
src,fro,0.761308633003904,1
fra,dlm,0.761730902762237,1
dlm,fra,0.761730902762239,1
ve3,ruo,0.761868059229174,1
ruo,ve3,0.761868059229184,1
ruq,ro3,0.762537970628431,1
ro3,ruq,0.762537970628439,1
ast,ron,0.76258722782293,1
ron,ast,0.762587227822943,1
ruq,ll2,0.76263169790115,1
ll2,ruq,0.762631697901152,1
eg4,win,0.762844052347989,1
win,eg4,0.76284405234799,1
ca3,src,0.763097781330796,1
src,ca3,0.763097781330801,1
lat,ruq,0.763392734652024,1
ruq,lat,0.763392734652031,1
qbb,fro,0.7637062316515,1
fro,qbb,0.763706231651505,1
sc1,ruq,0.763776404473934,1
ruq,sc1,0.76377640447395,1
fra,sc3,0.763924590358861,1
sc3,fra,0.763924590358863,1
src,ruq,0.764147475380877,1
ruq,src,0.764147475380877,1
sc4,dlm,0.764288306341946,1
dlm,sc4,0.764288306341947,1
lat,li3,0.764431818552757,1
li3,lat,0.764431818552763,1
rup,eg4,0.764446109342542,1
eg4,rup,0.764446109342544,1
eg3,rup,0.76475152710119,1
rup,eg3,0.764751527101191,1
qbb,pm1,0.76544881483965,1
pm1,qbb,0.765448814839653,1
pcd,ll1,0.765890673472692,1
ll1,pcd,0.765890673472696,1
ca2,rup,0.766047000208036,1
rup,ca2,0.766047000208042,1
ruq,ro2,0.766087419423973,1
ro2,ruq,0.766087419423978,1
lm1,ron,0.76655676681513,1
ron,lm1,0.766556766815141,1
fro,rup,0.766746733978625,1
rup,fro,0.766746733978627,1
itf,fra,0.766863409799294,1
fra,itf,0.766863409799298,1
lm2,lat,0.76724588086353,1
lat,lm2,0.76724588086353,1
sc1,ron,0.767387381517731,1
ron,sc1,0.767387381517743,1
ca1,pcd,0.767401322077905,1
pcd,ca1,0.767401322077907,1
eg1,ruq,0.767758204764374,1
ruq,eg1,0.767758204764383,1
sro,fro,0.767971323024851,1
fro,sro,0.767971323024851,1
lat,dlm,0.768026305156942,1
dlm,lat,0.768026305156951,1
qbb,pm3,0.768292198234424,1
pm3,qbb,0.768292198234429,1
qbb,ro4,0.768308379373331,1
ro4,qbb,0.768308379373338,1
pr2,ro2,0.768681138257362,1
ro2,pr2,0.768681138257371,1
rup,fur,0.769008513373493,1
fur,rup,0.769008513373499,1
pr2,ro3,0.769128215361463,1
ro3,pr2,0.769128215361477,1
spa,ron,0.769259351967913,1
ron,spa,0.769259351967921,1
glg,pcd,0.769923020276355,1
pcd,glg,0.769923020276363,1
lat,lm1,0.770225346872273,1
lm1,lat,0.770225346872283,1
pr2,sc2,0.770523243137737,1
sc2,pr2,0.770523243137748,1
qbb,li3,0.770612495522681,1
li3,qbb,0.770612495522687,1
lm1,win,0.770709571084729,1
win,lm1,0.770709571084737,1
sro,ll1,0.770843997103435,1
ll1,sro,0.770843997103443,1
ruo,dlm,0.770880680606524,1
dlm,ruo,0.770880680606525,1
pm5,ron,0.771815113289256,1
ron,pm5,0.771815113289269,1
fur,ruo,0.771875792848355,1
ruo,fur,0.77187579284836,1
src,ro1,0.77189079578435,1
ro1,src,0.771890795784353,1
src,ro4,0.772025026381386,1
ro4,src,0.772025026381389,1
eg4,ruo,0.772176798256096,1
ruo,eg4,0.772176798256097,1
nea,pcd,0.772187804323268,1
pcd,nea,0.772187804323271,1
win,ro4,0.772458349953377,1
ro4,win,0.772458349953381,1
win,ro2,0.772485113024758,1
ro2,win,0.772485113024761,1
rup,ca1,0.772673560352636,1
ca1,rup,0.772673560352636,1
qbb,ro1,0.772976989400044,1
ro1,qbb,0.772976989400051,1
lat,ro3,0.773077677380827,1
ro3,lat,0.77307767738084,1
qbb,ron,0.773292738289863,1
ron,qbb,0.773292738289867,1
sc4,ruq,0.773312576964384,1
ruq,sc4,0.773312576964386,1
eg1,rup,0.773958380995861,1
rup,eg1,0.773958380995873,1
ast,rup,0.774153079228484,1
rup,ast,0.774153079228492,1
rup,sc4,0.774444378399306,1
sc4,rup,0.77444437839931,1
rup,dlm,0.774636822114365,1
dlm,rup,0.774636822114369,1
lat,ron,0.774650976318692,1
ron,lat,0.774650976318699,1
ron,por,0.774739796893123,1
por,ron,0.774739796893123,1
qbb,lm2,0.774840130452238,1
lm2,qbb,0.774840130452238,1
qbb,ruq,0.774970960033334,1
ruq,qbb,0.774970960033342,1
qbb,fur,0.775364116990597,1
fur,qbb,0.775364116990601,1
ita,win,0.776173252429533,1
win,ita,0.776173252429536,1
pm3,rup,0.77636827839089,1
rup,pm3,0.776368278390893,1
ca1,src,0.776470380165988,1
src,ca1,0.776470380165991,1
qbb,ro2,0.776711330389246,1
ro2,qbb,0.776711330389253,1
sc4,ron,0.776793924856123,1
ron,sc4,0.776793924856124,1
spa,rup,0.776836092570169,1
rup,spa,0.77683609257017,1
por,pcd,0.777073732534655,1
pcd,por,0.777073732534656,1
pm2,ruo,0.777480281085729,1
ruo,pm2,0.777480281085736,1
qbb,lm1,0.77757792963939,1
lm1,qbb,0.777577929639402,1
fra,sc2,0.7777400334919,1
sc2,fra,0.777740033491908,1
ruq,glg,0.777871264533135,1
glg,ruq,0.777871264533136,1
nea,win,0.777946838396475,1
win,nea,0.777946838396477,1
pm1,ruo,0.778060665772902,1
ruo,pm1,0.778060665772909,1
qbb,pm5,0.778232738960156,1
pm5,qbb,0.778232738960158,1
sro,ro3,0.778353390028065,1
ro3,sro,0.778353390028071,1
por,ruq,0.778840609558157,1
ruq,por,0.778840609558159,1
lm1,ruq,0.779202995328796,1
ruq,lm1,0.779202995328805,1
win,ro3,0.77921499412391,1
ro3,win,0.779214994123918,1
ruq,li1,0.779290921370232,1
li1,ruq,0.779290921370233,1
win,ll1,0.77929325609918,1
ll1,win,0.779293256099185,1
rup,ro3,0.779300732182096,1
ro3,rup,0.779300732182102,1
ast,fra,0.779614619300891,1
fra,ast,0.779614619300906,1
src,ro3,0.780108109865885,1
ro3,src,0.78010810986589,1
pm4,ruq,0.78031643924463,1
ruq,pm4,0.780316439244636,1
pcd,sc3,0.780400468603878,1
sc3,pcd,0.780400468603883,1
win,ito,0.780423567776291,1
ito,win,0.780423567776296,1
pr2,dlm,0.780625361070779,1
dlm,pr2,0.780625361070784,1
ruo,sc2,0.780745986409813,1
sc2,ruo,0.780745986409819,1
sc3,ruo,0.781393576321116,1
ruo,sc3,0.781393576321116,1
pm4,rup,0.78223939893351,1
rup,pm4,0.782239398933512,1
rup,ll2,0.782443154838611,1
ll2,rup,0.782443154838612,1
pm2,ruq,0.782572862979615,1
ruq,pm2,0.782572862979625,1
pm3,ruq,0.783204638967441,1
ruq,pm3,0.783204638967449,1
pm4,ruo,0.783228121478503,1
ruo,pm4,0.783228121478506,1
pm2,rup,0.783327268941438,1
rup,pm2,0.783327268941442,1
por,dlm,0.783437387691449,1
dlm,por,0.783437387691451,1
itf,win,0.783762894615307,1
win,itf,0.783762894615309,1
pm1,rup,0.784172001750372,1
rup,pm1,0.784172001750377,1
ruo,ll2,0.784578402502218,1
ll2,ruo,0.784578402502221,1
ve1,ruo,0.784754141439686,1
ruo,ve1,0.784754141439696,1
ast,pr2,0.785092728667163,1
pr2,ast,0.785092728667179,1
nea,pr2,0.785227767815406,1
pr2,nea,0.785227767815407,1
rup,pr1,0.785280825365324,1
pr1,rup,0.785280825365328,1
pm3,ruo,0.786080575851359,1
ruo,pm3,0.786080575851364,1
pm1,ruq,0.786521333976983,1
ruq,pm1,0.786521333976994,1
ruq,ll1,0.787038729074244,1
ll1,ruq,0.787038729074249,1
itg,win,0.787633710362459,1
win,itg,0.787633710362464,1
nea,ruo,0.787700273563962,1
ruo,nea,0.787700273563966,1
pr2,sc4,0.787841836704933,1
sc4,pr2,0.787841836704936,1
sro,ro2,0.788529924512924,1
ro2,sro,0.788529924512928,1
ruo,ll1,0.788599678009754,1
ll1,ruo,0.788599678009761,1
spa,pr2,0.788904398427799,1
pr2,spa,0.788904398427813,1
spa,fra,0.789312700951231,1
fra,spa,0.789312700951243,1
ruo,ro1,0.790329486500771,1
ro1,ruo,0.790329486500777,1
ast,pcd,0.790432470980351,1
pcd,ast,0.790432470980366,1
sc1,pr2,0.790856752012947,1
pr2,sc1,0.790856752012962,1
qbb,ro3,0.791536004966395,1
ro3,qbb,0.791536004966402,1
ve1,ruq,0.792017141434967,1
ruq,ve1,0.792017141434978,1
pr2,por,0.792455355616498,1
por,pr2,0.7924553556165,1
ruq,pr1,0.792734678542334,1
pr1,ruq,0.792734678542337,1
pcd,sc2,0.792803519770801,1
sc2,pcd,0.792803519770813,1
win,sc3,0.793228864600698,1
sc3,win,0.793228864600705,1
ruo,ro4,0.793372154415931,1
ro4,ruo,0.793372154415936,1
li3,ron,0.794039084596793,1
ron,li3,0.794039084596799,1
lm2,ruo,0.794474802934253,1
ruo,lm2,0.794474802934266,1
lm2,ruq,0.794585511784165,1
ruq,lm2,0.794585511784178,1
spa,ruq,0.794604874199018,1
ruq,spa,0.794604874199025,1
qbb,dlm,0.794758046229275,1
dlm,qbb,0.794758046229285,1
ast,ruq,0.79507478252651,1
ruq,ast,0.795074782526521,1
ruo,sro,0.795109024415406,1
sro,ruo,0.795109024415411,1
li3,ruo,0.795802499429066,1
ruo,li3,0.795802499429069,1
ca6,ruo,0.797742305132495,1
ruo,ca6,0.797742305132503,1
lm2,rup,0.797743093093592,1
rup,lm2,0.797743093093601,1
lat,pr2,0.79830098778925,1
pr2,lat,0.79830098778926,1
ca4,ruo,0.798341550922857,1
ruo,ca4,0.798341550922865,1
rup,ro2,0.798369509594488,1
ro2,rup,0.798369509594494,1
ruo,glg,0.79847117731183,1
glg,ruo,0.798471177311831,1
rup,li3,0.79850010145832,1
li3,rup,0.798500101458322,1
li2,ruq,0.798513916462096,1
ruq,li2,0.798513916462097,1
sc1,pcd,0.798954681482185,1
pcd,sc1,0.798954681482206,1
ca5,ruo,0.799289011146304,1
ruo,ca5,0.799289011146312,1
pcd,dlm,0.79936336654381,1
dlm,pcd,0.799363366543817,1
lat,fra,0.799775432788398,1
fra,lat,0.799775432788408,1
src,ro2,0.799878009793284,1
ro2,src,0.799878009793284,1
rup,ll1,0.800086297277736,1
ll1,rup,0.800086297277736,1
pm5,ruo,0.800119137200109,1
ruo,pm5,0.80011913720012,1
dlm,src,0.800675281338907,1
src,dlm,0.800675281338909,1
pcd,sc4,0.801927723383841,1
sc4,pcd,0.801927723383842,1
pm5,rup,0.802526208253246,1
rup,pm5,0.80252620825326,1
pcd,ron,0.802635388820298,1
ron,pcd,0.802635388820302,1
sc1,fra,0.803026466844435,1
fra,sc1,0.803026466844454,1
sro,pcd,0.803098463591279,1
pcd,sro,0.803098463591283,1
pr2,src,0.80340616675917,1
src,pr2,0.803406166759177,1
sro,pr2,0.803868554514525,1
pr2,sro,0.803868554514525,1
pm5,ruq,0.8040778032913,1
ruq,pm5,0.804077803291316,1
ca2,ruo,0.804286996406625,1
ruo,ca2,0.804286996406638,1
ruo,ro3,0.80561285124621,1
ro3,ruo,0.805612851246216,1
lm1,ruo,0.805899975296606,1
ruo,lm1,0.805899975296613,1
sc1,ruo,0.806083710965433,1
ruo,sc1,0.806083710965446,1
win,dlm,0.806876697127085,1
dlm,win,0.80687669712709,1
spa,pcd,0.806988542231594,1
pcd,spa,0.806988542231608,1
sc4,fra,0.809066349455882,1
fra,sc4,0.809066349455882,1
ruo,por,0.809074995775062,1
por,ruo,0.809074995775062,1
lat,ruo,0.809761894261674,1
ruo,lat,0.809761894261677,1
qbb,pr2,0.809900805035222,1
pr2,qbb,0.809900805035231,1
sro,fra,0.809992641463632,1
fra,sro,0.809992641463636,1
lat,pcd,0.810298359529874,1
pcd,lat,0.810298359529882,1
sro,dlm,0.810445102504055,1
dlm,sro,0.810445102504058,1
ca1,ruo,0.812380997752842,1
ruo,ca1,0.812380997752844,1
ca3,ruo,0.812725358041845,1
ruo,ca3,0.81272535804185,1
por,win,0.813131848564114,1
win,por,0.813131848564115,1
src,pcd,0.813645532187175,1
pcd,src,0.813645532187175,1
ruo,ro2,0.813762089254246,1
ro2,ruo,0.813762089254253,1
win,sc2,0.814018417623896,1
sc2,win,0.814018417623908,1
glg,win,0.814233578230185,1
win,glg,0.814233578230188,1
ruo,pr1,0.814843137297504,1
pr1,ruo,0.814843137297507,1
ron,fra,0.816061395978567,1
fra,ron,0.816061395978567,1
lm1,rup,0.816704652959429,1
rup,lm1,0.816704652959435,1
ast,win,0.817249942526233,1
win,ast,0.817249942526247,1
win,sc4,0.817468250676059,1
sc4,win,0.817468250676062,1
ruq,fra,0.817519622668565,1
fra,ruq,0.81751962266857,1
qbb,fra,0.819344669243947,1
fra,qbb,0.819344669243957,1
ruq,pcd,0.819714421792689,1
pcd,ruq,0.819714421792689,1
src,fra,0.820103365468099,1
fra,src,0.820103365468099,1
ruo,qbb,0.822535667280082,1
qbb,ruo,0.822535667280082,1
fro,ruo,0.823713342513596,1
ruo,fro,0.823713342513602,1
ast,ruo,0.823793404397676,1
ruo,ast,0.823793404397687,1
sc1,win,0.824789234986622,1
win,sc1,0.824789234986637,1
qbb,pcd,0.825657073290823,1
pcd,qbb,0.825657073290829,1
spa,ruo,0.828736936112589,1
ruo,spa,0.828736936112595,1
lat,win,0.829213801730231,1
win,lat,0.829213801730243,1
ruo,sc4,0.829559562622178,1
sc4,ruo,0.829559562622179,1
win,sro,0.831189008959365,1
sro,win,0.831189008959365,1
win,src,0.831668749066621,1
src,win,0.831668749066622,1
win,ron,0.835428802761961,1
ron,win,0.835428802761961,1
rup,fra,0.836430427330996,1
fra,rup,0.836430427330998,1
spa,win,0.837004983676717,1
win,spa,0.837004983676727,1
li3,ruq,0.842688033555256,1
ruq,li3,0.842688033555263,1
pr2,ruo,0.843407027380687,1
ruo,pr2,0.843407027380697,1
rup,pcd,0.843982175192372,1
pcd,rup,0.843982175192372,1
qbb,win,0.845492872601492,1
win,qbb,0.845492872601499,1
ruo,fra,0.847450436626188,1
fra,ruo,0.847450436626199,1
win,ruq,0.854299496344899,1
ruq,win,0.854299496344902,1
pr2,ron,0.85832355664237,1
ron,pr2,0.858323556642376,1
pr2,ruq,0.859850746139147,1
ruq,pr2,0.859850746139154,1
ruo,pcd,0.861676059643323,1
pcd,ruo,0.861676059643324,1
pr2,rup,0.86182501973122,1
rup,pr2,0.861825019731223,1
win,rup,0.862253524148929,1
rup,win,0.862253524148931,1
ruo,win,0.871273328237549,1
win,ruo,0.87127332823755,1
