,ast,ca1,ca2,ca3,ca4,ca5,ca6,dlm,eg1,eg2,eg3,eg4,fra,fro,fur,glg,ita,itf,itg,ito,lat,li1,li2,li3,ll1,ll2,lm1,lm2,nea,pcd,pm1,pm2,pm3,pm4,pm5,por,pr1,pr2,qbb,ro1,ro2,ro3,ro4,ron,ruo,rup,ruq,sc1,sc2,sc3,sc4,spa,src,sro,ve1,ve2,ve3,win
ast,0,0.66162687006288,0.589942616457225,0.669808434242214,0.544366020169749,0.522301282742195,0.520110705224618,0.720637824697196,0.733984395959829,0.652545670656471,0.653489365151563,0.667826253512074,0.779614619300891,0.721193645992992,0.688576160413191,0.340695924298868,0.539050515265931,0.643232287587296,0.569821608582918,0.553230352898443,0.724716831535444,0.663417734161386,0.669718005188171,0.722395806771967,0.688957709079845,0.618106150184103,0.724381166955194,0.709400121648614,0.697279670277882,0.790432470980351,0.718143993990861,0.713777021493017,0.703333616028116,0.692761137133989,0.708333316869806,0.623017853021712,0.698528135601649,0.785092728667163,0.737248904746691,0.725991122828248,0.7349405646319,0.71178235616745,0.731529096812787,0.76258722782293,0.823793404397676,0.774153079228484,0.79507478252651,0.662600445626609,0.68199454545153,0.654376204403053,0.687106241327943,0.234064207557917,0.669144755989413,0.717009743784248,0.564684885941416,0.580258684829495,0.579127645283013,0.817249942526233
ca1,0.661626870062889,0,0.222418254964179,0.168816895591624,0.280988625779611,0.28930105633031,0.297911566312846,0.75595083044924,0.681565614543819,0.64260203323419,0.638787823332867,0.634507017255318,0.721254569098054,0.618463134949961,0.646325328559442,0.653214622244734,0.674815906865378,0.689810751109069,0.686082004519625,0.68491058351483,0.752376729015606,0.711591663265525,0.705616076836974,0.735298387902936,0.68648055880728,0.659741808224629,0.665835931762656,0.664473002163829,0.642532024648558,0.767401322077905,0.673431479823032,0.663945988474411,0.658690634134364,0.661522194439962,0.63763041006494,0.699736576391634,0.628339320574602,0.734263066083147,0.755061097740329,0.629979422110956,0.671972030547997,0.648574761378131,0.617174043064824,0.71858021236955,0.812380997752842,0.772673560352636,0.743814234048247,0.745596680369834,0.730393668250409,0.71744926505568,0.744573270247964,0.675663735898076,0.776470380165988,0.725878054973882,0.652824317871224,0.651622309599407,0.647673710932029,0.709277728089144
ca2,0.589942616457229,0.222418254964177,0,0.325918375351557,0.135736750468458,0.149226544389905,0.164884670468414,0.731995247384234,0.666691241196769,0.616437641984129,0.626959376684572,0.626015590404646,0.743526332819742,0.664672340259177,0.646518886843876,0.593655447893129,0.61393511306281,0.643182201049601,0.62463079973487,0.620841039985352,0.715045145532388,0.680180687217478,0.669349554301567,0.712998109805805,0.674493447256356,0.626186901542715,0.645584494860393,0.652302502456835,0.681902844632773,0.761108139576167,0.673028508415666,0.666486634237812,0.658578251537165,0.632691503447139,0.616388820772358,0.702747116674586,0.597199446598369,0.728594516128206,0.722371360502546,0.68798516411693,0.715266248051994,0.689784583464103,0.676995613168984,0.736815096495125,0.804286996406625,0.766047000208036,0.754855490002043,0.709741875326154,0.688932314623704,0.679387780604419,0.701329666758038,0.606165586200715,0.723473308867984,0.68867252686324,0.61202010156484,0.600656017285965,0.58228143567554,0.734317293279084
ca3,0.669808434242219,0.168816895591623,0.325918375351558,0,0.325734095489877,0.345887875511489,0.356055485972139,0.761287066205071,0.666404323507664,0.633980688968866,0.615331457482729,0.623854807740309,0.717983519462914,0.620884725628126,0.635918119245447,0.669993365254716,0.659362020463494,0.658695760116239,0.659360425664134,0.661898680586921,0.74067663162702,0.695165663267926,0.69878869961782,0.727749889585665,0.678733727943192,0.641948954741028,0.65258019191159,0.666184426754282,0.636576177205916,0.752486181128966,0.654236881941595,0.640822939407436,0.643815381605815,0.642353510108901,0.634584969556253,0.696507439788004,0.605595833940714,0.725756267435379,0.752672538085857,0.637795362515709,0.685912928885429,0.653855694465013,0.624946685626793,0.710202789909537,0.812725358041845,0.756704896149136,0.739307792265862,0.740629571436993,0.705631063134762,0.698616495280376,0.741420980885794,0.688669840789168,0.763097781330796,0.72739904181039,0.642546303407188,0.635640687749494,0.632026406392463,0.720269943868751
ca4,0.544366020169752,0.280988625779608,0.135736750468458,0.325734095489876,0,0.084701603079128,0.098627194544493,0.691705659211354,0.651376993286531,0.553110407434465,0.563399933082002,0.567763389097788,0.727183290520633,0.621654293683583,0.632279575536212,0.5420660453038,0.565609659568475,0.63531251449167,0.580645320193044,0.584902835449716,0.712184241851226,0.679086205279633,0.671443618715722,0.715608458463429,0.668740538658752,0.580514248353338,0.632698438868105,0.632863400571153,0.665411054038853,0.735755063336831,0.649382553700303,0.651937174598423,0.643619357939365,0.615772412333812,0.612843072560293,0.63630285001669,0.574547301031965,0.719256851598072,0.729016468169616,0.646247393848192,0.683563938845827,0.651604680391702,0.633825968351545,0.731373685388387,0.798341550922857,0.750709493299534,0.733112657797686,0.66479077714131,0.648347041512993,0.63155835293717,0.662151406786666,0.558222744936131,0.687290971807598,0.695577711153845,0.56431428356617,0.533068522484199,0.514768102571744,0.735477561144609
ca5,0.522301282742199,0.289301056330308,0.149226544389904,0.345887875511488,0.084701603079128,0,0.039517401940479,0.700675931671046,0.660035366834424,0.558401555308144,0.560997668964318,0.567287561430632,0.738783792521137,0.627900807701749,0.640394553034182,0.509921292101773,0.57570651218546,0.639169379520064,0.598532420700558,0.581564029959875,0.715389306634604,0.673843109251241,0.6742635262616,0.712417572193064,0.662874535997892,0.579572680274403,0.622306213189888,0.639384176521714,0.675265418676113,0.745815863626628,0.667491564695508,0.658557590798804,0.649173746874154,0.623938464775816,0.615812884218718,0.645248341391896,0.5890710250326,0.730744982814371,0.723520560520322,0.651291042483843,0.679215331891754,0.65191045503304,0.639908060898846,0.733406573156354,0.799289011146304,0.753434640564119,0.733593379588138,0.668078950395181,0.647824034612849,0.628940989570868,0.661737688252508,0.543103578041031,0.691794830087251,0.687322764977524,0.557945908435764,0.528351598442948,0.515497814174001,0.744325143096631
ca6,0.520110705224621,0.297911566312843,0.164884670468413,0.356055485972138,0.098627194544493,0.039517401940479,0,0.711694000932379,0.664694420259803,0.563026000142215,0.567607431334433,0.575391241522208,0.735591439737682,0.634046067565062,0.639898813584493,0.521615064251192,0.580087453377991,0.644249426831932,0.604392443043938,0.59029610423396,0.717907996254636,0.685951871169409,0.677612476961979,0.719207096342042,0.663588600298672,0.577769887260895,0.632742143128502,0.650097011321028,0.669941489584837,0.746089570797981,0.668142524488062,0.661035723616817,0.652805532792157,0.628407850234996,0.6224621600053,0.649342595556943,0.58895448136795,0.72943713239721,0.727491721165964,0.6527421356559,0.684546850918449,0.652983013494124,0.638657415325371,0.727820750614316,0.797742305132495,0.752478938249342,0.740012534631409,0.669786648867661,0.653086350903271,0.634974015248443,0.668521727378474,0.531891404337485,0.68705754902779,0.684461592112218,0.573016978886828,0.53814657804646,0.525258969010562,0.748236235231103
dlm,0.720637824697208,0.75595083044924,0.731995247384245,0.761287066205077,0.691705659211363,0.700675931671054,0.711694000932387,0,0.678418586823445,0.662960903940221,0.67658731548698,0.674230044544445,0.761730902762239,0.689913272562533,0.615350448330035,0.741834919255112,0.662199581719149,0.731694598287248,0.703379869913082,0.673886953547697,0.768026305156951,0.728465102820837,0.736735100830189,0.756141855245443,0.720104828881845,0.670183161855572,0.708831414354788,0.685863460655636,0.738870610331423,0.799363366543817,0.661284374148574,0.651994138504664,0.671722120460444,0.662913143961935,0.701116933321049,0.783437387691451,0.706576208138042,0.780625361070784,0.794758046229285,0.75574622589783,0.745114669198049,0.74182771808598,0.737592466437361,0.749510002558885,0.770880680606525,0.774636822114369,0.74134778646104,0.729073934468753,0.719315470346687,0.710736972017215,0.764288306341947,0.747473300322442,0.800675281338907,0.810445102504058,0.685847952351962,0.646972104807569,0.635261538149203,0.80687669712709
eg1,0.733984395959836,0.68156561454381,0.666691241196771,0.666404323507658,0.651376993286533,0.660035366834425,0.664694420259802,0.678418586823437,0,0.428936588373911,0.411418389634272,0.397654103652928,0.719753798060836,0.662851027450664,0.598297605898747,0.6854919064759,0.546733738205796,0.559696721448801,0.54220911404059,0.573037401076468,0.726531930457114,0.5918795466485,0.607325875516337,0.625318387446493,0.626827160662489,0.584157185278336,0.553520330820686,0.538373594163073,0.636106352801425,0.723236321399999,0.53173962075765,0.503210094807633,0.523243910576364,0.5203602282865,0.529003464278743,0.687022938859527,0.670262628556558,0.738401766746435,0.74859806377501,0.682586719036276,0.701999937392026,0.683103802129924,0.658800254974761,0.714761382374159,0.760536338773574,0.773958380995861,0.767758204764374,0.695004250713189,0.648100511400531,0.624243590668696,0.679896434785901,0.752068964046291,0.71649625664495,0.730537463085519,0.530910765250693,0.499839573708351,0.483796461329335,0.733504640654767
eg2,0.652545670656478,0.642602033234181,0.616437641984128,0.633980688968861,0.553110407434465,0.558401555308143,0.563026000142213,0.66296090394021,0.42893658837391,0,0.268858425972701,0.311336252656909,0.715505015524019,0.634889060865885,0.558140198791457,0.60058693464424,0.477371313826594,0.519555363255669,0.489753106874155,0.50788602262173,0.685908966888457,0.556944161834635,0.581336736265244,0.590284730124006,0.598418420557906,0.500836680988846,0.468183231108647,0.468166441090774,0.570835551858581,0.728759774898091,0.503523829229766,0.496259810095828,0.520092654583156,0.487125116005921,0.487265968033449,0.654161481265731,0.651770471473006,0.721200092616701,0.706757392707406,0.591195195266186,0.628590632536749,0.623014119193284,0.578830228385625,0.711325777772037,0.759004212480952,0.753078110354876,0.74823914630424,0.579935445401687,0.560662277425748,0.52124467363853,0.58815322426664,0.654399814945074,0.656572290936348,0.674200994141707,0.417118525142064,0.386862582088714,0.395325586632137,0.727666371446837
eg3,0.653489365151568,0.638787823332863,0.626959376684576,0.615331457482729,0.563399933082004,0.56099766896432,0.567607431334434,0.676587315486974,0.411418389634276,0.268858425972703,0,0.206449607539057,0.720365443063153,0.653376817467122,0.56100234473712,0.594773766780778,0.474875151236797,0.520298062368514,0.472611885199665,0.524961339927318,0.691202420133712,0.522316865455062,0.55110809080826,0.574028804993453,0.594141257849799,0.491828300615861,0.452884009969658,0.491046862683858,0.605699316460471,0.720215899481905,0.462868354283325,0.458267918960767,0.479401071354589,0.453887556722032,0.478166088195408,0.656031622415698,0.655043405392002,0.69811313153739,0.70766157717199,0.599089161955528,0.630293862966252,0.61229033514649,0.592066237412382,0.71270257783599,0.760867903312536,0.76475152710119,0.743687513102418,0.614637729727378,0.580802964123429,0.555396213778879,0.607949152257377,0.656462682519767,0.681050664393329,0.683262466967561,0.392481167963946,0.37661921873233,0.362801942353749,0.759667591389381
eg4,0.667826253512084,0.634507017255318,0.626015590404653,0.623854807740313,0.567763389097794,0.567287561430638,0.575391241522211,0.674230044544443,0.397654103652933,0.311336252656914,0.206449607539059,0,0.723113940366113,0.634290254843213,0.571798336403063,0.610291072542688,0.508925722989466,0.558859936738431,0.516346598860529,0.542003411299057,0.715779200798814,0.563339422592571,0.57702371547839,0.594468361572101,0.592240960004349,0.513754998047776,0.449550099003286,0.482564252661982,0.602153286493796,0.733530473170054,0.480831370389257,0.477011423074863,0.471067354333819,0.461127283419257,0.465176859935438,0.672989837464118,0.655137700573168,0.697678362893915,0.742199762765056,0.61908275123153,0.649178857433437,0.629494946971078,0.587990933082111,0.720816597730104,0.772176798256096,0.764446109342544,0.741456544006046,0.602695213741548,0.584656376413652,0.553434016409317,0.59443113753039,0.674225333925974,0.68168918089782,0.680470760196199,0.443367338070525,0.408985470987728,0.403346119215951,0.762844052347989
fra,0.779614619300906,0.721254569098062,0.743526332819754,0.717983519462928,0.727183290520646,0.73878379252115,0.735591439737695,0.761730902762237,0.719753798060849,0.715505015524035,0.720365443063164,0.723113940366119,0,0.597733496501269,0.72288223893812,0.757937821310996,0.72577639575326,0.766863409799298,0.748411615101767,0.727715402756772,0.799775432788408,0.719071491363544,0.726766005319656,0.723839253462909,0.73470621968438,0.704150106934747,0.734518736791094,0.700694876351739,0.756969021945415,0.4083701890685,0.627869555209248,0.613219737581946,0.621638640844513,0.629841447719168,0.669607058816516,0.759979311767825,0.602629447601338,0.609839571628666,0.819344669243957,0.675149107346582,0.710746589525497,0.707045888335564,0.688031983492395,0.816061395978567,0.847450436626199,0.836430427330998,0.81751962266857,0.803026466844454,0.7777400334919,0.763924590358861,0.809066349455882,0.789312700951243,0.820103365468099,0.809992641463636,0.711701149379344,0.705838558896841,0.70179053967706,0.463959253301465
fro,0.721193645992999,0.618463134949961,0.66467234025918,0.62088472562813,0.621654293683587,0.627900807701751,0.634046067565063,0.689913272562533,0.662851027450665,0.634889060865889,0.653376817467121,0.634290254843206,0.597733496501264,0,0.647525255957495,0.681783363559607,0.654489112795391,0.721380144692813,0.697261012055633,0.638141676764583,0.734107105045885,0.707828498284534,0.714650683985394,0.708918339314807,0.644417763889452,0.611137529903205,0.669951991990456,0.672671850078603,0.681861820606807,0.702256667117066,0.619203605839177,0.600908184827717,0.616150602877174,0.606806313991761,0.660065312397544,0.714202562444561,0.59510661840621,0.679411277813924,0.763706231651505,0.548738217190369,0.599602451279131,0.621158622777613,0.555244998074512,0.74245894929196,0.823713342513596,0.766746733978625,0.748699954135608,0.729245937452951,0.716663383564277,0.703539806608715,0.729842818292462,0.709427049624114,0.761308633003901,0.767971323024851,0.667859777285693,0.637056205348534,0.619414188803035,0.675727645558426
fur,0.688576160413201,0.646325328559441,0.646518886843881,0.63591811924545,0.632279575536217,0.640394553034184,0.639898813584496,0.61535044833003,0.598297605898752,0.558140198791467,0.561002344737123,0.571798336403063,0.722882238938118,0.647525255957497,0,0.704495332595149,0.606238467277406,0.624303810967292,0.6219530559886,0.609951931634124,0.759162731399093,0.645622447311449,0.636221621212438,0.666661126988449,0.536100498929083,0.514704616615491,0.617359516529613,0.574702732975196,0.643309665454364,0.741505228426204,0.594761096628431,0.588793328972942,0.602433192654804,0.592756511627268,0.586638482356211,0.74997093881757,0.628031194424725,0.732940113854453,0.775364116990601,0.655683615338153,0.657112413061261,0.639579905917433,0.647017874980757,0.717105967729782,0.771875792848355,0.769008513373499,0.736212305191138,0.676841188997017,0.680917673647261,0.65778988536006,0.70390216568773,0.717419084133087,0.756107964612312,0.745075720156557,0.606880919124357,0.513615632572605,0.532378926956262,0.745413273375349
glg,0.340695924298872,0.653214622244734,0.593655447893132,0.669993365254718,0.542066045303803,0.509921292101775,0.521615064251195,0.741834919255104,0.685491906475906,0.600586934644242,0.59477376678078,0.610291072542685,0.75793782131099,0.681783363559607,0.704495332595143,0,0.508315030141659,0.605789567600203,0.539030801231741,0.51364799100855,0.680439840415655,0.637538950957275,0.643652983076762,0.684066881413419,0.702981482343801,0.61679154942752,0.68610282181105,0.666816469372256,0.679209015274834,0.769923020276355,0.673212808358189,0.672956068855352,0.668504930473673,0.649924332585633,0.66238616983489,0.486914137625089,0.654972813140734,0.75844029779977,0.701624296195814,0.69054487951628,0.712229341652162,0.699190131973001,0.678377897849409,0.760332419644533,0.798471177311831,0.738487856809418,0.777871264533136,0.675943782997796,0.646917487694724,0.624793019959009,0.666478060106456,0.355208280475581,0.659277900027153,0.667201388994993,0.505711387091983,0.525723554708359,0.528514054653202,0.814233578230185
ita,0.539050515265937,0.674815906865378,0.613935113062815,0.659362020463498,0.565609659568481,0.575706512185465,0.580087453377996,0.662199581719145,0.546733738205803,0.477371313826598,0.474875151236801,0.508925722989466,0.725776395753257,0.654489112795395,0.606238467277408,0.508315030141664,0,0.413239908280491,0.17484547356572,0.10295902792826,0.621854747150871,0.513803316524508,0.55076350399605,0.598082975606257,0.648310153222235,0.540742953906544,0.631814974797918,0.59800826465835,0.513961076288581,0.732394369088228,0.576120300790766,0.569589703591802,0.571218702525957,0.53492161690432,0.583673523619345,0.641536388325254,0.632880211141203,0.691525092441219,0.650905122677435,0.643301223929854,0.664008809591342,0.67420753726913,0.637070681933387,0.652023320870324,0.722545311142262,0.688320916255682,0.708853136851268,0.505667147764938,0.478631455385186,0.454562521904411,0.544292050719196,0.552377903525457,0.581680607563015,0.66519438305583,0.348924312528228,0.429895205318,0.38790913864091,0.776173252429533
itf,0.6432322875873,0.689810751109067,0.643182201049604,0.658695760116239,0.635312514491673,0.639169379520065,0.644249426831933,0.731694598287243,0.559696721448805,0.519555363255673,0.520298062368515,0.558859936738427,0.766863409799294,0.721380144692817,0.62430381096729,0.605789567600202,0.413239908280489,0,0.388119832548467,0.430646775040361,0.635473287000836,0.50869826185447,0.518934529035919,0.579565546179346,0.637237448171689,0.582001975126997,0.586659598478729,0.55998097662892,0.504655426891899,0.750913960797752,0.611764529004059,0.619323909377654,0.620922739392119,0.605213479998562,0.591192948744475,0.636228252443894,0.666451283282593,0.748334054589604,0.65260332783335,0.674715442763005,0.71131058529113,0.683401089410871,0.677580800132866,0.681156502140139,0.744537787499328,0.654874476813969,0.736934530135841,0.508598393242112,0.456161294856709,0.442684603710465,0.519471849705518,0.666489688626782,0.556693515083533,0.603580791507216,0.508279020873077,0.488724999872725,0.499502711079204,0.783762894615307
itg,0.569821608582926,0.686082004519622,0.624630799734874,0.659360425664134,0.580645320193048,0.598532420700563,0.604392443043942,0.703379869913078,0.542209114040594,0.489753106874158,0.472611885199666,0.516346598860527,0.748411615101759,0.697261012055635,0.621953055988599,0.539030801231745,0.17484547356572,0.388119832548467,0,0.230704569481437,0.654228233205053,0.54227349665766,0.567523549058516,0.619857368061661,0.682977230494524,0.585110768185943,0.601180993759507,0.60060126394587,0.528157363541268,0.75379531365617,0.579730276720502,0.585154191311586,0.592967512525178,0.562053338353498,0.586939605890691,0.662776175940766,0.681828414830617,0.728026555230789,0.683954746860201,0.649550799322468,0.672991549459741,0.674660132659056,0.650158526511304,0.691353891233993,0.735490787683461,0.710326576546158,0.738730419255652,0.534701045312181,0.479838695004532,0.464602239397871,0.552226833018199,0.590541247539733,0.604498344913619,0.656199282411619,0.388360583865344,0.453445473427599,0.413086872685892,0.787633710362459
ito,0.553230352898452,0.684910583514836,0.620841039985363,0.66189868058693,0.584902835449726,0.581564029959884,0.59029610423397,0.673886953547696,0.573037401076479,0.507886022621739,0.524961339927326,0.54200341129906,0.727715402756775,0.638141676764591,0.60995193163413,0.513647991008557,0.10295902792826,0.430646775040365,0.230704569481439,0,0.588673158753531,0.562715042871272,0.58150322350595,0.634480287078882,0.650199373240434,0.560466588396891,0.65031965445321,0.633783110988364,0.515013734665909,0.741163306858418,0.594227743843723,0.583417698646554,0.589077611547673,0.565719023694605,0.621091131969125,0.644152388992921,0.642482512558944,0.709110728236475,0.624157820229658,0.639853257163187,0.6504830628559,0.674729747800853,0.636197949180643,0.63799801715097,0.712116812243505,0.670693520415391,0.694327121737339,0.530734135700124,0.492072486578278,0.483494173719427,0.56929464016818,0.554783628712725,0.552711830537667,0.650214895639649,0.393646692848714,0.457033515873096,0.421270251237795,0.780423567776296
lat,0.724716831535451,0.7523767290156,0.715045145532387,0.740676631627017,0.712184241851225,0.715389306634601,0.717907996254633,0.768026305156942,0.726531930457111,0.685908966888452,0.691202420133707,0.715779200798805,0.799775432788398,0.73410710504588,0.759162731399088,0.680439840415651,0.621854747150868,0.63547328700083,0.654228233205048,0.588673158753524,0,0.720630812788771,0.721067026147645,0.764431818552757,0.752376661250906,0.708308566499054,0.770225346872273,0.76724588086353,0.699821800221852,0.810298359529874,0.743633592364218,0.737481587900758,0.756277916483912,0.726743657178394,0.760880438207191,0.697334434958274,0.744782171063211,0.79830098778925,0.126349349562413,0.747167365254093,0.753508836789288,0.773077677380827,0.742148026092634,0.774650976318692,0.809761894261674,0.750900509752292,0.763392734652024,0.672030046576617,0.618300482164802,0.60609636944052,0.667765570727226,0.721345242806821,0.647608870109693,0.697101639443483,0.680980638644544,0.681468834413229,0.692017080917164,0.829213801730231
li1,0.663417734161399,0.711591663265528,0.680180687217487,0.695165663267934,0.67908620527964,0.673843109251247,0.685951871169415,0.728465102820836,0.59187954664851,0.556944161834642,0.522316865455066,0.563339422592571,0.719071491363544,0.707828498284538,0.645622447311449,0.637538950957278,0.513803316524507,0.508698261854474,0.542273496657663,0.562715042871266,0.720630812788781,0,0.183989412736275,0.254860336613766,0.636169415008411,0.598187953172696,0.555918764864836,0.467842192002025,0.624243824262475,0.74356246580185,0.466531638578669,0.435780918543853,0.441686035461859,0.415104878889454,0.434561639686012,0.665535756194829,0.624371176870887,0.721293563175104,0.733179734797417,0.665445359861197,0.692587879736413,0.682388825899815,0.654834784402056,0.716832392629334,0.743238309204841,0.726358690297927,0.779290921370233,0.625706241536068,0.567344358240252,0.549332892414417,0.620872741782267,0.702717277667778,0.662616031309705,0.692981204774114,0.467184543878009,0.494808388964952,0.479426068437464,0.752512843738216
li2,0.669718005188179,0.705616076836974,0.66934955430157,0.698788699617823,0.671443618715724,0.674263526261602,0.67761247696198,0.736735100830182,0.607325875516345,0.581336736265248,0.55110809080826,0.577023715478386,0.726766005319652,0.714650683985394,0.636221621212434,0.643652983076759,0.550763503996047,0.51893452903592,0.567523549058516,0.581503223505941,0.721067026147651,0.183989412736274,0,0.258620471729671,0.645903016275943,0.587393917429697,0.593894413593227,0.522477477084251,0.632993365578027,0.757085679409414,0.492413590730506,0.458502246239581,0.476350785339141,0.448360862560898,0.473810003904321,0.673488355009913,0.658099980171408,0.720663029540181,0.736566242288039,0.686152805640831,0.714809991125229,0.693328527606667,0.668484003166519,0.735879698606288,0.754979177653417,0.741059435326917,0.798513916462096,0.632765419423621,0.594147845215134,0.570627128785933,0.625439633688831,0.69756553488334,0.676353119659494,0.688757173028435,0.460436677451748,0.534451564312496,0.523732289087543,0.751019740558993
li3,0.722395806771976,0.735298387902931,0.712998109805806,0.727749889585664,0.715608458463429,0.712417572193064,0.719207096342041,0.756141855245435,0.625318387446497,0.590284730124006,0.574028804993449,0.594468361572094,0.723839253462902,0.708918339314802,0.666661126988443,0.684066881413416,0.598082975606252,0.579565546179348,0.619857368061658,0.634480287078869,0.764431818552763,0.254860336613764,0.258620471729671,0,0.654887502476454,0.643749068481161,0.582465672386449,0.494713425906944,0.659706616135721,0.751493027663887,0.465903869407496,0.435220431694524,0.468623135504109,0.451222926410097,0.464793760473488,0.719276893562674,0.665987719442599,0.721843491499388,0.770612495522687,0.686004342932024,0.71196540052218,0.700065265104836,0.680287618550687,0.794039084596793,0.795802499429066,0.798500101458322,0.842688033555256,0.635001902919116,0.597597143299033,0.583281222171684,0.625873918644873,0.750178418337607,0.723950065202627,0.724256664221626,0.516051909453896,0.560051797294068,0.539432406427768,0.732538283918239
ll1,0.688957709079856,0.686480558807288,0.674493447256367,0.678733727943202,0.66874053865876,0.6628745359979,0.66358860029868,0.720104828881848,0.626827160662502,0.598418420557917,0.594141257849805,0.592240960004353,0.734706219684381,0.644417763889462,0.536100498929087,0.702981482343809,0.648310153222239,0.637237448171696,0.682977230494535,0.650199373240434,0.752376661250916,0.636169415008415,0.64590301627595,0.654887502476463,0,0.355540117902266,0.617499227615832,0.559164740924378,0.69205940087927,0.765890673472696,0.589780176350482,0.585025541175671,0.608045980346894,0.595503104332484,0.589356868807361,0.753263320392122,0.657913174633376,0.73663079725012,0.759789511540349,0.612225558770675,0.642229231563294,0.62283788095568,0.63765839455077,0.741657700277421,0.788599678009761,0.800086297277736,0.787038729074249,0.703286067443711,0.720797692848062,0.699144238491347,0.70168610984436,0.733844480447092,0.754486809765319,0.770843997103443,0.641551783887921,0.558678308710186,0.587582606496049,0.779293256099185
ll2,0.618106150184113,0.659741808224633,0.626186901542721,0.641948954741037,0.580514248353344,0.579572680274408,0.577769887260899,0.670183161855571,0.584157185278343,0.500836680988853,0.491828300615864,0.513754998047777,0.704150106934751,0.611137529903212,0.514704616615493,0.616791549427525,0.540742953906543,0.582001975127002,0.585110768185943,0.560466588396887,0.708308566499061,0.598187953172694,0.5873939174297,0.643749068481168,0.355540117902268,0,0.576468061071793,0.514173487419505,0.651751696064401,0.74305023778588,0.551114579075994,0.535024221479657,0.550857489900551,0.52450035548895,0.558228830456974,0.673798350153188,0.627058599305513,0.713514391183269,0.737900807344462,0.558687473302837,0.59674416248191,0.568097118976638,0.564969724864832,0.716038303309431,0.784578402502221,0.782443154838612,0.762631697901152,0.669099158444994,0.651643673852632,0.619104458116092,0.668035628634718,0.655925138144148,0.700244796179155,0.726348617829104,0.531524080984524,0.41150684798864,0.460576304476251,0.755381967307413
lm1,0.724381166955202,0.66583593176265,0.645584494860392,0.652580191911587,0.632698438868105,0.62230621318989,0.632742143128503,0.708831414354778,0.553520330820689,0.468183231108647,0.452884009969653,0.449550099003279,0.734518736791083,0.669951991990453,0.617359516529605,0.68610282181105,0.631814974797916,0.586659598478729,0.601180993759507,0.650319654453201,0.770225346872283,0.555918764864833,0.593894413593226,0.58246567238645,0.617499227615821,0.576468061071787,0,0.393845599659224,0.668033964055564,0.74856432720095,0.506628379011231,0.495342233037876,0.49984546597628,0.497939642317267,0.405427326966821,0.737250425740316,0.647510550234226,0.711324966565701,0.777577929639402,0.634787848796984,0.663418877849218,0.643786037276777,0.656166345153918,0.76655676681513,0.805899975296606,0.816704652959429,0.779202995328796,0.703646660247921,0.680396536026506,0.66783209963141,0.67669240176753,0.729709961003317,0.744521742260306,0.719073352290688,0.566259651107187,0.5000213766351,0.524492935865262,0.770709571084729
lm2,0.709400121648614,0.664473002163814,0.652302502456828,0.666184426754271,0.632863400571145,0.639384176521707,0.65009701132102,0.685863460655621,0.538373594163067,0.46816644109077,0.491046862683851,0.482564252661972,0.700694876351721,0.672671850078594,0.574702732975187,0.666816469372246,0.598008264658339,0.559980976628914,0.600601263945862,0.63378311098835,0.76724588086353,0.467842192002018,0.522477477084246,0.494713425906941,0.559164740924364,0.514173487419495,0.393845599659222,0,0.649156461207376,0.745292420084007,0.433869913741756,0.453416161012623,0.445684567380506,0.435463674381723,0.331709455689812,0.719737004812495,0.598952991133168,0.722514818660193,0.774840130452238,0.621797462529422,0.6499182082526,0.635762867098415,0.618670307748595,0.747759685944835,0.794474802934253,0.797743093093592,0.794585511784165,0.690685435480564,0.677305863155873,0.643844531039389,0.662610065117307,0.743948157004277,0.756247954866524,0.734021152478846,0.560793066161706,0.468769390257236,0.489709941338613,0.726607583007889
nea,0.697279670277885,0.642532024648555,0.681902844632778,0.636576177205916,0.665411054038855,0.675265418676113,0.669941489584837,0.73887061033142,0.636106352801428,0.570835551858584,0.605699316460473,0.602153286493794,0.756969021945411,0.681861820606805,0.643309665454362,0.679209015274831,0.513961076288578,0.504655426891898,0.528157363541267,0.515013734665902,0.699821800221856,0.624243824262471,0.632993365578028,0.659706616135725,0.692059400879264,0.651751696064398,0.668033964055568,0.649156461207384,0,0.772187804323268,0.639523767582623,0.626962675615406,0.643325872139446,0.627418568916118,0.624959859482926,0.659313137770141,0.683418302086104,0.785227767815406,0.718347991681161,0.660807442608867,0.686160325053925,0.69167582903149,0.663227124699902,0.689113803625544,0.787700273563962,0.730347284952133,0.721166363216278,0.511600895456787,0.496706033799506,0.4880013526014,0.527055786064823,0.701003472102906,0.690975635358695,0.690070284757049,0.58469675785163,0.584292029398206,0.568400378790858,0.777946838396475
pcd,0.790432470980366,0.767401322077907,0.761108139576177,0.752486181128976,0.735755063336841,0.74581586362664,0.746089570797993,0.79936336654381,0.723236321400015,0.728759774898106,0.720215899481913,0.733530473170058,0.408370189068497,0.702256667117072,0.741505228426204,0.769923020276363,0.73239436908823,0.750913960797755,0.753795313656174,0.741163306858411,0.810298359529882,0.743562465801845,0.757085679409415,0.751493027663892,0.765890673472692,0.743050237785877,0.748564327200962,0.745292420084025,0.772187804323271,0,0.66512316727841,0.667143194373986,0.666812824103206,0.676290266754779,0.710136830176129,0.777073732534656,0.646794208093952,0.634676850276045,0.825657073290829,0.746906368692444,0.747646322111606,0.750157311872074,0.757070226479193,0.802635388820298,0.861676059643324,0.843982175192372,0.819714421792689,0.798954681482206,0.792803519770801,0.780400468603878,0.801927723383841,0.806988542231608,0.813645532187175,0.803098463591283,0.705814825546031,0.701138795747146,0.699668722664777,0.561730025043829
pm1,0.718143993990869,0.673431479823026,0.673028508415666,0.654236881941593,0.649382553700304,0.667491564695508,0.668142524488061,0.661284374148563,0.531739620757651,0.503523829229767,0.462868354283321,0.480831370389251,0.627869555209241,0.619203605839173,0.594761096628426,0.673212808358186,0.576120300790761,0.611764529004055,0.579730276720499,0.594227743843711,0.74363359236422,0.466531638578664,0.492413590730503,0.465903869407497,0.589780176350472,0.551114579075988,0.506628379011235,0.433869913741761,0.639523767582616,0.665123167278401,0,0.093629353410277,0.118671127753545,0.132655913440554,0.367948147322206,0.736921472599686,0.590529194707375,0.676476350575602,0.765448814839653,0.599325711363312,0.636927031829687,0.609348356571954,0.607476656104573,0.739443790472114,0.778060665772902,0.784172001750372,0.786521333976983,0.670163232941992,0.640635365546277,0.606393108487246,0.664698458319523,0.756020490787477,0.724625574188739,0.72420977849252,0.520742904034139,0.472939693498042,0.480259291618159,0.686648219686786
pm2,0.713777021493024,0.663945988474404,0.666486634237811,0.640822939407435,0.651937174598423,0.658557590798804,0.661035723616816,0.651994138504652,0.503210094807633,0.496259810095826,0.458267918960761,0.477011423074854,0.613219737581938,0.600908184827711,0.588793328972935,0.672956068855349,0.569589703591797,0.619323909377651,0.585154191311582,0.583417698646544,0.737481587900759,0.435780918543848,0.458502246239578,0.435220431694523,0.585025541175659,0.53502422147965,0.495342233037878,0.453416161012625,0.6269626756154,0.667143194373976,0.093629353410276,0,0.105350036980769,0.120891353576084,0.347992317659481,0.728370856135162,0.586736554875539,0.674083643639464,0.758158728759105,0.604350988913885,0.633302721667328,0.612086535568739,0.609657627705381,0.740287294792758,0.777480281085729,0.783327268941438,0.782572862979615,0.664980769735954,0.6254627401214,0.597607572301259,0.670493111398333,0.744695525249968,0.715984888887216,0.723455970270096,0.510028893633885,0.46849981068486,0.469511901007776,0.682032742996537
pm3,0.703333616028124,0.658690634134359,0.658578251537167,0.643815381605815,0.643619357939368,0.649173746874155,0.652805532792158,0.671722120460434,0.523243910576366,0.520092654583158,0.479401071354588,0.471067354333814,0.621638640844506,0.616150602877171,0.602433192654799,0.668504930473671,0.571218702525954,0.620922739392115,0.592967512525176,0.589077611547662,0.756277916483917,0.441686035461855,0.476350785339139,0.468623135504111,0.608045980346884,0.550857489900546,0.499845465976284,0.44568456738051,0.643325872139442,0.666812824103198,0.118671127753545,0.105350036980769,0,0.134216568180963,0.351747866916707,0.741106017074117,0.58243899051821,0.6745533885994,0.768292198234429,0.617433996775047,0.646641889958875,0.633279782744267,0.618181730474695,0.742169930743121,0.786080575851359,0.77636827839089,0.783204638967441,0.668801673415186,0.642549546798385,0.612386207182459,0.676490802595958,0.744839264753551,0.723843998868417,0.713694890020797,0.505958975476378,0.455254830298845,0.483511433744612,0.681066226694799
pm4,0.692761137133998,0.661522194439957,0.632691503447141,0.642353510108901,0.615772412333814,0.623938464775818,0.628407850234997,0.662913143961927,0.520360228286502,0.487125116005923,0.453887556722031,0.461127283419252,0.629841447719163,0.606806313991758,0.592756511627263,0.649924332585631,0.534921616904316,0.605213479998561,0.562053338353497,0.565719023694594,0.726743657178397,0.415104878889452,0.448360862560897,0.4512229264101,0.595503104332474,0.524500355488944,0.497939642317273,0.435463674381727,0.627418568916115,0.676290266754772,0.132655913440554,0.120891353576084,0.134216568180963,0,0.351829698452706,0.719545892319157,0.565263820420289,0.679275709541469,0.750155722431922,0.6188094835667,0.649995300043066,0.62531869107704,0.610240532124978,0.742180646092703,0.783228121478503,0.78223939893351,0.78031643924463,0.66108080334279,0.626380208791394,0.598752845105553,0.660237263200804,0.733863611147092,0.709034635548599,0.722244911334121,0.488734595676436,0.437648159986104,0.440752114676287,0.70558310674514
pm5,0.708333316869807,0.637630410064928,0.616388820772352,0.634584969556246,0.612843072560288,0.615812884218714,0.622462160005295,0.70111693332103,0.529003464278738,0.487265968033444,0.4781660881954,0.465176859935426,0.6696070588165,0.660065312397533,0.586638482356199,0.662386169834883,0.583673523619336,0.591192948744469,0.586939605890685,0.62109113196911,0.760880438207192,0.434561639686003,0.473810003904314,0.464793760473482,0.589356868807346,0.558228830456961,0.405427326966816,0.33170945568981,0.624959859482918,0.710136830176111,0.367948147322199,0.347992317659476,0.3517478669167,0.3518296984527,0,0.718989343998194,0.604325683037267,0.675333201398174,0.778232738960158,0.640451031665192,0.662005983551782,0.65231770969873,0.623390703968092,0.771815113289256,0.800119137200109,0.802526208253246,0.8040778032913,0.675075693210296,0.629127246092221,0.615418957805659,0.653454642501815,0.725541481145041,0.761303068873971,0.729917775664127,0.474226815811072,0.4368825159228,0.448183172055399,0.706223613596424
por,0.623017853021714,0.699736576391638,0.702747116674592,0.696507439788013,0.636302850016691,0.645248341391895,0.649342595556942,0.783437387691449,0.687022938859535,0.654161481265734,0.656031622415699,0.672989837464116,0.759979311767823,0.714202562444565,0.749970938817576,0.486914137625087,0.641536388325254,0.636228252443895,0.662776175940768,0.644152388992918,0.697334434958278,0.665535756194823,0.673488355009913,0.719276893562674,0.753263320392118,0.673798350153182,0.737250425740321,0.719737004812504,0.659313137770147,0.777073732534655,0.736921472599691,0.728370856135165,0.741106017074119,0.719545892319161,0.718989343998199,0,0.737615308502962,0.7924553556165,0.72858066812241,0.725524178499988,0.738970823113678,0.739395711999492,0.707704560649367,0.774739796893123,0.809074995775062,0.749829608330516,0.778840609558157,0.686306433866694,0.646714646226239,0.624722965715151,0.680864202810724,0.601527020778943,0.697310920496726,0.710514397530552,0.636231205571582,0.648226954415991,0.634072537656921,0.813131848564114
pr1,0.698528135601662,0.628339320574606,0.597199446598378,0.60559583394072,0.574547301031975,0.589071025032609,0.588954481367958,0.70657620813804,0.67026262855657,0.651770471473016,0.65504340539201,0.65513770057317,0.602629447601335,0.595106618406212,0.628031194424725,0.654972813140738,0.632880211141204,0.666451283282595,0.681828414830621,0.642482512558943,0.744782171063218,0.624371176870888,0.658099980171413,0.665987719442607,0.657913174633375,0.627058599305512,0.647510550234236,0.598952991133182,0.683418302086107,0.646794208093952,0.590529194707384,0.586736554875548,0.582438990518216,0.565263820420296,0.60432568303728,0.737615308502964,0,0.673190839563218,0.760585148273279,0.619123024488348,0.645150995488411,0.656748028733463,0.652222230188497,0.735463844711013,0.814843137297507,0.785280825365328,0.792734678542337,0.726976720309346,0.692762888453246,0.690008377582721,0.715014459076127,0.748890397410692,0.749863785032863,0.744732594315771,0.657587770606565,0.587321086631884,0.601028769882934,0.705315074268283
pr2,0.785092728667179,0.734263066083147,0.728594516128212,0.725756267435385,0.719256851598079,0.730744982814378,0.729437132397218,0.780625361070779,0.738401766746441,0.721200092616711,0.698113131537392,0.697678362893914,0.609839571628657,0.679411277813921,0.732940113854449,0.758440297799774,0.691525092441218,0.748334054589605,0.72802655523079,0.709110728236468,0.79830098778926,0.721293563175102,0.720663029540184,0.721843491499392,0.736630797250109,0.713514391183261,0.711324966565711,0.722514818660204,0.785227767815407,0.63467685027604,0.676476350575606,0.674083643639468,0.674553388599403,0.679275709541469,0.67533320139819,0.792455355616498,0.673190839563213,0,0.809900805035231,0.7443343002013,0.768681138257362,0.769128215361463,0.737192352519694,0.85832355664237,0.843407027380687,0.86182501973122,0.859850746139147,0.790856752012962,0.770523243137737,0.758798533282613,0.787841836704933,0.788904398427813,0.80340616675917,0.803868554514525,0.70620535279415,0.715495592423097,0.699626767341675,0.654941740924456
qbb,0.737248904746699,0.755061097740325,0.722371360502545,0.752672538085856,0.729016468169616,0.723520560520318,0.72749172116596,0.794758046229275,0.748598063775009,0.7067573927074,0.707661577171985,0.742199762765048,0.819344669243947,0.7637062316515,0.775364116990597,0.701624296195811,0.650905122677434,0.652603327833347,0.683954746860198,0.624157820229654,0.126349349562413,0.733179734797409,0.736566242288033,0.770612495522681,0.759789511540343,0.737900807344457,0.77757792963939,0.774840130452238,0.718347991681161,0.825657073290823,0.76544881483965,0.758158728759103,0.768292198234424,0.750155722431919,0.778232738960156,0.728580668122409,0.760585148273271,0.809900805035222,0,0.772976989400044,0.776711330389246,0.791536004966395,0.768308379373331,0.773292738289863,0.822535667280082,0.758791832050732,0.774970960033334,0.696903126450887,0.647176845539304,0.633225380469269,0.686064210323081,0.736626588091451,0.654550422997168,0.690731904486307,0.708788696828432,0.688152635927651,0.709213250188169,0.845492872601492
ro1,0.725991122828262,0.629979422110958,0.687985164116944,0.637795362515716,0.646247393848201,0.651291042483851,0.652742135655908,0.755746225897833,0.682586719036286,0.591195195266193,0.599089161955534,0.619082751231531,0.675149107346581,0.548738217190376,0.655683615338158,0.690544879516283,0.643301223929858,0.674715442763011,0.649550799322478,0.639853257163186,0.747167365254103,0.665445359861199,0.686152805640836,0.686004342932034,0.612225558770674,0.558687473302835,0.634787848796994,0.621797462529436,0.660807442608872,0.746906368692447,0.59932571136332,0.604350988913893,0.617433996775055,0.618809483566709,0.640451031665208,0.725524178499993,0.619123024488351,0.744334300201311,0.772976989400051,0,0.178061346093908,0.260011556560781,0.235387599169879,0.713856132296153,0.790329486500777,0.750010828308723,0.738367474664809,0.712797974118423,0.684159658918634,0.671497809471294,0.696297857917205,0.742977319109825,0.771890795784353,0.750519805804289,0.672918732037002,0.602167267453695,0.631162814447186,0.757961485607113
ro2,0.734940564631914,0.671972030548,0.715266248052005,0.68591292888544,0.683563938845835,0.679215331891762,0.684546850918457,0.745114669198053,0.701999937392037,0.628590632536761,0.63029386296626,0.649178857433441,0.710746589525497,0.599602451279138,0.657112413061268,0.712229341652164,0.664008809591343,0.711310585291133,0.672991549459747,0.650483062855897,0.753508836789297,0.692587879736414,0.714809991125236,0.711965400522189,0.642229231563291,0.596744162481909,0.663418877849229,0.649918208252616,0.686160325053932,0.747646322111609,0.636927031829698,0.633302721667338,0.646641889958883,0.649995300043076,0.662005983551798,0.738970823113682,0.645150995488413,0.768681138257371,0.776711330389253,0.178061346093909,0,0.360716545164591,0.35644892741322,0.734010817413707,0.813762089254253,0.798369509594494,0.766087419423978,0.724903926487646,0.714391207865691,0.706465998813746,0.716430364525812,0.742828982859668,0.799878009793284,0.788529924512928,0.693191268402459,0.633157517768396,0.648167869085259,0.772485113024761
ro3,0.711782356167465,0.648574761378135,0.689784583464118,0.653855694465023,0.651604680391715,0.651910455033051,0.652983013494135,0.741827718085986,0.683103802129939,0.623014119193295,0.612290335146498,0.629494946971082,0.707045888335567,0.621158622777623,0.639579905917441,0.699190131973008,0.674207537269134,0.683401089410881,0.674660132659064,0.674729747800853,0.77307767738084,0.68238882589982,0.693328527606674,0.70006526510485,0.622837880955682,0.568097118976638,0.643786037276789,0.635762867098432,0.691675829031494,0.750157311872082,0.609348356571967,0.612086535568752,0.633279782744279,0.625318691077052,0.652317709698751,0.739395711999499,0.656748028733469,0.769128215361477,0.791536004966402,0.260011556560783,0.360716545164592,0,0.367812037174828,0.746642108409312,0.805612851246216,0.779300732182102,0.762537970628439,0.746308632530457,0.729956326144877,0.703827999771164,0.730486743726352,0.75475018783652,0.78010810986589,0.778353390028071,0.678802189943709,0.600358484792013,0.63479395805805,0.779214994123918
ro4,0.7315290968128,0.617174043064825,0.676995613168996,0.6249466856268,0.633825968351554,0.639908060898855,0.63865741532538,0.737592466437358,0.658800254974771,0.578830228385633,0.592066237412387,0.587990933082112,0.688031983492392,0.555244998074518,0.64701787498076,0.678377897849412,0.637070681933391,0.67758080013287,0.650158526511312,0.636197949180641,0.742148026092642,0.654834784402058,0.668484003166524,0.680287618550695,0.637658394550769,0.564969724864831,0.656166345153927,0.61867030774861,0.663227124699905,0.757070226479195,0.607476656104581,0.609657627705389,0.618181730474702,0.610240532124984,0.623390703968105,0.707704560649367,0.652222230188498,0.737192352519703,0.768308379373338,0.235387599169879,0.356448927413217,0.367812037174826,0,0.720506396997047,0.793372154415936,0.749338947623911,0.72396978477203,0.724060107980035,0.700126851357241,0.680557542921078,0.71289116736089,0.733489249141103,0.772025026381389,0.743173417053027,0.656047030801087,0.592858949211135,0.61718243154157,0.772458349953381
ron,0.762587227822943,0.718580212369553,0.736815096495137,0.710202789909545,0.731373685388397,0.733406573156362,0.727820750614324,0.749510002558883,0.714761382374169,0.711325777772046,0.712702577835998,0.720816597730107,0.816061395978567,0.742458949291964,0.717105967729785,0.760332419644534,0.652023320870324,0.681156502140146,0.691353891233996,0.63799801715097,0.774650976318699,0.716832392629336,0.735879698606293,0.794039084596799,0.741657700277417,0.71603830330943,0.766556766815141,0.747759685944849,0.689113803625545,0.802635388820302,0.739443790472123,0.740287294792768,0.742169930743128,0.74218064609271,0.771815113289269,0.774739796893123,0.735463844711014,0.858323556642376,0.773292738289867,0.71385613229615,0.734010817413704,0.746642108409309,0.720506396997047,0,0.501951590190192,0.418319050210888,0.467819948792489,0.767387381517743,0.752604041637891,0.740913577795205,0.776793924856124,0.769259351967921,0.724981152711061,0.725715154999864,0.733931128780937,0.683520769796937,0.700436402715136,0.835428802761961
ruo,0.823793404397687,0.812380997752844,0.804286996406638,0.81272535804185,0.798341550922865,0.799289011146312,0.797742305132503,0.770880680606524,0.760536338773588,0.759004212480961,0.760867903312543,0.772176798256097,0.847450436626188,0.823713342513602,0.77187579284836,0.79847117731183,0.722545311142258,0.744537787499337,0.73549078768346,0.7121168122435,0.809761894261677,0.743238309204838,0.754979177653419,0.795802499429069,0.788599678009754,0.784578402502218,0.805899975296613,0.794474802934266,0.787700273563966,0.861676059643323,0.778060665772909,0.777480281085736,0.786080575851364,0.783228121478506,0.80011913720012,0.809074995775062,0.814843137297504,0.843407027380697,0.822535667280082,0.790329486500771,0.813762089254246,0.80561285124621,0.793372154415931,0.501951590190189,0,0.600011511403423,0.59871196364152,0.806083710965446,0.780745986409813,0.781393576321116,0.829559562622178,0.828736936112595,0.7572043505196,0.795109024415406,0.784754141439696,0.747253737567846,0.761868059229184,0.871273328237549
rup,0.774153079228492,0.772673560352636,0.766047000208042,0.756704896149136,0.750709493299539,0.75343464056412,0.752478938249344,0.774636822114365,0.773958380995873,0.753078110354879,0.764751527101191,0.764446109342542,0.836430427330996,0.766746733978627,0.769008513373493,0.738487856809412,0.688320916255673,0.65487447681397,0.710326576546153,0.67069352041538,0.750900509752294,0.72635869029792,0.741059435326911,0.79850010145832,0.800086297277736,0.782443154838611,0.816704652959435,0.797743093093601,0.73034728495213,0.843982175192372,0.784172001750377,0.783327268941442,0.776368278390893,0.782239398933512,0.80252620825326,0.749829608330512,0.785280825365324,0.861825019731223,0.758791832050732,0.750010828308717,0.798369509594488,0.779300732182096,0.749338947623907,0.418319050210883,0.60001151140342,0,0.429287796375333,0.75163831246083,0.72301906278055,0.725126377197482,0.774444378399306,0.77683609257017,0.714512041524647,0.741276296633425,0.760494730415049,0.724946514069737,0.750718856447139,0.862253524148931
ruq,0.795074782526521,0.743814234048244,0.754855490002051,0.739307792265866,0.733112657797693,0.733593379588145,0.740012534631416,0.741347786461035,0.767758204764383,0.74823914630425,0.743687513102426,0.741456544006049,0.817519622668565,0.748699954135611,0.736212305191142,0.777871264533135,0.708853136851265,0.736934530135847,0.738730419255653,0.694327121737334,0.763392734652031,0.779290921370232,0.798513916462097,0.842688033555263,0.787038729074244,0.76263169790115,0.779202995328805,0.794585511784178,0.721166363216279,0.819714421792689,0.786521333976994,0.782572862979625,0.783204638967449,0.780316439244636,0.804077803291316,0.778840609558159,0.792734678542334,0.859850746139154,0.774970960033342,0.738367474664803,0.766087419423973,0.762537970628431,0.723969784772025,0.467819948792487,0.598711963641518,0.429287796375337,0,0.76377640447395,0.751210635073333,0.754071796064222,0.773312576964386,0.794604874199025,0.764147475380877,0.756293223834284,0.792017141434978,0.716924293528604,0.754532084261723,0.854299496344902
sc1,0.662600445626608,0.74559668036982,0.709741875326149,0.740629571436984,0.664790777141303,0.668078950395172,0.669786648867652,0.729073934468739,0.695004250713183,0.57993544540168,0.61463772972737,0.602695213741537,0.803026466844435,0.729245937452942,0.676841188997007,0.675943782997788,0.505667147764934,0.508598393242104,0.534701045312176,0.530734135700117,0.672030046576613,0.625706241536055,0.632765419423609,0.635001902919102,0.703286067443696,0.669099158444984,0.703646660247912,0.690685435480554,0.511600895456781,0.798954681482185,0.670163232941982,0.664980769735945,0.668801673415174,0.661080803342778,0.67507569321029,0.686306433866686,0.726976720309338,0.790856752012947,0.696903126450881,0.712797974118406,0.72490392648763,0.746308632530438,0.72406010798002,0.767387381517731,0.806083710965433,0.751638312460822,0.763776404473934,0,0.196654072478274,0.166916457847926,0.17002743283617,0.673929010971245,0.600803984583342,0.580859416412177,0.583489626540856,0.602880596673242,0.582325893111655,0.824789234986622
sc2,0.681994545451544,0.730393668250415,0.688932314623717,0.705631063134776,0.648347041513004,0.647824034612859,0.653086350903281,0.71931547034669,0.648100511400543,0.560662277425758,0.580802964123438,0.584656376413654,0.777740033491908,0.716663383564284,0.680917673647268,0.646917487694731,0.47863145538519,0.456161294856717,0.479838695004537,0.492072486578279,0.618300482164813,0.567344358240257,0.594147845215143,0.597597143299044,0.72079769284806,0.651643673852634,0.680396536026521,0.677305863155887,0.496706033799511,0.792803519770813,0.64063536554629,0.625462740121414,0.642549546798397,0.626380208791403,0.62912724609224,0.646714646226246,0.692762888453254,0.770523243137748,0.647176845539315,0.684159658918635,0.714391207865693,0.729956326144874,0.700126851357244,0.752604041637894,0.780745986409819,0.723019062780564,0.751210635073335,0.196654072478278,0,0.108483073378798,0.254996925387909,0.692053746077002,0.565685861427318,0.541734678028121,0.560330330949393,0.57031857178014,0.551151485993414,0.814018417623908
sc3,0.654376204403066,0.717449265055681,0.679387780604428,0.698616495280382,0.631558352937177,0.628940989570875,0.634974015248448,0.710736972017217,0.624243590668704,0.521244673638535,0.555396213778884,0.553434016409318,0.763924590358863,0.703539806608722,0.657789885360062,0.624793019959014,0.454562521904414,0.44268460371047,0.464602239397875,0.483494173719427,0.606096369440528,0.549332892414418,0.570627128785936,0.583281222171689,0.699144238491341,0.619104458116092,0.667832099631419,0.643844531039398,0.488001352601402,0.780400468603883,0.606393108487255,0.597607572301269,0.612386207182467,0.598752845105558,0.615418957805674,0.624722965715156,0.690008377582725,0.758798533282619,0.633225380469276,0.671497809471292,0.706465998813743,0.703827999771157,0.680557542921077,0.740913577795206,0.781393576321116,0.72512637719749,0.754071796064222,0.166916457847928,0.108483073378797,0,0.198193598421471,0.671533781867169,0.547554446527672,0.541845563842777,0.527568699712469,0.539834193366585,0.51940119790013,0.793228864600705
sc4,0.687106241327954,0.744573270247964,0.701329666758045,0.7414209808858,0.662151406786671,0.661737688252512,0.668521727378477,0.764288306341946,0.679896434785908,0.588153224266644,0.607949152257381,0.59443113753039,0.809066349455882,0.729842818292467,0.703902165687732,0.666478060106459,0.544292050719197,0.51947184970552,0.552226833018202,0.569294640168178,0.667765570727232,0.620872741782268,0.625439633688836,0.625873918644876,0.701686109844355,0.668035628634716,0.676692401767538,0.662610065117315,0.527055786064824,0.801927723383842,0.66469845831953,0.670493111398341,0.676490802595964,0.660237263200807,0.653454642501828,0.680864202810727,0.715014459076129,0.787841836704936,0.686064210323086,0.6962978579172,0.71643036452581,0.730486743726343,0.712891167360887,0.776793924856123,0.829559562622179,0.77444437839931,0.773312576964384,0.170027432836172,0.254996925387906,0.198193598421469,0,0.695925091559759,0.595944417546055,0.559709508818272,0.58516489676562,0.592839843351482,0.583043755777645,0.817468250676062
spa,0.234064207557918,0.675663735898072,0.606165586200714,0.688669840789166,0.558222744936131,0.543103578041029,0.531891404337483,0.747473300322437,0.75206896404629,0.654399814945072,0.656462682519766,0.674225333925968,0.789312700951231,0.709427049624111,0.717419084133083,0.355208280475578,0.552377903525449,0.666489688626784,0.590541247539727,0.554783628712715,0.721345242806817,0.702717277667771,0.697565534883336,0.750178418337607,0.733844480447086,0.655925138144142,0.72970996100331,0.743948157004282,0.701003472102908,0.806988542231594,0.756020490787476,0.744695525249968,0.744839264753549,0.733863611147089,0.725541481145043,0.601527020778943,0.74889039741068,0.788904398427799,0.736626588091447,0.742977319109817,0.742828982859661,0.754750187836511,0.733489249141097,0.769259351967913,0.828736936112589,0.776836092570169,0.794604874199018,0.673929010971252,0.692053746076997,0.671533781867166,0.695925091559758,0,0.678382364096457,0.696037317325329,0.563684439068931,0.606419438475296,0.583736148104301,0.837004983676717
src,0.669144755989423,0.776470380165991,0.723473308867996,0.763097781330801,0.687290971807606,0.691794830087257,0.687057549027796,0.800675281338909,0.71649625664496,0.656572290936354,0.681050664393335,0.681689180897823,0.820103365468099,0.761308633003904,0.756107964612316,0.659277900027154,0.581680607563014,0.556693515083532,0.604498344913619,0.552711830537664,0.647608870109698,0.662616031309704,0.676353119659498,0.723950065202631,0.754486809765314,0.700244796179156,0.744521742260311,0.756247954866532,0.690975635358697,0.813645532187175,0.72462557418875,0.715984888887226,0.723843998868428,0.709034635548608,0.761303068873982,0.697310920496727,0.749863785032865,0.803406166759177,0.65455042299717,0.77189079578435,0.799878009793284,0.780108109865885,0.772025026381386,0.724981152711064,0.757204350519604,0.714512041524654,0.764147475380877,0.600803984583349,0.565685861427315,0.547554446527671,0.595944417546055,0.678382364096461,0,0.454530216624609,0.645517062856213,0.655445569617473,0.658427403135415,0.831668749066622
sro,0.717009743784259,0.725878054973884,0.688672526863248,0.727399041810395,0.695577711153851,0.68732276497753,0.684461592112224,0.810445102504055,0.730537463085525,0.674200994141712,0.683262466967563,0.680470760196196,0.809992641463632,0.767971323024851,0.745075720156555,0.667201388994994,0.66519438305583,0.603580791507219,0.656199282411622,0.650214895639646,0.697101639443491,0.692981204774116,0.688757173028437,0.72425666422163,0.770843997103435,0.726348617829101,0.719073352290689,0.734021152478852,0.69007028475705,0.803098463591279,0.72420977849252,0.723455970270099,0.713694890020798,0.722244911334121,0.729917775664134,0.710514397530552,0.74473259431577,0.803868554514525,0.690731904486314,0.750519805804284,0.788529924512924,0.778353390028065,0.743173417053025,0.725715154999862,0.795109024415411,0.741276296633433,0.756293223834284,0.580859416412186,0.541734678028117,0.541845563842775,0.559709508818273,0.696037317325335,0.454530216624612,0,0.669762674941719,0.670986223488885,0.680684025988007,0.831189008959365
ve1,0.564684885941414,0.652824317871215,0.612020101564835,0.64254630340718,0.564314283566165,0.557945908435759,0.573016978886823,0.685847952351953,0.530910765250691,0.417118525142062,0.392481167963943,0.443367338070519,0.711701149379326,0.667859777285684,0.606880919124347,0.505711387091978,0.348924312528223,0.508279020873072,0.388360583865338,0.393646692848706,0.680980638644541,0.467184543878,0.460436677451742,0.516051909453891,0.641551783887908,0.531524080984516,0.56625965110718,0.560793066161706,0.584696757851624,0.705814825546015,0.520742904034132,0.510028893633879,0.505958975476369,0.488734595676429,0.474226815811072,0.636231205571575,0.657587770606552,0.706205352794139,0.708788696828427,0.672918732036988,0.693191268402448,0.678802189943694,0.656047030801075,0.733931128780922,0.784754141439686,0.760494730415038,0.792017141434967,0.583489626540857,0.560330330949379,0.52756869971246,0.585164896765612,0.563684439068928,0.645517062856206,0.669762674941711,0,0.298360655276676,0.242567566636319,0.745181991603606
ve2,0.580258684829499,0.651622309599402,0.600656017285963,0.635640687749489,0.533068522484199,0.528351598442946,0.538146578046458,0.64697210480756,0.49983957370835,0.386862582088714,0.376619218732328,0.408985470987722,0.705838558896828,0.637056205348535,0.513615632572598,0.525723554708357,0.429895205317997,0.488724999872723,0.453445473427596,0.457033515873089,0.681468834413229,0.494808388964946,0.534451564312493,0.560051797294067,0.558678308710177,0.411506847988634,0.5000213766351,0.468769390257239,0.584292029398203,0.701138795747135,0.472939693498041,0.468499810684859,0.455254830298842,0.437648159986102,0.436882515922803,0.64822695441599,0.587321086631875,0.71549559242309,0.688152635927649,0.602167267453689,0.633157517768391,0.600358484792003,0.592858949211129,0.68352076979693,0.74725373756784,0.724946514069731,0.716924293528596,0.602880596673248,0.570318571780129,0.539834193366576,0.592839843351474,0.606419438475296,0.655445569617468,0.670986223488881,0.298360655276676,0,0.143608802183358,0.748170377355447
ve3,0.579127645283014,0.647673710932023,0.582281435675539,0.632026406392458,0.514768102571743,0.515497814174,0.52525896901056,0.635261538149198,0.483796461329334,0.395325586632137,0.362801942353748,0.403346119215945,0.701790539677045,0.619414188803034,0.532378926956256,0.528514054653201,0.387909138640906,0.499502711079202,0.413086872685888,0.421270251237788,0.692017080917164,0.479426068437457,0.523732289087538,0.539432406427767,0.58758260649604,0.460576304476244,0.524492935865262,0.489709941338616,0.568400378790857,0.699668722664765,0.480259291618159,0.469511901007777,0.48351143374461,0.440752114676286,0.448183172055404,0.634072537656919,0.601028769882924,0.69962676734167,0.709213250188168,0.63116281444718,0.648167869085254,0.634793958058039,0.617182431541566,0.700436402715128,0.761868059229174,0.750718856447131,0.754532084261713,0.582325893111659,0.551151485993404,0.519401197900124,0.583043755777638,0.583736148104299,0.658427403135411,0.680684025988005,0.24256756663632,0.143608802183358,0,0.750884355312728
win,0.817249942526247,0.709277728089144,0.734317293279091,0.720269943868759,0.735477561144617,0.744325143096639,0.74823623523111,0.806876697127085,0.733504640654778,0.727666371446846,0.759667591389384,0.76284405234799,0.463959253301464,0.67572764555843,0.745413273375347,0.814233578230188,0.776173252429536,0.783762894615309,0.787633710362464,0.780423567776291,0.829213801730243,0.752512843738211,0.751019740558993,0.732538283918242,0.77929325609918,0.755381967307408,0.770709571084737,0.726607583007903,0.777946838396477,0.561730025043826,0.686648219686789,0.682032742996543,0.681066226694802,0.705583106745143,0.706223613596434,0.813131848564115,0.705315074268281,0.65494174092446,0.845492872601499,0.757961485607111,0.772485113024758,0.77921499412391,0.772458349953377,0.835428802761961,0.87127332823755,0.862253524148929,0.854299496344899,0.824789234986637,0.814018417623896,0.793228864600698,0.817468250676059,0.837004983676727,0.831668749066621,0.831189008959365,0.745181991603619,0.748170377355453,0.750884355312736,0
