L1_L2,Score
fra_rup,0.001313672846236
rup_fra,0.001313672846237
rup_win,0.09978655027396
win_rup,0.09978655027396
pcd_rup,0.121140673402527
rup_pcd,0.121140673402527
pcd_ruo,0.143449910276397
ruo_pcd,0.143449910276398
ruo_win,0.202448254762228
win_ruo,0.20244825476223
qbb_win,0.304804497321704
win_qbb,0.304804497321709
fra_ruo,0.337970875497662
ruo_fra,0.337970875497664
pcd_ruq,0.425718011690466
ruq_pcd,0.42571801169047
ruq_pr2,0.436957274861766
pr2_ruq,0.436957274861773
ruq_win,0.446272233177399
win_ruq,0.446272233177399
rup_pr2,0.515715965178985
pr2_rup,0.515715965179002
lat_win,0.545464821719328
win_lat,0.545464821719342
ruo_pr2,0.561881177952908
pr2_ruo,0.561881177952912
por_win,0.572502300558102
win_por,0.572502300558133
ruo_fro,0.594909819071491
fro_ruo,0.594909819071495
pcd_qbb,0.636771426921506
qbb_pcd,0.636771426921506
lat_pcd,0.726437717999409
pcd_lat,0.72643771799942
ruo_ca3,0.733277600382076
ca3_ruo,0.733277600382092
lm1_rup,0.766819329219946
rup_lm1,0.76681932921996
qbb_ruo,0.779714018052259
ruo_qbb,0.779714018052266
pcd_ron,0.79046465047768
ron_pcd,0.79046465047768
qbb_fra,0.7957026630663
fra_qbb,0.795702663066334
ruo_lm1,0.828396600813448
lm1_ruo,0.828396600813454
ruo_pr1,0.842629899566171
pr1_ruo,0.842629899566183
ron_fra,0.843313563406303
fra_ron,0.843313563406326
sro_win,0.859394953016579
win_sro,0.859394953016587
qbb_pr2,0.860556126002709
pr2_qbb,0.860556126002735
ruo_ast,0.923326501634849
ast_ruo,0.923326501634869
ron_pr2,0.925249296570097
pr2_ron,0.925249296570111
ruq_fra,0.930127540832218
fra_ruq,0.930127540832249
spa_win,0.930458129904162
win_spa,0.930458129904162
rup_pr1,0.951963388032814
pr1_rup,0.951963388032821
ruo_ca1,0.953648849897456
ca1_ruo,0.953648849897487
ruo_ro3,0.96216764257961
ro3_ruo,0.96216764257964
ruo_ca2,0.977573243621135
ca2_ruo,0.977573243621149
ruo_ca5,0.984401250788019
ca5_ruo,0.984401250788026
li3_ruo,0.993146678020637
ruo_li3,0.993146678020644
sro_fra,0.993566385337471
fra_sro,0.993566385337507
win_lm1,1.00846681214184
lm1_win,1.00846681214184
pcd_lm1,1.03099413399117
lm1_pcd,1.03099413399119
ruo_por,1.03825373141797
por_ruo,1.03825373141799
ruo_pm5,1.0407173058065
pm5_ruo,1.04071730580653
ruo_ca6,1.05223293328872
ca6_ruo,1.05223293328873
ruo_spa,1.05264842696593
spa_ruo,1.05264842696596
ll2_rup,1.05558001145911
rup_ll2,1.05558001145917
ron_win,1.06585591650053
win_ron,1.06585591650055
pcd_sro,1.07310065540191
sro_pcd,1.07310065540192
ruo_ca4,1.07645766261282
ca4_ruo,1.07645766261283
lat_pr2,1.07649617035042
pr2_lat,1.07649617035046
qbb_lm1,1.08702740845214
lm1_qbb,1.08702740845217
sc4_win,1.0876523658449
win_sc4,1.08765236584493
ruo_sc4,1.0895158673456
sc4_ruo,1.08951586734561
pm1_ruo,1.09259815033386
ruo_pm1,1.09259815033386
ll1_ruo,1.09665259661945
ruo_ll1,1.09665259661945
pcd_ll1,1.10119911713545
ll1_pcd,1.10119911713547
ruo_ll2,1.10552102217314
ll2_ruo,1.10552102217315
pcd_spa,1.11788790297822
spa_pcd,1.11788790297824
rup_pm5,1.12869318618495
pm5_rup,1.12869318618501
pr2_sro,1.12906277680521
sro_pr2,1.12906277680521
ruq_li3,1.13425343752084
li3_ruq,1.13425343752086
sc1_fra,1.1437637868079
fra_sc1,1.14376378680798
lat_lm1,1.1547882200122
lm1_lat,1.15478822001223
ruq_ll1,1.15582600512148
ll1_ruq,1.1558260051215
ll1_rup,1.16785254662247
rup_ll1,1.16785254662251
ruo_pm4,1.17046540121057
pcd_src,1.17351095120104
src_pcd,1.17351095120104
lat_fra,1.18296254658797
fra_lat,1.18296254658802
lm1_ruq,1.18307631523431
ruq_lm1,1.18307631523431
pm4_ruo,1.18364218060761
sc2_win,1.1904045589188
win_sc2,1.19040455891882
win_sc1,1.19329705393935
sc1_win,1.19329705393938
lat_ruo,1.19719324057329
ruo_lat,1.1971932405733
ruo_ro2,1.20578352087855
ro2_ruo,1.20578352087857
pm3_ruo,1.20908228250826
ruo_pm3,1.20908228250826
rup_ro3,1.2143411129033
ro3_rup,1.21434111290332
itf_win,1.21659566734091
win_itf,1.21659566734093
ast_win,1.2179345995274
win_ast,1.21793459952742
glg_win,1.22300031448782
win_glg,1.22300031448785
rup_ro2,1.22322537469956
ro2_rup,1.22322537469957
rup_li3,1.22797396533612
li3_rup,1.22797396533614
ll1_win,1.23113146141138
win_ll1,1.23113146141139
pcd_ll2,1.24001648898016
ll2_pcd,1.24001648898017
li2_win,1.24222613940794
win_li2,1.24222613940795
ruo_ro4,1.24969787837185
ro4_ruo,1.24969787837189
pcd_li2,1.25014009444744
li2_pcd,1.25014009444747
lm1_ron,1.2538471401149
ron_lm1,1.2538471401149
src_win,1.25606687253242
win_src,1.25606687253245
ruo_ro1,1.26336890208108
ro1_ruo,1.26336890208112
eg4_ruo,1.26388406551057
ruo_eg4,1.26388406551057
pcd_por,1.27931945974404
por_pcd,1.27931945974407
ruo_pm2,1.28727179316647
pm2_ruo,1.28727179316648
sc4_rup,1.2899879997534
rup_sc4,1.28998799975342
pcd_ca3,1.31003741699235
ca3_pcd,1.31003741699239
pcd_lm2,1.31189844607997
lm2_pcd,1.31189844607999
lm2_ruo,1.31357037218775
ruo_lm2,1.31357037218775
pcd_ast,1.32055367431179
ast_pcd,1.3205536743118
pcd_fur,1.32357320788967
fur_pcd,1.3235732078897
dlm_win,1.32736983753178
win_dlm,1.32736983753181
pcd_dlm,1.32744840038296
dlm_pcd,1.327448400383
sc4_pcd,1.34660166816835
pcd_sc4,1.34660166816837
rup_ast,1.34683702531768
ast_rup,1.3468370253177
ll2_win,1.34797112375452
win_ll2,1.34797112375453
itg_win,1.35166558116019
win_itg,1.35166558116025
pcd_eg1,1.35403293490004
eg1_pcd,1.35403293490006
qbb_lm2,1.35534462525898
lm2_qbb,1.355344625259
pcd_itf,1.35757539183676
itf_pcd,1.35757539183678
ca1_rup,1.35957143847653
rup_ca1,1.35957143847654
pcd_ca1,1.36743453539756
ca1_pcd,1.36743453539758
itf_fra,1.37057303313385
fra_itf,1.37057303313388
ll2_ruq,1.3760051208834
ruq_ll2,1.37600512088345
ve1_ruo,1.38255412719336
ruo_ve1,1.38255412719337
sc3_win,1.38994562931924
win_sc3,1.38994562931928
pcd_ca2,1.39100672229863
ca2_pcd,1.39100672229865
eg1_win,1.39907440354879
win_eg1,1.3990744035488
pcd_glg,1.40040846024159
glg_pcd,1.40040846024161
pcd_ro1,1.40328321677451
ro1_pcd,1.40328321677453
eg3_win,1.40575279897952
win_eg3,1.40575279897953
lm2_rup,1.40641912769501
rup_lm2,1.40641912769503
pr2_lm1,1.40748423058336
lm1_pr2,1.40748423058337
pcd_li3,1.41649651067543
li3_pcd,1.41649651067544
fra_lm1,1.42193543382957
lm1_fra,1.42193543382959
ca3_rup,1.42431360485996
rup_ca3,1.42431360485997
li2_ruo,1.42811953377353
ruo_li2,1.42811953377353
eg4_win,1.43135743404519
win_eg4,1.4313574340452
sc4_fra,1.43677616794529
fra_sc4,1.43677616794539
ruo_sc2,1.43703050461661
sc2_ruo,1.43703050461663
pm4_ruq,1.44096316538386
lm2_ruq,1.44852205379901
ruq_lm2,1.44852205379905
ruo_eg2,1.449715009967
eg2_ruo,1.44971500996701
pcd_eg2,1.44993952878696
eg2_pcd,1.44993952878699
li3_win,1.45117901786057
win_li3,1.4511790178606
li1_win,1.45636591305261
win_li1,1.45636591305262
pcd_ro4,1.45814472806971
ro4_pcd,1.45814472806972
pm4_rup,1.4597025738228
pr2_ca3,1.46434667907299
ca3_pr2,1.464346679073
lat_lm2,1.47282642945053
lm2_lat,1.47282642945055
pcd_ca4,1.47887837682563
ca4_pcd,1.47887837682566
pm2_rup,1.47927054026372
rup_pm2,1.47927054026373
ruo_glg,1.48029995567146
glg_ruo,1.48029995567149
ruo_ve2,1.48074534338497
ve2_ruo,1.48074534338498
ro2_win,1.48207922559511
win_ro2,1.48207922559511
ruo_fur,1.48682501779943
fur_ruo,1.48682501779944
pcd_ro3,1.48708590238335
ro3_pcd,1.48708590238337
pm1_rup,1.49363700084829
rup_pm1,1.49363700084829
pr2_spa,1.49630727426342
spa_pr2,1.49630727426344
itf_pr2,1.50379189126389
pr2_itf,1.50379189126389
pcd_ca6,1.50544574257407
ca6_pcd,1.50544574257409
ruo_sro,1.50578657123892
sro_ruo,1.50578657123893
qbb_pm1,1.50606813298706
pm1_qbb,1.50606813298708
por_pr2,1.50652260676657
pr2_por,1.50652260676658
ro3_pr2,1.50760409630013
pr2_ro3,1.50760409630014
pcd_ca5,1.51237682930404
ca5_pcd,1.51237682930407
rup_ro1,1.51384511054082
ro1_rup,1.51384511054085
ruq_pm5,1.51657758080313
pm5_ruq,1.51657758080314
ruo_sc3,1.51933648565822
sc3_ruo,1.51933648565823
eg1_pr2,1.52153654544856
pr2_eg1,1.52153654544856
itg_pcd,1.52185876247158
pcd_itg,1.52185876247158
ito_win,1.52227133271448
win_ito,1.5222713327145
ruo_itf,1.52350538663735
itf_ruo,1.52350538663738
ruo_src,1.52476347534338
src_ruo,1.52476347534339
qbb_li3,1.52740706686448
li3_qbb,1.52740706686449
pcd_eg4,1.52992943961645
eg4_pcd,1.52992943961648
pr2_src,1.53074328539147
src_pr2,1.53074328539147
qbb_pm5,1.53473304644263
pm5_qbb,1.53473304644267
pcd_sc2,1.53514359992844
sc2_pcd,1.53514359992847
pm4_por,1.53567326529723
qbb_pm3,1.5449227162354
pm3_qbb,1.54492271623542
lm2_win,1.54533524676277
win_lm2,1.54533524676278
pcd_eg3,1.55491950975826
eg3_pcd,1.55491950975828
pm4_win,1.55972820192682
spa_fra,1.56457890171049
fra_spa,1.56457890171051
qbb_ruq,1.56555279636441
ruq_qbb,1.56555279636441
ron_ro3,1.56862763273699
ro3_ron,1.56862763273705
ruq_pr1,1.56907397895252
pr1_ruq,1.56907397895257
pr2_ro2,1.56992130950478
ro2_pr2,1.56992130950481
pcd_sc1,1.5710462243459
sc1_pcd,1.57104622434593
ruq_ro3,1.57184127961022
ro3_ruq,1.57184127961028
pcd_li1,1.57655789407361
li1_pcd,1.57655789407362
pm1_ruq,1.57862347803474
ruq_pm1,1.57862347803474
pcd_ito,1.57876968294932
ito_pcd,1.57876968294934
ro3_win,1.58023361567478
win_ro3,1.58023361567479
sc1_rup,1.58058189048567
rup_sc1,1.5805818904857
fro_rup,1.58668479249813
rup_fro,1.58668479249822
ll2_pr2,1.59394428489447
pr2_ll2,1.59394428489448
spa_ruq,1.59778561415507
ruq_spa,1.59778561415508
rup_pm4,1.60582611023433
lm2_pr2,1.61051440272683
pr2_lm2,1.61051440272684
fur_win,1.61247671749599
win_fur,1.612476717496
dlm_pr2,1.61516763861233
pr2_dlm,1.61516763861235
ve2_win,1.61527158190975
win_ve2,1.61527158190978
pcd_ro2,1.61781229667869
ro2_pcd,1.61781229667871
qbb_ll1,1.61930915484069
ll1_qbb,1.61930915484074
ro4_win,1.61968882087564
win_ro4,1.61968882087564
ron_li3,1.62029503514805
li3_ron,1.62029503514806
pr2_ast,1.6215957223059
ast_pr2,1.62159572230592
li2_ruq,1.62326077151815
ruq_li2,1.62326077151816
eg3_ruo,1.62336304948374
ruo_eg3,1.62336304948374
li2_pr2,1.62354356420025
pr2_li2,1.62354356420027
rup_li2,1.62481847775866
li2_rup,1.62481847775868
qbb_pm2,1.62599162972826
pm2_qbb,1.62599162972829
ruo_sc1,1.62886369006271
sc1_ruo,1.62886369006275
eg4_rup,1.6306512679651
rup_eg4,1.63065126796521
ruo_eg1,1.63103671350532
eg1_ruo,1.63103671350533
pm4_sro,1.63177928790773
pcd_ve1,1.6349437911149
ve1_pcd,1.63494379111493
ruq_ca3,1.63521786111516
ca3_ruq,1.63521786111519
lat_pm1,1.63876558321475
pm1_lat,1.63876558321477
rup_fur,1.64202264027261
fur_rup,1.64202264027262
dlm_fra,1.64350262336827
fra_dlm,1.64350262336829
pm4_fra,1.64824897518279
win_eg2,1.65611287864316
eg2_win,1.65611287864317
ruo_ve3,1.66220202542342
ve3_ruo,1.66220202542343
eg2_pr2,1.66283968606705
pr2_eg2,1.66283968606706
pm3_rup,1.66389114848409
rup_pm3,1.66389114848409
ron_fro,1.66403630798978
fro_ron,1.66403630798979
lat_li3,1.66593503304328
li3_lat,1.66593503304328
sc2_rup,1.66677769293548
rup_sc2,1.66677769293551
itg_pr2,1.67396781294851
pr2_itg,1.67396781294853
ca4_pr2,1.67442429816121
pr2_ca4,1.67442429816121
sc1_pr2,1.67456232513759
pr2_sc1,1.67456232513762
li3_pr2,1.67533551765645
pr2_li3,1.67533551765649
pcd_sc3,1.67616657660643
sc3_pcd,1.67616657660643
sc4_pr2,1.67654623989747
pr2_sc4,1.67654623989757
pr2_ca2,1.69012325942905
ca2_pr2,1.69012325942906
pr2_ca5,1.6917776549571
ca5_pr2,1.69177765495711
ro1_win,1.69996515557454
win_ro1,1.69996515557454
sc3_rup,1.7003560185878
rup_sc3,1.70035601858782
ve1_pr2,1.70198131846954
pr2_ve1,1.70198131846956
ruq_sc4,1.70273482102716
sc4_ruq,1.70273482102716
ruo_li1,1.70505484100871
li1_ruo,1.70505484100872
pr2_ca6,1.71559003967423
ca6_pr2,1.71559003967426
lat_ll1,1.71791184323744
ll1_lat,1.71791184323748
fro_ruq,1.72087143143659
ruq_fro,1.72087143143666
pcd_ve2,1.7260159649167
ve2_pcd,1.72601596491671
qbb_ca3,1.73211221591324
ca3_qbb,1.73211221591336
por_fra,1.73358908289603
fra_por,1.73358908289607
glg_pr2,1.73369526326722
pr2_glg,1.73369526326722
li2_fra,1.74064302838656
fra_li2,1.74064302838659
ve1_win,1.74778902717201
win_ve1,1.74778902717203
win_ca3,1.75031506511816
ca3_win,1.75031506511819
ca4_win,1.75310579367008
win_ca4,1.75310579367009
rup_spa,1.7538293074669
spa_rup,1.75382930746692
ruo_itg,1.75605102366317
itg_ruo,1.75605102366318
src_rup,1.75733150227532
rup_src,1.75733150227535
sc2_fra,1.76239703117901
fra_sc2,1.7623970311791
ca5_win,1.76420105024313
win_ca5,1.76420105024315
ca6_win,1.76463236153129
win_ca6,1.76463236153132
pm1_ron,1.76471440159892
ron_pm1,1.76471440159892
por_rup,1.77140841143751
rup_por,1.77140841143754
ro2_ruq,1.78113759005421
ruq_ro2,1.78113759005421
lat_pm5,1.78671964570523
pm5_lat,1.78671964570528
ron_ro2,1.7915675107296
ro2_ron,1.79156751072964
pr2_ro1,1.79963867288527
ro1_pr2,1.79963867288529
ruq_pm4,1.80263367247406
qbb_pr1,1.80480945696477
pr1_qbb,1.80480945696479
src_fra,1.80816560458314
fra_src,1.80816560458318
ve1_ruq,1.80883673040955
ruq_ve1,1.80883673040961
ruq_ast,1.80895985801178
ast_ruq,1.8089598580118
fra_eg4,1.80913053849308
eg4_fra,1.8091305384931
ve3_win,1.81352271987358
win_ve3,1.81352271987362
ca5_rup,1.81629023956366
rup_ca5,1.81629023956371
pm1_win,1.81737866092375
win_pm1,1.81737866092378
qbb_pm4,1.82065078463391
pm1_pr2,1.82284722727954
pr2_pm1,1.82284722727955
eg4_ruq,1.82383716705953
ruq_eg4,1.82383716705958
ca4_rup,1.82465284500642
rup_ca4,1.82465284500647
eg3_pr2,1.82588400581672
pr2_eg3,1.82588400581674
pm2_ruq,1.83260385540769
ruq_pm2,1.83260385540769
fra_eg1,1.83403858251646
eg1_fra,1.83403858251647
ron_lm2,1.83500653241144
lm2_ron,1.83500653241146
ca6_rup,1.83562906234725
rup_ca6,1.83562906234732
lat_pm3,1.83606550251047
pm3_lat,1.8360655025105
qbb_ro3,1.83634281972072
ro3_qbb,1.8363428197208
ron_pm5,1.83697170424031
pm5_ron,1.83697170424037
ast_fra,1.84079025048475
fra_ast,1.84079025048476
pm5_win,1.84524089625233
win_pm5,1.84524089625234
win_pm4,1.84953367275227
ca2_rup,1.85470486382201
rup_ca2,1.85470486382204
qbb_fur,1.85472936802661
fur_qbb,1.85472936802662
sro_ro3,1.85574432174684
ro3_sro,1.85574432174688
li1_pr2,1.85995365224406
pr2_li1,1.8599536522441
lat_ca3,1.8619453558606
ca3_lat,1.86194535586071
ruo_ito,1.86729320820986
ito_ruo,1.86729320820988
ca2_win,1.87085431040706
win_ca2,1.87085431040706
pr2_ca1,1.87453233795435
ca1_pr2,1.87453233795438
pcd_pm5,1.87649924085832
pm5_pcd,1.87649924085835
fra_ll1,1.87683280924555
ll1_fra,1.87683280924558
pm4_ca3,1.88037271147862
qbb_rup,1.88171088476504
rup_qbb,1.88171088476509
ruq_sc2,1.88397486345194
sc2_ruq,1.88397486345195
pm5_ast,1.88407414360194
eg4_pr2,1.88486059504654
pr2_eg4,1.88486059504656
ro4_rup,1.88612481265123
rup_ro4,1.88612481265125
lat_pm2,1.88797120828716
pm2_lat,1.88797120828719
por_ruq,1.88814882522878
ruq_por,1.88814882522878
eg2_ruq,1.88899940986469
ruq_eg2,1.88899940986469
rup_li1,1.89316436346084
li1_rup,1.89316436346085
sro_ll1,1.89414876090197
ll1_sro,1.89414876090203
ca6_fra,1.89567882700303
fra_ca6,1.89567882700303
eg3_rup,1.89583202556893
rup_eg3,1.895832025569
sro_ro2,1.90104447779052
ro2_sro,1.90104447779054
ito_pr2,1.90220164109934
pr2_ito,1.90220164109937
fra_eg2,1.90361362235369
eg2_fra,1.90361362235373
fur_pr2,1.90473448325372
pr2_fur,1.90473448325376
pm4_fro,1.90525642742897
pm5_ca1,1.90639395525412
pcd_ve3,1.90691595108133
ve3_pcd,1.90691595108135
sc3_fra,1.90809311944525
fra_sc3,1.90809311944536
ve1_rup,1.9109630678368
rup_ve1,1.91096306783685
pm3_ruq,1.9114449384851
ruq_pm3,1.9114449384851
fra_ca5,1.91291344928475
ca5_fra,1.91291344928479
pm3_win,1.91534235086227
win_pm3,1.91534235086228
fra_ca4,1.91912829177799
ca4_fra,1.91912829177803
fro_lm1,1.92143223487743
lm1_fro,1.92143223487745
fra_fur,1.9222763546044
fur_fra,1.92227635460443
ruq_ro1,1.92469534634331
ro1_ruq,1.92469534634333
ll1_ron,1.92490198310318
ron_ll1,1.92490198310318
ve2_pr2,1.92771707767998
pr2_ve2,1.92771707768002
eg2_rup,1.93066964877922
rup_eg2,1.93066964877924
ca2_fra,1.93518904985429
fra_ca2,1.93518904985433
ruq_itf,1.93656137545301
itf_ruq,1.93656137545306
sro_rup,1.93702281033596
rup_sro,1.937022810336
pm2_win,1.93801369740239
win_pm2,1.93801369740241
fra_eg3,1.93841688214065
eg3_fra,1.93841688214066
ro4_pr2,1.93874306592895
pr2_ro4,1.93874306592897
fro_qbb,1.93896324982053
qbb_fro,1.93896324982059
pcd_pm1,1.94056482437805
pm1_pcd,1.94056482437808
fra_ca3,1.94069296020063
ca3_fra,1.94069296020067
pr2_pm4,1.94096794224982
nea_pcd,1.94248810120192
pcd_nea,1.94248810120204
pcd_pm4,1.94454094313337
ruq_sro,1.94539754840876
sro_ruq,1.94539754840878
ll2_ron,1.94733121735016
ron_ll2,1.94733121735017
ll1_pr2,1.949262135251
pr2_ll1,1.94926213525101
fra_glg,1.94959000308584
glg_fra,1.94959000308584
itg_fra,1.96031630453943
fra_itg,1.96031630453948
lm2_sro,1.96517684804621
sro_lm2,1.96517684804623
pcd_pm3,1.96976835063739
pm3_pcd,1.96976835063742
sro_lm1,1.97467034716501
lm1_sro,1.97467034716504
lm2_fra,1.97571643938525
fra_lm2,1.97571643938526
pm1_sro,1.97879206603333
sro_pm1,1.97879206603334
lat_rup,1.97915140500218
rup_lat,1.97915140500224
fra_ro2,1.98279648595303
ro2_fra,1.98279648595307
ruq_ca2,1.98400988039083
ca2_ruq,1.9840098803909
pcd_pr2,1.98997912038149
pr2_pcd,1.98997912038151
qbb_ro2,1.99264767942217
ro2_qbb,1.99264767942219
li1_ruq,1.99795804179592
ruq_li1,1.99795804179595
sc2_pr2,1.99810064664935
pr2_sc2,1.99810064664937
lat_ro3,2.00162027546852
ro3_lat,2.00162027546858
ruq_ca6,2.00173073880908
ca6_ruq,2.0017307388091
eg1_ruq,2.00181654862787
ruq_eg1,2.00181654862797
ron_ast,2.00499449902011
ast_ron,2.00499449902013
ruq_sc3,2.00671705542379
sc3_ruq,2.00671705542381
ron_sc4,2.00702511314028
sc4_ron,2.0070251131403
ruo_nea,2.00777444740141
nea_ruo,2.00777444740148
ron_pm3,2.01050797682452
pm3_ron,2.01050797682453
ron_pr1,2.01266890504781
pr1_ron,2.01266890504785
ita_win,2.01455488319023
win_ita,2.0145548831903
ve2_rup,2.01993944363421
rup_ve2,2.01993944363429
pm4_src,2.02480202001729
ron_ca5,2.02507070105171
ca5_ron,2.02507070105174
ita_pcd,2.02877564272733
pcd_ita,2.02877564272733
lat_pm4,2.02964342157356
qbb_ca1,2.03190969721826
ca1_qbb,2.03190969721835
ruq_ca4,2.03207374453192
ca4_ruq,2.03207374453196
pcd_pm2,2.03710874072017
pm2_pcd,2.03710874072021
fra_ro3,2.03798699347505
ro3_fra,2.0379869934751
ve3_pr2,2.03928725804899
pr2_ve3,2.03928725804902
nea_pr2,2.04385919343977
pr2_nea,2.04385919343989
rup_itf,2.04899151589801
itf_rup,2.04899151589804
lat_fur,2.05066085505081
fur_lat,2.05066085505083
pm3_pr2,2.05213721483792
pr2_pm3,2.05213721483793
spa_ro3,2.05314762065591
ro3_spa,2.05314762065594
ast_lm1,2.05620429971565
lm1_ast,2.05620429971568
ron_pm2,2.05727791717492
pm2_ron,2.05727791717494
pm2_pr2,2.06448435193052
pr2_pm2,2.06448435193053
li3_sro,2.06642373260767
sro_li3,2.0664237326077
eg4_ron,2.08512836201654
ron_eg4,2.08512836201655
pr2_win,2.08610529046312
win_pr2,2.08610529046312
ron_pm4,2.08817136349772
lm1_ro3,2.09450150044408
ro3_lm1,2.09450150044408
ca3_ll1,2.09605870294127
ll1_ca3,2.09605870294127
ruq_ca5,2.09776640276663
ca5_ruq,2.09776640276667
fra_ll2,2.10013244040723
ll2_fra,2.10013244040723
pm4_glg,2.10137186547843
lm1_spa,2.10327377922435
spa_lm1,2.10327377922435
fra_ve2,2.10348539560316
ve2_fra,2.10348539560318
fro_lat,2.10576483489868
lat_fro,2.1057648348987
dlm_lm1,2.10669668136567
lm1_dlm,2.10669668136571
lat_pr1,2.11942335405543
pr1_lat,2.11942335405544
qbb_eg4,2.12007039740376
eg4_qbb,2.1200703974038
pm5_pr2,2.12296357923003
pr2_pm5,2.12296357923004
li2_ron,2.12353443704908
ron_li2,2.12353443704908
ve1_fra,2.12396825578804
fra_ve1,2.12396825578808
pcd_fro,2.12430228834726
fro_pcd,2.12430228834727
pm4_ron,2.12583928129087
sro_fur,2.12726777707802
fur_sro,2.12726777707805
pm1_spa,2.13693452955901
spa_pm1,2.13693452955903
pm4_qbb,2.13837375403729
fra_pm1,2.1413990160363
pm1_fra,2.14139901603631
fra_ro4,2.14652399994763
ro4_fra,2.14652399994768
glg_lm1,2.14665886385667
lm1_glg,2.14665886385669
sc3_pr2,2.14793912586373
pr2_sc3,2.14793912586376
qbb_ro1,2.15025485312676
ro1_qbb,2.15025485312686
glg_rup,2.15143789791904
rup_glg,2.15143789791904
ruq_sc1,2.15199185110875
sc1_ruq,2.15199185110877
fur_ron,2.15214892697888
ron_fur,2.1521489269789
ron_ca2,2.15309037714183
ca2_ron,2.15309037714187
ruq_src,2.15326390284216
src_ruq,2.15326390284216
pm4_pr2,2.15453346683953
pr1_lm1,2.15743363719563
lm1_pr1,2.15743363719566
qbb_li1,2.15998535327434
li1_qbb,2.15998535327436
ron_spa,2.16095654523284
spa_ron,2.16095654523285
eg1_rup,2.16481324707374
rup_eg1,2.16481324707386
pm4_lat,2.16715321211672
qbb_ro4,2.16823935520229
ro4_qbb,2.16823935520237
fra_ve3,2.17032166449282
ve3_fra,2.17032166449285
li1_fra,2.17392405124143
fra_li1,2.17392405124148
ron_ro4,2.17690157020214
ro4_ron,2.1769015702022
ron_ca4,2.17869852199014
ca4_ron,2.17869852199019
lm2_src,2.18376582155663
src_lm2,2.18376582155663
ve3_rup,2.18378649129951
rup_ve3,2.1837864912996
qbb_li2,2.18822753656413
li2_qbb,2.18822753656416
ruo_ita,2.18918085098638
ita_ruo,2.18918085098639
pm4_spa,2.19314554357361
win_ca1,2.20166701864313
ca1_win,2.2016670186432
dlm_ca3,2.20266904985666
ca3_dlm,2.20266904985671
ron_ca6,2.20276885450686
ca6_ron,2.20276885450692
eg3_ruq,2.20702205499302
ruq_eg3,2.20702205499306
fro_sro,2.20820186317962
sro_fro,2.20820186317969
li3_fra,2.20913542463789
fra_li3,2.2091354246379
li1_sro,2.21058691215867
sro_li1,2.21058691215867
ito_fra,2.21083078622048
fra_ito,2.21083078622052
ron_ro1,2.2151409522131
ro1_ron,2.21514095221316
lm1_ro2,2.21523549332229
ro2_lm1,2.21523549332229
pm3_sro,2.21532466569605
sro_pm3,2.21532466569605
rup_nea,2.21921651297603
nea_rup,2.21921651297608
pcd_pr1,2.22197061781533
pr1_pcd,2.22197061781536
pm2_sro,2.22850775688351
sro_pm2,2.22850775688353
sro_ro1,2.22971859987137
ro1_sro,2.22971859987144
lat_ro2,2.23077106875824
ro2_lat,2.23077106875828
eg1_qbb,2.23158919931926
qbb_eg1,2.23158919931926
lat_eg4,2.23581191317393
eg4_lat,2.23581191317397
fro_itf,2.23704720700381
itf_fro,2.23704720700385
eg1_ro3,2.24465344621704
ro3_eg1,2.24465344621709
sro_pr1,2.24737732128336
pr1_sro,2.24737732128337
pm4_ca2,2.25352682294618
ruq_fur,2.25493137727741
fur_ruq,2.25493137727743
ve3_ruq,2.25768060967717
ruq_ve3,2.25768060967724
ro4_lm1,2.25983442751872
lm1_ro4,2.25983442751873
lm2_spa,2.26018672327949
spa_lm2,2.26018672327951
ron_ca3,2.26164772641845
ca3_ron,2.26164772641851
ruq_ro4,2.26375859672071
ro4_ruq,2.26375859672075
qbb_ron,2.26918275775981
ron_qbb,2.26918275775983
lat_li1,2.27349188846428
li1_lat,2.27349188846428
ve2_ruq,2.27374940095302
ruq_ve2,2.27374940095308
sro_ca3,2.27645493663083
ca3_sro,2.27645493663086
sro_pm4,2.28110193999854
src_lm1,2.28259055325385
lm1_src,2.28259055325387
lat_li2,2.284973165225
li2_lat,2.28497316522502
ruq_ca1,2.28548260442155
ca1_ruq,2.28548260442159
pm4_pcd,2.28780057736672
qbb_eg2,2.29130850976006
eg2_qbb,2.29130850976009
pm4_dlm,2.29240746924897
dlm_li3,2.2944061240286
li3_dlm,2.29440612402862
ca1_fra,2.296647007978
fra_ca1,2.296647007978
fro_pr2,2.30068103073639
pr2_fro,2.30068103073642
qbb_ca5,2.30201311644814
ca5_qbb,2.30201311644819
ron_glg,2.30467961930555
glg_ron,2.30467961930559
lat_eg1,2.31387669098505
eg1_lat,2.31387669098508
qbb_ca6,2.32234779160232
ca6_qbb,2.3223477916024
ita_pr2,2.32817446198046
pr2_ita,2.32817446198049
pm3_spa,2.32824438013719
spa_pm3,2.32824438013721
lm2_ca3,2.32827562200715
ca3_lm2,2.32827562200723
eg1_fro,2.33536568864499
fro_eg1,2.33536568864499
eg3_ron,2.34664523168246
ron_eg3,2.34664523168246
eg1_pr1,2.34712456619159
pr1_eg1,2.34712456619161
pm4_ro2,2.34825141630348
eg2_ron,2.3490433188286
ron_eg2,2.3490433188286
lat_ca5,2.35048515991446
ca5_lat,2.35048515991452
ruq_glg,2.3547724817869
glg_ruq,2.35477248178692
pm4_ca4,2.35738385422584
li3_ca4,2.35806671383847
ca4_li3,2.35806671383851
lat_eg2,2.35944473162312
eg2_lat,2.35944473162315
lat_ca6,2.36034121094849
ca6_lat,2.36034121094856
ca3_li3,2.36857242136173
li3_ca3,2.36857242136175
lat_ca1,2.37603024522019
ca1_lat,2.3760302452203
pm2_spa,2.37925295434984
spa_pm2,2.37925295434986
nea_fra,2.37927451517033
fra_nea,2.37927451517054
li3_spa,2.38230659317401
spa_li3,2.38230659317408
lat_ro4,2.38416461236829
ro4_lat,2.38416461236837
src_ca3,2.38483244011546
ca3_src,2.38483244011548
ron_ve2,2.38483971556507
ve2_ron,2.38483971556507
lat_ro1,2.38700310305203
ro1_lat,2.38700310305212
ca4_lm1,2.38892912854764
lm1_ca4,2.38892912854766
ca3_ro3,2.38894145459339
ro3_ca3,2.38894145459339
pr1_pr2,2.39118010936226
pr2_pr1,2.39118010936228
ron_ve1,2.39305186319037
ve1_ron,2.39305186319037
fro_nea,2.39809637494933
nea_fro,2.39809637494935
lm2_fro,2.39831010937817
fro_lm2,2.3983101093782
li2_fro,2.40060687511282
fro_li2,2.40060687511284
pr1_spa,2.40069881202916
spa_pr1,2.4006988120292
fro_pm1,2.40232020741097
pm1_fro,2.40232020741097
pm4_ca1,2.40775308128814
qbb_ca4,2.41280330288147
ca4_qbb,2.41280330288155
dlm_pr1,2.42386817606818
pr1_dlm,2.42386817606818
dlm_qbb,2.42877313023171
qbb_dlm,2.42877313023171
src_ron,2.43293151857179
ron_src,2.4329315185718
pr1_win,2.43453894718661
win_pr1,2.43453894718662
ll1_ca4,2.43508504665949
ca4_ll1,2.43508504665951
li2_ro3,2.4363862160955
ro3_li2,2.4363862160955
sro_pm5,2.43649598898982
pm5_sro,2.43649598898986
qbb_ast,2.438321313503
ast_qbb,2.43832131350308
qbb_eg3,2.43866836350229
eg3_qbb,2.43866836350234
qbb_ll2,2.44079793336029
ll2_qbb,2.44079793336034
rup_itg,2.44455444612615
itg_rup,2.44455444612618
fra_pm4,2.44487007901676
li3_ca6,2.44979646012541
ca6_li3,2.44979646012543
li1_ron,2.45117859419335
ron_li1,2.45117859419336
lm1_ca3,2.45161595861035
ca3_lm1,2.45161595861037
fra_ro1,2.45265433297211
ro1_fra,2.45265433297214
lm1_ca2,2.45337846505585
ca2_lm1,2.45337846505586
lat_ca4,2.45388639639552
ca4_lat,2.4538863963956
nea_win,2.45880171587332
win_nea,2.45880171587342
spa_pm4,2.46410698174878
ca6_lm1,2.46801590535439
lm1_ca6,2.46801590535441
eg1_ro2,2.46895399197416
ro2_eg1,2.46895399197422
itf_ro3,2.4690151763187
ro3_itf,2.4690151763187
lm2_ca6,2.47077397856169
ca6_lm2,2.47077397856171
lat_eg3,2.47098492349169
eg3_lat,2.47098492349172
ast_lm2,2.47402712381971
lm2_ast,2.47402712381972
dlm_glg,2.47878930491934
glg_dlm,2.47878930491938
itg_ruq,2.4836051970501
ruq_itg,2.48360519705013
ron_sc2,2.48648953722631
sc2_ron,2.48648953722633
ast_pm1,2.4975169892386
pm1_ast,2.4975169892386
eg1_spa,2.4979228783059
spa_eg1,2.49792287830598
pm1_ca3,2.49812916046357
ca3_pm1,2.49812916046361
spa_ro2,2.50281976169118
ro2_spa,2.5028197616912
pm4_ca5,2.50374413171846
li3_pr1,2.50381002698543
pr1_li3,2.50381002698545
ro2_src,2.50392864939395
src_ro2,2.503928649394
ca5_pm1,2.50408555535846
pm1_ca5,2.50408555535846
ca5_lm1,2.50736161339071
lm1_ca5,2.50736161339074
ro2_itf,2.50790858798104
itf_ro2,2.50790858798106
por_ro3,2.51451789821835
ro3_por,2.51451789821838
pr1_itf,2.51614059352009
itf_pr1,2.5161405935201
glg_ro3,2.5181866927919
ro3_glg,2.51818669279194
dlm_spa,2.51881603756909
spa_dlm,2.51881603756913
li3_ca5,2.51899258739631
ca5_li3,2.51899258739636
li3_src,2.52027830387646
src_li3,2.52027830387646
qbb_spa,2.52292887218848
spa_qbb,2.52292887218856
ll2_sro,2.52969884332325
sro_ll2,2.5296988433233
fra_pm5,2.52984184561345
pm5_fra,2.52984184561347
ron_sc3,2.5332685212229
sc3_ron,2.53326852122292
fro_li3,2.53341930410503
li3_fro,2.53341930410507
ca4_lm2,2.53355119843217
lm2_ca4,2.53355119843217
li2_sro,2.53413792618027
sro_li2,2.53413792618027
li2_pr1,2.53601820735431
pr1_li2,2.53601820735431
fro_win,2.5361114693821
win_fro,2.53611146938213
qbb_ca2,2.54724115222066
ca2_qbb,2.54724115222076
spa_ro1,2.54833254211624
ro1_spa,2.54833254211628
lm2_ca2,2.54874836357657
ca2_lm2,2.54874836357658
fra_pm3,2.55082171503177
pm3_fra,2.55082171503179
ca3_ro2,2.55101596102549
ro2_ca3,2.55101596102549
lat_ron,2.5528362781623
ron_lat,2.5528362781623
li3_ast,2.56425328577024
ast_li3,2.56425328577031
ron_itf,2.56733615619946
itf_ron,2.5673361561995
lm2_ca5,2.5673509496808
ca5_lm2,2.56735094968081
eg1_ron,2.56802995867126
ron_eg1,2.56802995867133
pm4_fur,2.56980183907548
glg_pm1,2.57020586366148
pm1_glg,2.57020586366148
lat_ca2,2.57973422480846
ca2_lat,2.57973422480854
fur_pm1,2.58054810780887
pm1_fur,2.5805481078089
pr1_ve1,2.58117104209606
ve1_pr1,2.58117104209607
ro4_spa,2.58160586057775
spa_ro4,2.58160586057775
ca2_ro3,2.58371439596568
ro3_ca2,2.58371439596575
ca4_pm1,2.58462021417906
pm1_ca4,2.58462021417906
li3_ca2,2.58515108745767
ca2_li3,2.58515108745771
pm1_ca2,2.58652942735387
ca2_pm1,2.58652942735389
ro2_ast,2.58687659215415
ast_ro2,2.58687659215417
ca6_ro3,2.5873488423528
ro3_ca6,2.5873488423528
ca4_pm2,2.58772645516421
pm2_ca4,2.58772645516421
pm1_ca6,2.58776971594607
ca6_pm1,2.58776971594609
fro_pm5,2.59376078399681
pm5_fro,2.59376078399687
pm3_ca4,2.59427498886599
ca4_pm3,2.59427498886601
ca5_ro3,2.59595081359639
ro3_ca5,2.59595081359641
fra_pm2,2.59878239668519
pm2_fra,2.59878239668522
eg2_fro,2.60230547923327
fro_eg2,2.60230547923327
lat_ll2,2.60350190488233
ll2_lat,2.60350190488233
por_ron,2.60398244873451
ron_por,2.60398244873458
ron_ca1,2.60606058710093
ca1_ron,2.60606058710104
ca4_ro3,2.61515432671796
ro3_ca4,2.61515432671798
lm2_glg,2.62065226650539
glg_lm2,2.62065226650541
ca1_ll1,2.62286874979189
ll1_ca1,2.62286874979189
glg_pm2,2.62580259452749
pm2_glg,2.62580259452749
ro2_por,2.62654531664092
por_ro2,2.62654531664094
ro3_src,2.62727123438342
src_ro3,2.62727123438345
ita_fra,2.62981416666438
fra_ita,2.62981416666447
fur_lm1,2.6333408678111
lm1_fur,2.63334086781114
pm2_ca2,2.6346788119445
ca2_pm2,2.63467881194452
sro_ro4,2.63651634101519
ro4_sro,2.63651634101522
ll1_ca5,2.64084282904226
ca5_ll1,2.6408428290423
li3_ro3,2.64118895761597
ro3_li3,2.641188957616
ito_rup,2.64226355917988
rup_ito,2.64226355917988
fro_spa,2.64682912710429
spa_fro,2.64682912710433
sc1_pr1,2.64807590538782
pr1_sc1,2.64807590538786
sro_ast,2.64925651933239
ast_sro,2.64925651933242
dlm_pm5,2.65017296663109
pm5_dlm,2.65017296663111
ast_ro3,2.65197032136763
ro3_ast,2.65197032136766
ll1_ca2,2.65272806388547
ca2_ll1,2.65272806388549
glg_pm4,2.6527653742745
por_lm1,2.65655865762236
lm1_por,2.6565586576224
ca6_pm2,2.6583057297874
pm2_ca6,2.6583057297874
fur_glg,2.66066499033992
glg_fur,2.66066499033994
li3_ro2,2.66623704072847
ro2_li3,2.66623704072847
ron_sc1,2.66644067142896
sc1_ron,2.66644067142902
sc4_qbb,2.6703673678067
qbb_sc4,2.67036736780672
pm1_por,2.67062231892404
por_pm1,2.67062231892404
pm1_src,2.67257141652068
src_pm1,2.67257141652068
pcd_win,2.67299771525633
win_pcd,2.67299771525639
ast_fro,2.67314778859085
fro_ast,2.67314778859085
pm2_ast,2.67900034891308
ast_pm2,2.6790003489131
ll1_glg,2.68082269306386
glg_ll1,2.6808226930639
li2_ro2,2.68411464814471
ro2_li2,2.68411464814471
eg1_ast,2.68434332577245
ast_eg1,2.68434332577251
ca6_ro2,2.68575941882123
ro2_ca6,2.68575941882125
pm2_ca5,2.69226488149487
ca5_pm2,2.69226488149489
dlm_ca6,2.69255067686775
ca6_dlm,2.69255067686777
itg_fro,2.69597106202425
fro_itg,2.69597106202427
fur_spa,2.6978387771777
spa_fur,2.69783877717772
glg_pm3,2.69928032710392
pm3_glg,2.69928032710392
pr1_src,2.70039717230934
src_pr1,2.70039717230934
ca3_pm4,2.70345867704461
ll2_lm1,2.70597562844279
lm1_ll2,2.70597562844284
lat_dlm,2.70716652227754
dlm_lat,2.70716652227757
qbb_ve2,2.70804805781376
ve2_qbb,2.70804805781379
sc1_lm1,2.70828743576862
lm1_sc1,2.7082874357687
fro_sc4,2.71019744781249
sc4_fro,2.71019744781249
lat_spa,2.71056923836586
spa_lat,2.71056923836597
pm2_ca3,2.71177049735843
ca3_pm2,2.71177049735845
lat_ast,2.71662128484351
ast_lat,2.71662128484362
lat_ve2,2.7200991708927
ve2_lat,2.72009917089274
sc4_ca3,2.72117370204931
ca3_sc4,2.72117370204934
ll1_ca6,2.72148661369192
ca6_ll1,2.72148661369196
li2_ca3,2.72159079677827
ca3_li2,2.7215907967783
pr1_eg4,2.72186203529757
eg4_pr1,2.72186203529759
ca4_pm4,2.72301477437297
eg3_fro,2.72708059096321
fro_eg3,2.72708059096321
ast_pm5,2.73236865674596
por_li3,2.73657778943505
li3_por,2.73657778943508
spa_pm5,2.73716482762347
pm5_spa,2.73716482762352
pr1_eg2,2.73899987520658
eg2_pr1,2.73899987520661
pm3_ca5,2.73991268235716
ca5_pm3,2.7399126823572
ast_pm4,2.74181045824854
ve1_ro3,2.74393468245398
ro3_ve1,2.74393468245408
ll2_ca2,2.75128144986344
ca2_ll2,2.75128144986346
pm3_ast,2.75155995910737
ast_pm3,2.75155995910739
li1_fro,2.75492238068456
fro_li1,2.75492238068459
pr1_lm2,2.75560094831833
lm2_pr1,2.75560094831835
pm3_ca2,2.75715249989858
ca2_pm3,2.7571524998986
src_pm5,2.75888342929466
pm5_src,2.75888342929476
eg2_ro3,2.76043606451594
ro3_eg2,2.76043606451596
ro4_ast,2.76208859447999
ast_ro4,2.76208859448007
glg_ll2,2.7643508879504
ll2_glg,2.76435088795041
ro1_ca3,2.7655744600273
ca3_ro1,2.76557446002732
nea_ro3,2.76672420001725
ro3_nea,2.76672420001729
ll2_src,2.76714401797346
src_ll2,2.76714401797346
pr1_eg3,2.76826966826324
eg3_pr1,2.76826966826326
ro2_pm4,2.77026780118856
qbb_ve3,2.7708671702756
ve3_qbb,2.77086717027565
sc1_qbb,2.77112968294704
qbb_sc1,2.77112968294706
pm4_sc1,2.77122105212689
eg4_ro3,2.77196777357667
ro3_eg4,2.77196777357669
ll2_spa,2.77310409050934
spa_ll2,2.77310409050936
li2_dlm,2.77346959363252
dlm_li2,2.77346959363256
ca5_ro2,2.77368526480637
ro2_ca5,2.77368526480639
pm3_ca6,2.77661560524182
ca6_pm3,2.77661560524184
ro4_ca3,2.77739061095334
ca3_ro4,2.77739061095336
pm3_ca3,2.78004295430257
ca3_pm3,2.78004295430259
fro_fur,2.78090693726225
fur_fro,2.78090693726225
pr1_itg,2.78134295859408
itg_pr1,2.7813429585941
itf_ro1,2.78191680292897
ro1_itf,2.78191680292897
pm1_pr1,2.7832636260045
pr1_pm1,2.78326362600452
itf_ro4,2.78366334172985
ro4_itf,2.78366334172985
dlm_ca5,2.7869245126968
ca5_dlm,2.78692451269682
glg_pm5,2.78729298638418
pm5_glg,2.7872929863842
ca1_lm1,2.78931751263641
lm1_ca1,2.78931751263641
fro_pm4,2.79015871628253
fur_ro3,2.79079035099545
ro3_fur,2.79079035099547
ca1_pm1,2.79105831104295
pm1_ca1,2.79105831104295
dlm_ast,2.79333173187719
ast_dlm,2.79333173187722
eg1_ro4,2.79438586146885
ro4_eg1,2.79438586146891
ca4_ro2,2.79512009909729
ro2_ca4,2.79512009909731
ll1_spa,2.79870930373742
spa_ll1,2.7987093037375
ro3_pm4,2.79982209004821
fro_sc2,2.80012913630057
sc2_fro,2.80012913630066
li1_ro3,2.80012995162511
ro3_li1,2.80012995162513
fra_pr2,2.8027255311224
pr2_fra,2.80272553112246
li3_fur,2.80393424439724
fur_li3,2.80393424439726
ve3_ron,2.80708145721976
ron_ve3,2.80708145721979
ll2_fro,2.80777674373452
fro_ll2,2.80777674373456
src_li2,2.80808102501405
li2_src,2.80808102501406
src_ll1,2.80960194010973
ll1_src,2.80960194010979
ll1_por,2.81031331960303
por_ll1,2.81031331960303
ll2_ca3,2.81093946925794
ca3_ll2,2.81093946925796
sro_ca5,2.81206716265772
ca5_sro,2.81206716265775
fro_pm2,2.81229435133384
pm2_fro,2.81229435133386
glg_ro2,2.81380622068708
ro2_glg,2.81380622068713
fro_pm3,2.81491235342362
pm3_fro,2.81491235342362
dlm_ca2,2.81507777631787
ca2_dlm,2.8150777763179
eg4_fro,2.81563679677973
fro_eg4,2.81563679677973
ro2_ca2,2.82481144643527
ca2_ro2,2.8248114464353
src_ca2,2.82512805782305
ca2_src,2.8251280578231
por_ro1,2.82738139615963
ro1_por,2.82738139615966
lm2_dlm,2.82791367804113
dlm_lm2,2.82791367804115
src_ast,2.82830175980294
ast_src,2.82830175980295
eg3_ro3,2.82852330080199
ro3_eg3,2.82852330080201
sro_dlm,2.82922396733176
dlm_sro,2.8292239673318
sro_spa,2.83259517724707
spa_sro,2.83259517724712
ll1_pm1,2.83348916340707
pm1_ll1,2.83348916340707
pm1_lm1,2.83596536796846
lm1_pm1,2.8359653679685
ca4_li2,2.83661567764311
li2_ca4,2.83661567764313
ca4_sro,2.8373289039195
sro_ca4,2.8373289039195
por_pm3,2.83856451417202
pm3_por,2.83856451417205
sc4_ro2,2.83930439873476
ro2_sc4,2.83930439873482
eg1_ro1,2.84068926633953
ro1_eg1,2.8406892663396
ca2_pm4,2.84093674422144
fur_ro2,2.84119899838347
ro2_fur,2.84119899838347
fro_src,2.84372288047232
src_fro,2.84372288047235
eg1_ca3,2.84606191480679
ca3_eg1,2.84606191480692
ito_ruq,2.84638786442212
ruq_ito,2.84638786442215
pm3_ro2,2.84729489068263
ro2_pm3,2.84729489068265
ca3_fur,2.8484034712618
fur_ca3,2.8484034712618
li1_ca3,2.84884012872895
ca3_li1,2.848840128729
qbb_ve1,2.85020290852687
ve1_qbb,2.85020290852691
lm1_ro1,2.85052193295073
ro1_lm1,2.85052193295075
pm4_pr1,2.85087566894205
pm2_pr1,2.85100763406639
pr1_pm2,2.8510076340664
sc4_pr1,2.85294125765828
pr1_sc4,2.85294125765832
ll2_pr1,2.85353002874768
pr1_ll2,2.85353002874768
src_spa,2.85368528055088
spa_src,2.85368528055092
li3_ro4,2.85512656052442
ro4_li3,2.85512656052445
ca6_eg1,2.85685640602513
eg1_ca6,2.85685640602513
ca4_eg1,2.85833256116127
eg1_ca4,2.85833256116127
ll1_pr1,2.86090171474817
pr1_ll1,2.86090171474817
pm1_dlm,2.86370263319554
dlm_pm1,2.86370263319556
fro_ro3,2.86397884378154
ro3_fro,2.86397884378158
ve1_fro,2.86498057967712
fro_ve1,2.86498057967714
ca5_pm4,2.86714215262446
fur_ca5,2.87060153787939
ca5_fur,2.87060153787941
src_ca5,2.87070530773653
ca5_src,2.87070530773655
eg1_glg,2.87148964647035
glg_eg1,2.87148964647037
fur_ca4,2.87160952960105
ca4_fur,2.87160952960107
ast_ro1,2.87771097695046
ro1_ast,2.87771097695046
fur_src,2.88169490846095
src_fur,2.88169490846095
ca4_ro1,2.88460752089781
ro1_ca4,2.88460752089784
ca2_li2,2.88579297754629
li2_ca2,2.88579297754629
qbb_glg,2.88734375608158
glg_qbb,2.88734375608167
ll2_ca5,2.88831301448151
ca5_ll2,2.88831301448153
ca5_eg1,2.89106048003884
eg1_ca5,2.89106048003884
dlm_eg1,2.89551656783541
eg1_dlm,2.89551656783541
dlm_ca1,2.89592424260163
ca1_dlm,2.89592424260167
fur_pm3,2.89642426108358
pm3_fur,2.89642426108359
fro_dlm,2.89754179510393
dlm_fro,2.89754179510398
eg4_dlm,2.89912142632457
dlm_eg4,2.89912142632461
ca4_ll2,2.89953248281843
ll2_ca4,2.89953248281843
ito_lm1,2.90066961374439
lm1_ito,2.90066961374444
pm3_src,2.9031705142032
src_pm3,2.9031705142032
ca6_pm4,2.90470298339725
ca6_li2,2.90493423473436
li2_ca6,2.90493423473436
ve2_fro,2.90525179532974
fro_ve2,2.90525179532976
pr1_pm5,2.90676482052889
pm5_pr1,2.90676482052891
sro_eg2,2.90728815127784
eg2_sro,2.90728815127786
lm2_sc2,2.90796860154413
sc2_lm2,2.90796860154413
fur_pm2,2.90982140963017
pm2_fur,2.90982140963019
li1_src,2.91049143946265
src_li1,2.91049143946265
sro_ca6,2.91100722990851
ca6_sro,2.91100722990857
ll1_lm1,2.9139928046461
lm1_ll1,2.9139928046461
pm2_ro2,2.91845271898756
ro2_pm2,2.91845271898756
li2_ast,2.91894230133068
ast_li2,2.91894230133072
itf_sro,2.92149084987677
sro_itf,2.92149084987677
glg_fro,2.92317514931384
fro_glg,2.92317514931386
ca1_ro3,2.92640113358208
ro3_ca1,2.92640113358212
dlm_sc4,2.92718102953996
sc4_dlm,2.92718102953999
ca5_li2,2.92757772177063
li2_ca5,2.92757772177063
eg2_ca3,2.92824776331907
ca3_eg2,2.92824776331909
ro2_sc1,2.93144540225402
sc1_ro2,2.93144540225402
src_pm4,2.93201868620163
pr1_ito,2.93389324177286
ito_pr1,2.93389324177288
ro4_dlm,2.93602584809844
dlm_ro4,2.93602584809846
ca6_ro1,2.93617776046029
ro1_ca6,2.93617776046034
ro4_fur,2.93620402803599
fur_ro4,2.93620402803601
li2_spa,2.93725699226977
spa_li2,2.93725699226981
fur_lm2,2.93826385029151
lm2_fur,2.93826385029153
itf_ast,2.93876594454299
ast_itf,2.93876594454301
ca5_ro1,2.93952603201574
ro1_ca5,2.93952603201576
pm1_ro2,2.94138042776595
ro2_pm1,2.94138042776597
pm3_pr1,2.94172583850815
pr1_pm3,2.94172583850817
eg4_ro2,2.94271855173605
ro2_eg4,2.94271855173607
eg4_spa,2.94281427491121
spa_eg4,2.94281427491123
fur_pm4,2.94289415930141
ll1_ro3,2.94388296589842
ro3_ll1,2.94388296589846
lm1_sc2,2.9453361039047
sc2_lm1,2.9453361039047
ca3_pm5,2.94623644808229
pm5_ca3,2.94623644808231
eg3_sro,2.94637663370272
sro_eg3,2.94637663370272
pr1_pm4,2.95129247659492
ve3_ca3,2.95223647346048
ca3_ve3,2.95223647346053
ro1_src,2.9537003821575
src_ro1,2.9537003821575
qbb_itf,2.95424415215448
itf_qbb,2.95424415215453
li1_ro2,2.95585857811752
ro2_li1,2.95585857811757
ca6_pm5,2.95810106248157
pm5_ca6,2.9581010624816
qbb_sro,2.9589127813081
sro_qbb,2.95891278130817
pm3_ro3,2.95930412988608
ro3_pm3,2.9593041298861
pm4_ro3,2.95972154051202
dlm_ro3,2.96006432832094
ro3_dlm,2.96006432832096
dlm_ll1,2.9606153820873
ll1_dlm,2.96061538208736
ast_ll2,2.96195186904883
ll2_ast,2.96195186904885
ll1_fro,2.96424756693238
fro_ll1,2.96424756693243
ca3_itf,2.96505229429571
itf_ca3,2.96505229429574
pm2_src,2.9660749392608
src_pm2,2.9660749392608
fur_ca2,2.9680710194365
ca2_fur,2.96807101943654
pm1_ro1,2.96954172903649
ro1_pm1,2.96954172903649
li1_pr1,2.96978897596198
pr1_li1,2.96978897596199
ll2_pm1,2.97062908743176
pm1_ll2,2.97062908743176
lat_sro,2.97135859474545
sro_lat,2.97135859474555
eg3_dlm,2.97298433896226
dlm_eg3,2.97298433896228
eg1_sro,2.97334416643437
sro_eg1,2.97334416643452
ron_sro,2.97599771552316
sro_ron,2.97599771552316
itf_spa,2.97719085714535
spa_itf,2.97719085714537
ve2_ro3,2.97840314054251
ro3_ve2,2.97840314054258
fur_li2,2.9802169632637
li2_fur,2.9802169632637
eg2_ro2,2.98184154429503
ro2_eg2,2.98184154429503
lat_itf,2.98280624260622
itf_lat,2.98280624260626
eg1_ca2,2.98500708332073
ca2_eg1,2.9850070833208
nea_ruq,2.9900162660728
ruq_nea,2.9900162660728
pm2_por,2.99042900948386
por_pm2,2.99042900948386
ro4_pm4,2.99048330608353
ca4_pm5,2.99347574488574
pm5_ca4,2.99347574488576
li1_ca4,2.99357415522704
ca4_li1,2.99357415522706
ca6_ll2,2.99397558235008
ll2_ca6,2.99397558235008
dlm_ca4,2.9979484926114
ca4_dlm,2.99794849261142
ron_itg,2.99910157359555
itg_ron,2.99910157359557
rup_ita,2.99920513854496
ita_rup,2.99920513854498
ve1_dlm,2.99999170017647
dlm_ve1,2.99999170017649
fur_ca6,3.00018642469865
ca6_fur,3.00018642469868
ca2_ro1,3.0002243054569
ro1_ca2,3.0002243054569
ca3_fro,3.00463393214721
fro_ca3,3.00463393214721
fur_pm5,3.00468652270135
pm5_fur,3.00468652270137
sc2_ro2,3.00887352131076
ro2_sc2,3.00887352131079
lat_ve3,3.01092251994314
ve3_lat,3.01092251994316
fur_pr1,3.01143049815178
pr1_fur,3.01143049815178
ve1_ro2,3.01170005000725
ro2_ve1,3.01170005000731
lm1_sc3,3.01282040964394
sc3_lm1,3.01282040964394
ll1_ast,3.0131057328553
ast_ll1,3.01310573285536
lat_ve1,3.01595381428375
ve1_lat,3.01595381428382
ll1_ro4,3.01698346090379
ro4_ll1,3.01698346090383
sc2_pr1,3.0174694689614
pr1_sc2,3.01746946896143
li2_ro1,3.01761402716441
ro1_li2,3.01761402716444
pm2_ro3,3.01889892649321
ro3_pm2,3.01889892649325
pm4_ca6,3.0303523066409
lm2_sc1,3.03115916297922
sc1_lm2,3.03115916297922
li3_ll2,3.03222658463046
ll2_li3,3.03222658463046
dlm_itf,3.03230724158656
itf_dlm,3.03230724158664
ca1_pm2,3.0335941077171
pm2_ca1,3.0335941077171
ca5_pm5,3.03423578128694
pm5_ca5,3.03423578128697
pm4_ast,3.0363397712003
pm3_ro4,3.03716671699301
ro4_pm3,3.03716671699301
fur_sc4,3.03735044454696
sc4_fur,3.03735044454701
sc4_lat,3.03809732490482
lat_sc4,3.03809732490484
pm1_ro4,3.03886863243507
ro4_pm1,3.03886863243509
sc3_pr1,3.0413404279879
pr1_sc3,3.04134042798792
glg_ro4,3.04134360760074
ro4_glg,3.04134360760076
pr1_ve3,3.04138191240967
ve3_pr1,3.04138191240967
itf_lm1,3.04175961777545
lm1_itf,3.04175961777547
eg1_ll1,3.04317448030927
ll1_eg1,3.0431744803093
nea_ca3,3.04437403899911
ca3_nea,3.04437403899913
lm2_ro3,3.04520856420593
ro3_lm2,3.04520856420595
pm1_sc4,3.04811245852775
sc4_pm1,3.04811245852775
pr1_ro3,3.04902616780678
ro3_pr1,3.04902616780685
ruo_rup,3.04938676372284
rup_ruo,3.04938676372293
itf_li3,3.0495857281216
li3_itf,3.0495857281216
ve3_fro,3.05075765713927
fro_ve3,3.05075765713929
ca5_itf,3.05316546504587
itf_ca5,3.05316546504589
ca4_src,3.05340120162432
src_ca4,3.05340120162434
li2_ro4,3.0545506563043
ro4_li2,3.05455065630435
ca6_ro4,3.05498342480098
ro4_ca6,3.05498342480098
pr1_glg,3.05698655211862
glg_pr1,3.05698655211864
fur_ast,3.05796651342443
ast_fur,3.05796651342445
ca5_ro4,3.05801837168393
ro4_ca5,3.05801837168395
dlm_por,3.05822178592184
por_dlm,3.05822178592184
ve2_ro2,3.06025226386016
ro2_ve2,3.06025226386024
li3_glg,3.06166984088637
glg_li3,3.06166984088646
ca6_src,3.06464322709236
src_ca6,3.06464322709236
dlm_ro2,3.06464634706213
ro2_dlm,3.06464634706213
lm2_ca1,3.06649347395052
ca1_lm2,3.06649347395064
qbb_sc2,3.0668086286
sc2_qbb,3.06680862860004
glg_ro1,3.06724526492051
ro1_glg,3.06724526492059
ca6_itf,3.07147604934723
itf_ca6,3.07147604934723
sc3_ca3,3.07436060371049
ca3_sc3,3.07436060371052
ca4_ro4,3.07436742738939
ro4_ca4,3.07436742738939
ro4_por,3.07537892995762
por_ro4,3.07537892995766
ca3_sc1,3.07549572957012
sc1_ca3,3.07549572957024
ll1_ro2,3.0770127664578
ro2_ll1,3.07701276645784
fro_por,3.07806970198509
por_fro,3.07806970198516
li1_spa,3.07825275596091
spa_li1,3.07825275596093
ito_ro3,3.08254219555153
ro3_ito,3.08254219555161
fro_sc3,3.08359795191042
sc3_fro,3.08359795191046
dlm_eg2,3.08870351446599
eg2_dlm,3.08870351446601
ve2_dlm,3.08950049310337
dlm_ve2,3.08950049310339
sro_ca2,3.08956672734989
ca2_sro,3.08956672734995
fur_ro1,3.09047099432877
ro1_fur,3.0904709943288
ro3_pm5,3.09219699202853
pm5_ro3,3.09219699202855
sc2_ro3,3.09295268677418
ro3_sc2,3.09295268677422
fur_itf,3.09488395177402
itf_fur,3.09488395177406
ca6_li1,3.09575877378904
li1_ca6,3.09575877378904
dlm_li1,3.09667919876909
li1_dlm,3.09667919876909
eg4_sro,3.09714940199547
sro_eg4,3.09714940199552
sc4_ro3,3.09862776289166
ro3_sc4,3.0986277628917
pm3_dlm,3.09932023116996
dlm_pm3,3.09932023117001
eg2_ro4,3.09993660687178
ro4_eg2,3.09993660687178
itg_spa,3.10305516828189
spa_itg,3.10305516828191
pm2_ro4,3.10415311264179
ro4_pm2,3.10415311264184
sc3_ro2,3.10444045003756
ro2_sc3,3.10444045003765
dlm_ro1,3.10879390691292
ro1_dlm,3.10879390691298
ast_eg4,3.11265607501629
eg4_ast,3.11265607501629
ca4_itf,3.1130161473182
itf_ca4,3.1130161473182
ve2_ca3,3.11825819429425
ca3_ve2,3.1182581942943
nea_ro2,3.12147359010169
ro2_nea,3.12147359010172
fur_li1,3.12194505446667
li1_fur,3.12194505446667
fro_ro2,3.12209840316322
ro2_fro,3.12209840316328
spa_eg2,3.12291575916047
eg2_spa,3.12291575916051
ll2_ca1,3.12690526266185
ca1_ll2,3.12690526266191
itf_glg,3.12714216187363
glg_itf,3.12714216187368
dlm_pm4,3.1272867207263
fur_sc2,3.12740263444739
sc2_fur,3.12740263444741
ca2_eg2,3.12968952908307
eg2_ca2,3.12968952908307
sc4_ro4,3.13113527675837
ro4_sc4,3.13113527675843
ita_lm1,3.13159638477381
lm1_ita,3.13159638477387
sc2_ca3,3.13442427883478
ca3_sc2,3.13442427883481
ca1_ro2,3.13610296638134
ro2_ca1,3.13610296638136
eg3_ro2,3.13787026335573
ro2_eg3,3.13787026335575
li1_ca2,3.13856395333433
ca2_li1,3.13856395333436
sc4_lm1,3.13956763734144
lm1_sc4,3.13956763734152
lat_ruq,3.15379052537021
ruq_lat,3.15379052537027
pm4_sc3,3.15442430710931
lm2_sc3,3.15512097907137
sc3_lm2,3.15512097907137
fra_win,3.15630850380295
win_fra,3.15630850380301
ca2_pm5,3.15700986555779
pm5_ca2,3.15700986555779
ron_ito,3.15826504150027
ito_ron,3.15826504150029
ro1_pm4,3.15963825248163
ro2_pm5,3.16001182694259
pm5_ro2,3.16001182694262
ll1_itf,3.16142723896972
itf_ll1,3.16142723896978
sc2_sro,3.16218436210785
sro_sc2,3.16218436210787
itg_ro3,3.16467100242582
ro3_itg,3.16467100242593
pm2_sc4,3.16723718060244
sc4_pm2,3.16723718060244
nea_ro4,3.16802088659144
ro4_nea,3.16802088659152
ve3_ro3,3.16895520169868
ro3_ve3,3.16895520169872
fro_sc1,3.17155325280385
sc1_fro,3.17155325280393
fur_eg4,3.17813946473801
eg4_fur,3.17813946473807
pm2_itf,3.18004065041137
itf_pm2,3.1800406504114
ast_eg2,3.1807112205704
eg2_ast,3.18071122057045
pr1_ve2,3.1808250093483
ve2_pr1,3.1808250093483
fur_sc1,3.18086346896011
sc1_fur,3.18086346896019
sc3_sro,3.1817926347769
sro_sc3,3.1817926347769
fur_por,3.18222234923563
por_fur,3.18222234923563
por_pm4,3.18435181981237
ca2_ro4,3.18616952892673
ro4_ca2,3.18616952892673
lm1_pm4,3.18966502029063
eg4_ro4,3.18976315353283
ro4_eg4,3.18976315353288
li1_ast,3.19010016733196
ast_li1,3.190100167332
sc4_lm2,3.19205443679443
lm2_sc4,3.19205443679448
li2_glg,3.19287511162046
glg_li2,3.19287511162048
li3_lm1,3.19622035583317
lm1_li3,3.19622035583326
ca3_por,3.19950327598456
por_ca3,3.19950327598463
ca5_li1,3.19959989267349
li1_ca5,3.19959989267349
ll2_ro3,3.20241729890858
ro3_ll2,3.20241729890865
spa_eg3,3.20305184889713
eg3_spa,3.20305184889715
sc1_lat,3.20654344549451
lat_sc1,3.20654344549454
pm2_dlm,3.20833158767493
dlm_pm2,3.20833158767498
ca1_li3,3.20932191336957
li3_ca1,3.20932191336957
pm1_sc2,3.20983194631509
sc2_pm1,3.20983194631514
pr1_ita,3.21029029220244
ita_pr1,3.21029029220246
glg_eg4,3.21037779411558
eg4_glg,3.2103777941156
ll2_pm5,3.21391243950392
pm5_ll2,3.21391243950397
ca6_fro,3.2156156796874
fro_ca6,3.2156156796874
ca2_itf,3.21888512795059
itf_ca2,3.21888512795061
glg_ca3,3.22138757032469
ca3_glg,3.22138757032471
li3_ll1,3.22197514708979
ll1_li3,3.22197514708982
ast_pr1,3.22212580365199
pr1_ast,3.22212580365199
eg2_pm1,3.22430287134264
pm1_eg2,3.22430287134266
qbb_sc3,3.22504489255581
sc3_qbb,3.22504489255585
pm2_lm1,3.22523554914658
lm1_pm2,3.22523554914663
fro_fra,3.22623524479313
fra_fro,3.22623524479316
ast_eg3,3.22994444898878
eg3_ast,3.22994444898882
fur_eg1,3.23841481653373
eg1_fur,3.23841481653375
eg3_ll1,3.23895767516239
ll1_eg3,3.23895767516239
pm4_sc2,3.23971390168418
lm2_ro2,3.24587646021789
ro2_lm2,3.24587646021794
eg3_ca2,3.24639079354019
ca2_eg3,3.24639079354021
ca1_pm4,3.24645224986445
ll2_pm3,3.24854683106534
pm3_ll2,3.24854683106534
itg_glg,3.25095652126907
glg_itg,3.25095652126912
spa_ve3,3.25151713193913
ve3_spa,3.25151713193915
ll1_nea,3.25565462681292
nea_ll1,3.25565462681298
pr1_ro2,3.25747767586282
ro2_pr1,3.25747767586282
itf_pm4,3.2578897710922
li2_lm1,3.25806302619038
lm1_li2,3.25806302619043
itg_ast,3.25897972459582
ast_itg,3.25897972459586
eg1_src,3.26046661049515
src_eg1,3.26046661049518
pm1_ro3,3.26072704576417
ro3_pm1,3.26072704576421
eg4_ca2,3.26171318593571
ca2_eg4,3.26171318593573
src_ro4,3.26259515915092
ro4_src,3.26259515915096
ll2_dlm,3.26289272164246
dlm_ll2,3.26289272164252
glg_sro,3.26356044322376
sro_glg,3.26356044322376
lat_glg,3.26358554802847
glg_lat,3.26358554802858
li2_lm2,3.2651070285037
lm2_li2,3.26510702850373
li3_pm1,3.2657316755697
pm1_li3,3.26573167556974
sc3_ro3,3.26581798733513
ro3_sc3,3.26581798733523
src_glg,3.27209156249847
glg_src,3.27209156249852
pm3_itf,3.2760291858452
itf_pm3,3.27602918584522
ve1_ast,3.27816537269479
ast_ve1,3.27816537269482
lat_sc2,3.27818846780048
sc2_lat,3.27818846780055
lm2_ro4,3.28153420917611
ro4_lm2,3.28153420917614
ve2_sro,3.28271273496382
sro_ve2,3.28271273496394
eg1_pm1,3.28444786380188
pm1_eg1,3.28444786380188
pm2_ro1,3.28635106357903
ro1_pm2,3.28635106357903
ve1_spa,3.28654184207254
spa_ve1,3.28654184207258
ll2_pm4,3.2882808591055
ca2_ve3,3.28901779168614
ve3_ca2,3.28901779168614
eg4_ll1,3.28956449598481
ll1_eg4,3.28956449598485
eg2_ll1,3.29085250426602
ll1_eg2,3.29085250426604
eg4_ca3,3.29176849914892
ca3_eg4,3.291768499149
eg1_lm1,3.2939301969355
lm1_eg1,3.29393019693556
pr1_ro4,3.29408857600951
ro4_pr1,3.29408857600954
itf_pm1,3.29485068367304
pm1_itf,3.29485068367304
sc4_pm3,3.29517128810864
pm3_sc4,3.29517128810867
lat_src,3.29604165404151
src_lat,3.29604165404151
ro4_pm5,3.29662523208804
pm5_ro4,3.2966252320881
fro_ca2,3.29716895948399
ca2_fro,3.29716895948405
sc2_ro4,3.30310338102551
ro4_sc2,3.30310338102554
pm3_ro1,3.3043142614679
ro1_pm3,3.30431426146792
pm3_ll1,3.30582413040563
ll1_pm3,3.30582413040566
spa_ve2,3.30775495908681
ve2_spa,3.30775495908681
por_sro,3.31147052386572
sro_por,3.31147052386579
pm3_lm1,3.31169850724942
lm1_pm3,3.31169850724946
ca1_pm3,3.31515637209035
pm3_ca1,3.31515637209038
fur_eg2,3.31713547053827
eg2_fur,3.31713547053831
ca4_fro,3.31787326990456
fro_ca4,3.31787326990459
sc4_sro,3.31808370123655
sro_sc4,3.31808370123655
ll1_pm5,3.3182188294665
pm5_ll1,3.31821882946652
fur_sc3,3.31869890625587
sc3_fur,3.31869890625592
fra_pcd,3.31975639548579
pcd_fra,3.31975639548581
ve1_ro4,3.32039819894683
ro4_ve1,3.32039819894689
ve2_ca2,3.32112419636086
ca2_ve2,3.32112419636091
fur_eg3,3.32227654864311
eg3_fur,3.32227654864315
ca4_eg2,3.3240101342078
eg2_ca4,3.3240101342078
li2_ll1,3.32490405861197
ll1_li2,3.32490405861197
fro_pr1,3.33035022821389
pr1_fro,3.33035022821389
sc1_ro3,3.33056353194415
ro3_sc1,3.33056353194424
eg4_ro1,3.33069482583517
ro1_eg4,3.33069482583522
li3_lm2,3.33746568112089
lm2_li3,3.33746568112095
ll1_sc2,3.3448076693785
sc2_ll1,3.3448076693785
eg1_ll2,3.34508306063054
ll2_eg1,3.34508306063057
ll2_pm2,3.34835779150391
pm2_ll2,3.34835779150394
nea_ro1,3.34909626236135
ro1_nea,3.34909626236146
fra_pr1,3.34938227871366
pr1_fra,3.34938227871371
ito_ast,3.34992582070329
ast_ito,3.34992582070331
eg3_ro4,3.35318656045955
ro4_eg3,3.35318656045957
ll2_ro2,3.35381622372006
ro2_ll2,3.35381622372008
ca6_eg2,3.35495497443587
eg2_ca6,3.35495497443589
ca4_eg3,3.35564694689431
eg3_ca4,3.35564694689433
ca5_fro,3.35681252053295
fro_ca5,3.356812520533
li2_pm1,3.35932619814588
pm1_li2,3.35932619814591
fro_ito,3.36194231157656
ito_fro,3.36194231157656
ve1_ro1,3.36497423907526
ro1_ve1,3.36497423907542
pm1_sc1,3.36653596402783
sc1_pm1,3.36653596402786
ca1_ro1,3.36903751890397
ro1_ca1,3.36903751890402
dlm_ruo,3.37097331840614
ruo_dlm,3.37097331840614
eg3_ro1,3.37284770772444
ro1_eg3,3.37284770772449
dlm_ruq,3.37593150690415
ruq_dlm,3.37593150690431
li3_ro1,3.37641314624772
ro1_li3,3.37641314624772
ll1_pm2,3.3767141039142
pm2_ll1,3.3767141039142
sc1_ro4,3.37801888806149
ro4_sc1,3.37801888806153
ve1_ca3,3.38140274346111
ca3_ve1,3.3814027434612
itg_lm1,3.38295396861402
lm1_itg,3.38295396861406
ca6_eg4,3.3832167075056
eg4_ca6,3.3832167075056
ca4_eg4,3.38481931308917
eg4_ca4,3.38481931308919
li2_por,3.38566044811123
por_li2,3.38566044811123
ito_spa,3.38928073784629
spa_ito,3.38928073784629
ca1_sro,3.39046782567413
sro_ca1,3.39046782567413
sc2_ro1,3.39324825309365
ro1_sc2,3.39324825309371
ca5_eg2,3.39355381749169
eg2_ca5,3.39355381749171
ca1_fro,3.39364955150646
fro_ca1,3.39364955150646
li3_sc1,3.39734850452642
sc1_li3,3.39734850452644
li1_ll2,3.39843101245321
ll2_li1,3.39843101245321
ast_ve3,3.39938992948969
ve3_ast,3.39938992948969
ca1_ro4,3.40055662576391
ro4_ca1,3.40055662576394
li1_ro4,3.40112852715522
ro4_li1,3.40112852715531
li1_ll1,3.40274394896789
ll1_li1,3.40274394896792
eg3_ca3,3.40338054657211
ca3_eg3,3.40338054657216
ve3_lm1,3.40362715419094
lm1_ve3,3.403627154191
lm2_por,3.40554255958337
por_lm2,3.40554255958337
eg4_src,3.40834388677595
src_eg4,3.40834388677598
eg2_ro1,3.41354809489442
ro1_eg2,3.41354809489447
qbb_itg,3.41379847671892
itg_qbb,3.413798476719
sc1_ro1,3.41393709398082
ro1_sc1,3.41393709398086
ve2_ro4,3.41481019935598
ro4_ve2,3.41481019935603
glg_eg2,3.41779533873295
eg2_glg,3.41779533873299
por_itf,3.42395793297799
itf_por,3.42395793297805
src_itf,3.42508836729936
itf_src,3.42508836729938
itf_li2,3.42521003307272
li2_itf,3.42521003307274
itg_ca3,3.43025836344703
ca3_itg,3.43025836344716
itg_ll1,3.43101107053585
ll1_itg,3.43101107053592
itg_ca5,3.43354736277443
ca5_itg,3.43354736277446
eg1_ca1,3.4344117245847
ca1_eg1,3.43441172458486
ca5_eg4,3.43441426114284
eg4_ca5,3.43441426114287
li3_sc4,3.43459592911193
sc4_li3,3.43459592911195
ca1_eg2,3.43625453534112
eg2_ca1,3.43625453534112
li2_ca1,3.43745062553875
ca1_li2,3.43745062553878
lm2_ro1,3.4382268553157
ro1_lm2,3.43822685531576
glg_eg3,3.4386549712353
eg3_glg,3.43865497123532
li1_ca1,3.43866711088721
ca1_li1,3.43866711088724
ca6_eg3,3.43876979027298
eg3_ca6,3.438769790273
eg1_lm2,3.4392288394141
lm2_eg1,3.43922883941414
fur_ito,3.44041073834377
ito_fur,3.44041073834377
ca4_ve1,3.44258280985289
ve1_ca4,3.44258280985289
ca4_ve3,3.44276760196231
ve3_ca4,3.44276760196231
pr1_ca4,3.44283865823081
ca4_pr1,3.44283865823083
ll1_pm4,3.44345937317929
pm2_lm2,3.44610205977731
lm2_pm2,3.44610205977733
li2_sc1,3.44634339321561
sc1_li2,3.44634339321561
ca5_eg3,3.44837714766294
eg3_ca5,3.44837714766297
ll2_eg4,3.44898262765016
eg4_ll2,3.44898262765018
lat_sc3,3.45011925319854
sc3_lat,3.45011925319856
itg_ca2,3.45124272723241
ca2_itg,3.45124272723244
li1_glg,3.45309846911489
glg_li1,3.45309846911494
ca1_fur,3.4563898034619
fur_ca1,3.45638980346193
ve1_lm1,3.45915159491538
lm1_ve1,3.45915159491544
sc4_li1,3.46068453672408
li1_sc4,3.4606845367241
sc4_ro1,3.460832725731
ro1_sc4,3.4608327257311
pm4_ro4,3.46093085659286
ca5_pr1,3.46168970183948
pr1_ca5,3.46168970183948
sc1_sro,3.46207857041465
sro_sc1,3.46207857041467
pm1_lm2,3.46324064453781
lm2_pm1,3.46324064453783
ll2_itf,3.46385972790776
itf_ll2,3.46385972790779
eg2_src,3.46722275731568
src_eg2,3.46722275731568
ve3_ro2,3.46761491365562
ro2_ve3,3.46761491365574
ca4_ve2,3.47266808408751
ve2_ca4,3.47266808408751
ve3_sro,3.47498053897286
sro_ve3,3.47498053897292
ita_fro,3.47674360299373
fro_ita,3.47674360299376
glg_ve3,3.47782900729825
ve3_glg,3.47782900729825
ve1_ca2,3.47936613612796
ca2_ve1,3.47936613612799
sc3_ro4,3.48024168017029
ro4_sc3,3.48024168017044
ve1_ll1,3.48090806120255
ll1_ve1,3.48090806120261
ast_ca3,3.48116465405682
ca3_ast,3.48116465405682
pm1_sc3,3.48328170979978
sc3_pm1,3.4832817097998
ll2_lm2,3.48359709963392
lm2_ll2,3.48359709963392
ca6_ve3,3.48498990969517
ve3_ca6,3.48498990969517
ca6_itg,3.48704736054496
itg_ca6,3.48704736054496
src_eg3,3.48886485159236
eg3_src,3.48886485159238
pm4_ro1,3.48908255174405
ito_ca2,3.49509986541483
ca2_ito,3.49509986541486
ito_glg,3.49755823615359
glg_ito,3.49755823615363
ve2_ca6,3.50498302320716
ca6_ve2,3.50498302320718
ll1_lm2,3.50586161578174
lm2_ll1,3.50586161578177
lm2_pm4,3.50729277715445
glg_ca2,3.50873952796468
ca2_glg,3.5087395279647
ca6_ve1,3.51145228381158
ve1_ca6,3.51145228381158
ve1_sro,3.51267806636614
sro_ve1,3.51267806636618
eg2_pm2,3.51285345054493
pm2_eg2,3.51285345054495
li1_sc1,3.51352111633742
sc1_li1,3.51352111633742
ve1_lm2,3.51413500295535
lm2_ve1,3.5141350029554
dlm_ve3,3.51611174274063
ve3_dlm,3.51611174274063
li2_ll2,3.51668904090377
ll2_li2,3.51668904090377
ita_spa,3.51728338584966
spa_ita,3.51728338584966
itf_lm2,3.52016594205925
lm2_itf,3.52016594205925
ve2_ro1,3.52037459388147
ro1_ve2,3.52037459388155
sc3_ll1,3.52443562742991
ll1_sc3,3.52443562742995
qbb_src,3.52473655789135
src_qbb,3.52473655789135
pr1_ro1,3.52476267812246
ro1_pr1,3.52476267812249
eg2_lm1,3.52489628950446
lm1_eg2,3.52489628950451
pm5_ro1,3.52581057614911
ro1_pm5,3.52581057614911
li2_sc4,3.52933252581853
sc4_li2,3.52933252581853
dlm_src,3.53873437190478
src_dlm,3.5387343719049
ll1_ro1,3.53952898312565
ro1_ll1,3.53952898312572
lat_itg,3.54146904032778
itg_lat,3.54146904032786
itg_ro2,3.5416258475525
ro2_itg,3.54162584755261
ll1_ve3,3.54525518157459
ve3_ll1,3.54525518157462
ve1_glg,3.54633510747542
glg_ve1,3.54633510747546
ito_lm2,3.54643245335216
lm2_ito,3.54643245335218
ca5_ve3,3.55271882081861
ve3_ca5,3.55271882081861
ve2_lm1,3.55286633909798
lm1_ve2,3.55286633909806
sc4_pm4,3.55544475696258
ll2_ro4,3.56015966089845
ro4_ll2,3.56015966089851
ito_ca3,3.5643325686252
ca3_ito,3.56433256862524
li1_ro1,3.56526904369512
ro1_li1,3.56526904369518
ll1_sc1,3.57274583077289
sc1_ll1,3.57274583077289
li1_por,3.5771233973761
por_li1,3.5771233973761
pm4_itf,3.57738543698716
ca1_itf,3.57895680127897
itf_ca1,3.57895680127901
ast_ca2,3.58027310392881
ca2_ast,3.58027310392884
ita_ruq,3.58034619892018
ruq_ita,3.58034619892027
pm3_eg2,3.58106434929971
eg2_pm3,3.58106434929973
ll2_ve1,3.58336048419753
ve1_ll2,3.58336048419753
pm4_eg3,3.58442627010722
ca4_ito,3.58711717841005
ito_ca4,3.58711717841005
li3_eg4,3.58756831492319
eg4_li3,3.58756831492323
fur_ve1,3.58802121942501
ve1_fur,3.58802121942501
ve2_pm1,3.58908023028823
pm1_ve2,3.58908023028827
ve2_ca5,3.59048146261825
ca5_ve2,3.59048146261827
pm3_sc2,3.59558364932674
sc2_pm3,3.59558364932674
ito_ca5,3.59581633373916
ca5_ito,3.5958163337392
itg_ro4,3.59627823652725
ro4_itg,3.59627823652739
eg3_ll2,3.59740881537415
ll2_eg3,3.59740881537415
fur_itg,3.60047160061375
itg_fur,3.60047160061375
fur_ve3,3.60138144848587
ve3_fur,3.60138144848589
ve3_ro1,3.60199847975552
ro1_ve3,3.6019984797556
sc4_pm5,3.60277780048407
pm5_sc4,3.60277780048421
ve1_ca5,3.60303645260601
ca5_ve1,3.60303645260603
eg2_pm4,3.60593457200293
fro_ro4,3.60689935805127
ro4_fro,3.6068993580513
ito_ca6,3.60715458769916
ca6_ito,3.60715458769918
ita_ca3,3.61017801349712
ca3_ita,3.61017801349719
sc1_pm5,3.61239729951058
pm5_sc1,3.61239729951075
ca1_pm5,3.61389125386986
sc3_ro1,3.61776243494922
ro1_sc3,3.61776243494929
li1_pm1,3.61900197283276
pm1_li1,3.6190019728328
ita_ro3,3.62180281056153
ro3_ita,3.62180281056166
ita_ca5,3.62248802126265
ca5_ita,3.62248802126267
eg4_pm1,3.62254425171072
pm1_eg4,3.62254425171072
eg2_ll2,3.62870588404236
ll2_eg2,3.62870588404236
eg3_lm1,3.6362614317714
lm1_eg3,3.63626143177143
ca2_ita,3.63775446844742
ita_ca2,3.63775446844742
pr1_ca2,3.63956130110458
ca2_pr1,3.63956130110463
li3_pm4,3.64305758551553
li3_eg2,3.64663518852477
eg2_li3,3.64663518852479
eg4_lm1,3.64847750231958
lm1_eg4,3.64847750231966
eg4_ca1,3.6507666616816
ca1_eg4,3.65076666168172
ast_ve2,3.6531334208672
ve2_ast,3.6531334208672
fur_dlm,3.6549477786558
dlm_fur,3.65494777865585
li1_lm1,3.65783574101999
lm1_li1,3.65783574102008
eg2_li2,3.65828979268134
li2_eg2,3.65828979268134
ita_glg,3.66188206886627
glg_ita,3.66188206886629
glg_ve2,3.665879939071
ve2_glg,3.665879939071
lm2_pm3,3.66691556971178
pm3_lm2,3.66691556971178
ruo_ruq,3.66824703952592
ruq_ruo,3.66824703952592
ve3_ro4,3.66946663547411
ro4_ve3,3.66946663547416
pm2_sc1,3.67196230553581
sc1_pm2,3.67196230553581
qbb_por,3.67557197633235
por_qbb,3.67557197633249
pm4_sc4,3.67719738151078
li3_sc2,3.67916140280009
sc2_li3,3.67916140280013
pr1_ca6,3.67941702512352
ca6_pr1,3.67941702512357
dlm_sc1,3.6795728628849
sc1_dlm,3.67957286288494
li3_eg1,3.68149288861243
eg1_li3,3.68149288861246
eg2_lm2,3.68278101604206
lm2_eg2,3.6827810160421
pm2_sc2,3.68302112945818
sc2_pm2,3.68302112945824
itg_sro,3.68373158385364
sro_itg,3.68373158385367
itf_li1,3.68517176515728
li1_itf,3.68517176515732
pr1_ca3,3.68877262641192
ca3_pr1,3.68877262641195
fur_ll2,3.68979813591214
ll2_fur,3.68979813591217
ito_li3,3.68993428759747
li3_ito,3.68993428759753
por_pm5,3.695511847416
pm5_por,3.69551184741619
ita_ca6,3.69665213535635
ca6_ita,3.69665213535638
sc4_ll1,3.69926352940947
ll1_sc4,3.69926352940954
ca1_src,3.69952186991092
src_ca1,3.69952186991102
eg3_lm2,3.69964866594516
lm2_eg3,3.6996486659452
pm1_eg3,3.70106574725398
eg3_pm1,3.701065747254
pm3_sc1,3.70263709684088
sc1_pm3,3.70263709684088
ito_pm1,3.70669859842613
pm1_ito,3.70669859842613
ita_ast,3.70981625039827
ast_ita,3.70981625039829
itf_pm5,3.71133166109429
pm5_itf,3.71133166109429
li1_lm2,3.7132787890876
lm2_li1,3.71327878908764
li3_sc3,3.71494692119585
sc3_li3,3.71494692119587
fur_ita,3.71762930601582
ita_fur,3.71762930601582
ll1_ve2,3.71941700904656
ve2_ll1,3.71941700904656
li2_sc2,3.72284244750791
sc2_li2,3.72284244750791
ve1_pm1,3.72636692524817
pm1_ve1,3.7263669252482
li3_eg3,3.72901490295621
eg3_li3,3.72901490295623
itg_ca4,3.73185984828806
ca4_itg,3.73185984828809
ve1_src,3.74060681067441
src_ve1,3.74060681067444
ve3_pm1,3.74105243051488
pm1_ve3,3.7410524305149
eg1_pm4,3.74339760182492
ve2_pm2,3.74727062694058
pm2_ve2,3.7472706269406
li1_sc2,3.7517573756221
sc2_li1,3.75175737562212
ito_ll1,3.75181744160117
ll1_ito,3.75181744160117
pm3_sc3,3.76070250900263
sc3_pm3,3.76070250900266
glg_ca4,3.77062166306697
ca4_glg,3.77062166306699
ve2_ca1,3.77107376716919
ca1_ve2,3.77107376716929
eg3_ca1,3.77354125874013
ca1_eg3,3.77354125874019
fur_ve2,3.77664807610809
ve2_fur,3.77664807610809
pm4_eg4,3.77764484420786
li3_pm3,3.78421350379971
pm3_li3,3.78421350379973
pm2_sc3,3.7868577282058
sc3_pm2,3.78685772820583
ve3_ca1,3.78973275980505
ca1_ve3,3.78973275980512
sc2_pm5,3.79081293122149
pm5_sc2,3.79081293122155
ron_ita,3.79670289533189
ita_ron,3.79670289533198
eg2_pm5,3.79755689963689
pm5_eg2,3.79755689963689
li1_sc3,3.79840811093396
sc3_li1,3.79840811093396
pm4_ve3,3.79913896341924
eg4_pm2,3.80092352088702
pm2_eg4,3.80092352088702
eg1_pm2,3.81007939366637
pm2_eg1,3.81007939366637
fro_ro1,3.81051942515275
ro1_fro,3.81051942515282
sc3_li2,3.81468578346462
li2_sc3,3.81468578346465
glg_ca6,3.81910538812808
ca6_glg,3.81910538812811
pm1_pm5,3.82120015008465
pm5_pm1,3.82120015008465
itg_dlm,3.82269492251715
dlm_itg,3.82269492251718
ita_ca4,3.82789300139401
ca4_ita,3.82789300139404
sc3_pm5,3.82982949684957
pm5_sc3,3.82982949684966
sc2_ast,3.84780504662869
ast_sc2,3.84780504662883
itg_lm2,3.84952731242331
lm2_itg,3.84952731242331
li3_ve3,3.85532062310659
ve3_li3,3.85532062310659
por_src,3.86271498753266
src_por,3.86271498753283
sc2_pm4,3.86351894351728
eg3_pm2,3.86442348772061
pm2_eg3,3.86442348772061
itg_ll2,3.86603041256009
ll2_itg,3.86603041256012
ast_ca5,3.86691054033415
ca5_ast,3.86691054033415
ca1_spa,3.87281333862247
spa_ca1,3.8728133386225
dlm_sc2,3.87998015301003
sc2_dlm,3.87998015301016
eg3_pm4,3.88016279932402
ll2_sc2,3.88274151549117
sc2_ll2,3.88274151549117
lm2_lm1,3.88372225733039
lm1_lm2,3.88372225733043
eg1_pm3,3.88461082966834
pm3_eg1,3.88461082966834
eg4_lm2,3.88465973755475
lm2_eg4,3.88465973755478
dlm_sc3,3.88675979257097
sc3_dlm,3.88675979257105
li3_pm2,3.89013124937129
pm2_li3,3.89013124937131
src_ve3,3.89399987515577
ve3_src,3.8939998751558
ito_ll2,3.89643898610608
ll2_ito,3.89643898610611
ast_ca4,3.89843925310852
ca4_ast,3.89843925310852
pm3_eg3,3.90464654928986
eg3_pm3,3.90464654928988
ito_ro2,3.90602814591282
ro2_ito,3.9060281459129
li2_pm4,3.90873850515588
src_ve2,3.91127685920294
ve2_src,3.91127685920297
pm4_eg2,3.91897978896827
glg_ca5,3.92218235066289
ca5_glg,3.92218235066292
li2_pm3,3.92247130419918
pm3_li2,3.92247130419923
eg4_li2,3.92578238745115
li2_eg4,3.92578238745115
ito_sro,3.92615534282141
sro_ito,3.92615534282148
ita_ll1,3.92634377308185
ll1_ita,3.92634377308192
ve3_lm2,3.92678690255454
lm2_ve3,3.92678690255459
ll2_ve3,3.92836619104992
ve3_ll2,3.92836619104995
ast_ca6,3.92898172971876
ca6_ast,3.92898172971876
sc2_spa,3.92900393585543
spa_sc2,3.92900393585551
ll2_sc4,3.93778254166295
sc4_ll2,3.93778254166295
eg4_pm4,3.94023687221818
ito_pm5,3.94352902780895
pm5_ito,3.94352902780908
eg1_por,3.94615356286439
por_eg1,3.94615356286439
sc1_pm4,3.95490342306739
ve2_pm4,3.96233176839611
itg_li3,3.96397747945064
li3_itg,3.96397747945066
ve2_lm2,3.96512029601749
lm2_ve2,3.96512029601753
pm5_lm1,3.97181062258146
lm1_pm5,3.9718106225815
pm4_ito,3.97863892183788
ast_ca1,3.98551946298576
ca1_ast,3.98551946298584
li3_pm5,3.98786571038164
pm5_li3,3.98786571038169
dlm_ito,3.98899943193922
ito_dlm,3.98899943193922
sc4_itf,3.99714950460332
itf_sc4,3.99714950460337
ca1_glg,4.00594101055747
glg_ca1,4.00594101055747
itg_pm1,4.00771538472152
pm1_itg,4.00771538472157
ca1_por,4.01781780404416
por_ca1,4.01781780404421
ll2_ro1,4.02026205009631
ro1_ll2,4.02026205009637
eg4_itf,4.02084628457898
itf_eg4,4.02084628457898
li3_ve2,4.02489302030734
ve2_li3,4.02489302030737
ron_nea,4.02863825289831
nea_ron,4.02863825289858
li2_eg3,4.02954107983167
eg3_li2,4.02954107983169
sc3_pm4,4.03238706362812
lat_por,4.03747590345235
por_lat,4.03747590345245
sc2_ca2,4.03888202110983
ca2_sc2,4.03888202110988
lm2_ita,4.0422743070001
ita_lm2,4.04227430700013
ve2_pm3,4.05331038180194
pm3_ve2,4.05331038180198
ito_ro4,4.05503871025494
ro4_ito,4.05503871025509
por_sc1,4.05735760488912
sc1_por,4.05735760488922
por_sc2,4.05772508152967
sc2_por,4.05772508152972
lm1_nea,4.05811014809595
nea_lm1,4.05811014809595
pm5_eg3,4.06040969980335
eg3_pm5,4.06040969980337
ita_li3,4.06138118569979
li3_ita,4.06138118569979
pm5_eg4,4.06204290792877
eg4_pm5,4.06204290792879
nea_ca1,4.06427833061689
ca1_nea,4.06427833061696
itg_src,4.06748299036317
src_itg,4.0674829903632
por_pr1,4.06862033670363
pr1_por,4.06862033670373
eg4_pm3,4.06957414544935
pm3_eg4,4.06957414544935
ita_src,4.07851191030528
src_ita,4.07851191030531
li2_pm2,4.09947861962903
pm2_li2,4.09947861962906
sc4_ast,4.10617327115965
ast_sc4,4.10617327115984
fur_ll1,4.1087838445301
ll1_fur,4.10878384453013
eg1_pm5,4.11116963687155
pm5_eg1,4.11116963687155
ita_ll2,4.11755507394449
ll2_ita,4.11755507394455
sc2_ca4,4.11766487341635
ca4_sc2,4.11766487341643
por_sc4,4.12267774657793
sc4_por,4.12267774657798
sc3_ca2,4.12474832027131
ca2_sc3,4.12474832027146
pm4_nea,4.12587478557273
eg2_por,4.1277800838875
por_eg2,4.1277800838875
itg_pm3,4.12901696750011
pm3_itg,4.12901696750014
eg1_li1,4.13474200075987
li1_eg1,4.13474200075987
pm2_ito,4.13793471837505
ito_pm2,4.13793471837509
itf_eg2,4.13849974959695
eg2_itf,4.13849974959698
ito_src,4.13911139553208
src_ito,4.13911139553213
itg_pm2,4.15271521622952
pm2_itg,4.15271521622955
itg_ca1,4.16260025607304
ca1_itg,4.16260025607312
itg_ro1,4.16394839925896
ro1_itg,4.16394839925909
pm2_ve3,4.16879345132536
ve3_pm2,4.16879345132536
sc3_ast,4.1704885306568
ast_sc3,4.17048853065699
ita_ro2,4.17730469151633
ro2_ita,4.17730469151651
sc4_ca2,4.18071140390234
ca2_sc4,4.18071140390245
ito_pm4,4.18781615361431
pm4_eg1,4.18976496761364
por_sc3,4.19603466979593
sc3_por,4.19603466979593
eg1_itf,4.19878004645713
itf_eg1,4.19878004645716
ve1_pm2,4.20105205199697
pm2_ve1,4.201052051997
li2_pm5,4.2030298121271
pm5_li2,4.20302981212715
sc2_ca5,4.20710743965742
ca5_sc2,4.20710743965759
sc3_ca4,4.20765022909315
ca4_sc3,4.20765022909324
eg4_ito,4.21107676499646
ito_eg4,4.21107676499646
itg_pm4,4.21324488645811
ll2_ve2,4.21581991564236
ve2_ll2,4.21581991564236
nea_qbb,4.21848545168966
qbb_nea,4.2184854516898
ito_pm3,4.22147658824654
pm3_ito,4.22147658824654
sc4_ca4,4.22159767957822
ca4_sc4,4.22159767957836
ca1_pr1,4.22187847536245
pr1_ca1,4.22187847536249
li1_pm3,4.22246476793184
pm3_li1,4.22246476793189
li1_pm2,4.22253002963324
pm2_li1,4.22253002963328
eg1_li2,4.22255555633793
li2_eg1,4.22255555633796
li1_pm4,4.22268313340883
li1_eg2,4.22472578459494
eg2_li1,4.22472578459499
pm4_ll2,4.22812625877155
eg4_por,4.23201763410279
por_eg4,4.23201763410299
ve1_pm4,4.23449148751096
sc1_itf,4.23559388996109
itf_sc1,4.23559388996117
qbb_ita,4.24265602874157
ita_qbb,4.24265602874164
qbb_ito,4.24323055705434
ito_qbb,4.24323055705437
ca3_spa,4.24474886159464
spa_ca3,4.24474886159464
sc3_spa,4.24627864059492
spa_sc3,4.24627864059509
ll2_sc1,4.25191932342821
sc1_ll2,4.25191932342835
ve3_pm3,4.25733641495827
pm3_ve3,4.2573364149583
pm5_lm2,4.25805168611602
lm2_pm5,4.25805168611604
li2_ve2,4.26607078939618
ve2_li2,4.26607078939618
ll2_por,4.26870851491618
por_ll2,4.26870851491629
pm4_itg,4.26922273599629
ita_sro,4.27293101538598
sro_ita,4.27293101538606
sc4_spa,4.27337963993003
spa_sc4,4.27337963993017
sc2_ca6,4.27733346237978
ca6_sc2,4.27733346237987
ca2_spa,4.27842050412164
spa_ca2,4.27842050412164
ito_ro1,4.28563639501885
ro1_ito,4.28563639501898
ca1_ito,4.28935081648507
ito_ca1,4.28935081648507
ve2_pm5,4.29086848638386
pm5_ve2,4.29086848638391
ll2_sc3,4.29152521072956
sc3_ll2,4.2915252107296
li2_ve3,4.2986213282953
ve3_li2,4.2986213282953
sc2_itf,4.30588528728456
itf_sc2,4.30588528728458
sc3_itf,4.31251915747846
itf_sc3,4.31251915747849
ita_ro4,4.31354001355155
ro4_ita,4.31354001355172
pm5_ve3,4.3148471448565
ve3_pm5,4.3148471448565
sc3_ca5,4.31947056050529
ca5_sc3,4.3194705605055
sc4_ca5,4.32047870024563
ca5_sc4,4.32047870024581
ve3_pm4,4.322260761482
itf_ve3,4.32628344756898
ve3_itf,4.32628344756904
dlm_rup,4.3324387333328
rup_dlm,4.33243873333286
ve1_pm3,4.33341614393738
pm3_ve1,4.3334161439374
itg_eg4,4.34497036417493
eg4_itg,4.34497036417496
sc1_src,4.34509787478552
src_sc1,4.34509787478555
eg3_por,4.35023075747435
por_eg3,4.3502307574746
ita_pm1,4.35574777250248
pm1_ita,4.35574777250248
lat_ito,4.36139351153854
ito_lat,4.36139351153864
sc3_ca6,4.36315392225435
ca6_sc3,4.36315392225448
pm5_pm4,4.38065694508509
li1_eg4,4.39086128022488
eg4_li1,4.39086128022494
eg3_itf,4.41506195453832
itf_eg3,4.41506195453832
spa_glg,4.41809609226481
glg_spa,4.41809609226486
sc4_ca6,4.43289838537152
ca6_sc4,4.43289838537167
sc4_src,4.43473421640409
src_sc4,4.43473421640409
eg4_sc2,4.43602624095248
sc2_eg4,4.43602624095258
itf_ve1,4.4425229017879
ve1_itf,4.4425229017879
sc4_eg2,4.44458015267514
eg2_sc4,4.44458015267517
eg3_sc4,4.44616585149023
sc4_eg3,4.44616585149023
eg1_eg4,4.45188756264694
eg4_eg1,4.45188756264696
li1_li3,4.45751095104223
li3_li1,4.45751095104225
ca5_spa,4.45939428004936
spa_ca5,4.45939428004936
sc2_glg,4.46059438990893
glg_sc2,4.4605943899091
sc2_src,4.46606148613309
src_sc2,4.46606148613309
itg_pm5,4.4681465913966
pm5_itg,4.46814659139667
li1_eg3,4.47238583857051
eg3_li1,4.47238583857057
ve1_ca1,4.47353975090086
ca1_ve1,4.47353975090104
ve1_pm5,4.47889494528492
pm5_ve1,4.47889494528498
sc1_ca4,4.48263997950743
ca4_sc1,4.48263997950749
li1_ve2,4.48592930632131
ve2_li1,4.48592930632131
li1_pm5,4.50112995976691
pm5_li1,4.50112995976696
ito_eg3,4.50960232231484
eg3_ito,4.50960232231487
pm2_pm5,4.51625188808974
pm5_pm2,4.51625188808976
ca4_spa,4.51727839969836
spa_ca4,4.51727839969839
pm4_ll1,4.51773016761509
ita_eg4,4.5243906172231
eg4_ita,4.52439061722313
src_sc3,4.52781672472558
sc3_src,4.52781672472561
ito_li2,4.52791865535384
li2_ito,4.52791865535384
eg3_sc2,4.53468954925908
sc2_eg3,4.53468954925911
eg1_eg2,4.5351970005996
eg2_eg1,4.5351970005996
li1_ve3,4.53967294811466
ve3_li1,4.53967294811469
pm3_pm5,4.54743771488088
pm5_pm3,4.54743771488088
ve3_eg4,4.55931577631624
eg4_ve3,4.55931577631627
ita_ca1,4.57367770120242
ca1_ita,4.57367770120252
sc1_ca2,4.57529346514553
ca2_sc1,4.5752934651456
ve2_eg1,4.57716782672444
eg1_ve2,4.57716782672447
pm4_ita,4.58036029425475
eg1_ito,4.586700918805
ito_eg1,4.586700918805
ita_li2,4.59292753590604
li2_ita,4.59292753590607
li3_ve1,4.59643914266519
ve1_li3,4.59643914266522
itf_ve2,4.60018701453951
ve2_itf,4.60018701453954
eg1_sc4,4.60320211373627
sc4_eg1,4.60320211373657
pm1_pm4,4.60934690423052
nea_por,4.60943195802844
por_nea,4.60943195802849
eg3_sc1,4.61070059263741
sc1_eg3,4.61070059263749
eg2_eg4,4.61691143488235
eg4_eg2,4.61691143488235
eg2_ve3,4.61908320737059
ve3_eg2,4.61908320737059
eg2_sc2,4.62027071974683
sc2_eg2,4.62027071974687
ve2_eg4,4.62573886444059
eg4_ve2,4.62573886444062
ita_ro1,4.63460388284025
ro1_ita,4.63460388284049
nea_lat,4.6430847982227
lat_nea,4.64308479822285
ca5_sc1,4.64987184574223
sc1_ca5,4.64987184574223
itg_li2,4.65234704813855
li2_itg,4.65234704813859
eg1_eg3,4.6579155725418
eg3_eg1,4.65791557254185
lat_ita,4.65941300476616
ita_lat,4.65941300476628
sc1_ast,4.66367145785429
ast_sc1,4.66367145785439
eg4_sc4,4.66697518724032
sc4_eg4,4.66697518724036
ito_li1,4.67794140919719
li1_ito,4.67794140919722
ve2_eg2,4.68216384292697
eg2_ve2,4.68216384292699
dlm_ita,4.70505822030781
ita_dlm,4.70505822030781
dlm_ron,4.70511972918216
ron_dlm,4.70511972918216
ita_pm5,4.71260817365434
pm5_ita,4.71260817365455
eg3_sc3,4.71786505768469
sc3_eg3,4.71786505768469
eg1_ita,4.72910151307569
ita_eg1,4.72910151307572
ito_eg2,4.73874541776068
eg2_ito,4.73874541776074
eg4_sc3,4.74204325525196
sc3_eg4,4.74204325525203
ca6_spa,4.7444025968096
spa_ca6,4.74440259680963
ve1_eg4,4.76501122736374
eg4_ve1,4.76501122736377
pm4_ve2,4.7660037304201
eg2_sc1,4.76677078062186
sc1_eg2,4.7667707806219
sc1_glg,4.76764706994489
glg_sc1,4.767647069945
itg_eg2,4.78351664638278
eg2_itg,4.78351664638281
pm3_ita,4.7940850143808
ita_pm3,4.79408501438084
ruo_ron,4.79445652806252
ron_ruo,4.79445652806255
sc4_glg,4.79684936448791
glg_sc4,4.79684936448816
ca6_sc1,4.79736255123661
sc1_ca6,4.79736255123667
eg1_ve3,4.80774171941825
ve3_eg1,4.80774171941828
itg_por,4.81549757090374
por_itg,4.8154975709038
eg2_eg3,4.81740921005447
eg3_eg2,4.8174092100545
eg4_sc1,4.81817078563163
sc1_eg4,4.81817078563181
eg1_itg,4.8280834832094
itg_eg1,4.8280834832094
pm2_ita,4.83108346287163
ita_pm2,4.83108346287167
li2_li3,4.83740884567882
li3_li2,4.83740884567882
pm1_pm2,4.83781698896984
pm2_pm1,4.83781698896984
sc1_spa,4.84265178979468
spa_sc1,4.84265178979473
ast_glg,4.84288015837811
glg_ast,4.84288015837811
ve2_por,4.84599042801487
por_ve2,4.8459904280151
nea_pm1,4.8485355207518
pm1_nea,4.84853552075191
ita_pm4,4.85332710099107
eg1_sc2,4.86025701286784
sc2_eg1,4.8602570128681
itg_ve3,4.86128507146159
ve3_itg,4.86128507146162
ca4_por,4.86890067800316
por_ca4,4.86890067800322
lm2_nea,4.87194020399966
nea_lm2,4.87194020399979
li1_ve1,4.87856978453436
ve1_li1,4.8785697845344
sc3_glg,4.87919709829865
glg_sc3,4.87919709829889
ca5_por,4.88237224152078
por_ca5,4.88237224152078
eg2_sc3,4.88414802787287
sc3_eg2,4.88414802787287
itg_ve1,4.88480810248635
ve1_itg,4.88480810248635
ito_ve1,4.88809661134974
ve1_ito,4.88809661134977
pm1_pm3,4.90279561418704
pm3_pm1,4.90279561418704
eg1_ve1,4.90779925992616
ve1_eg1,4.90779925992616
ito_ve2,4.90803558151526
ve2_ito,4.90803558151532
ve2_eg3,4.90937799752552
eg3_ve2,4.90937799752555
ve3_eg3,4.92765078114676
eg3_ve3,4.92765078114682
por_ca2,4.93493363337099
ca2_por,4.93493363337114
itg_li1,4.96528884052697
li1_itg,4.96528884052697
eg1_sc1,4.97647446571343
sc1_eg1,4.97647446571383
ito_itf,4.98598403968286
itf_ito,4.98598403968292
sro_src,4.99747626668237
src_sro,4.99747626668241
ve1_eg2,4.99806619790406
eg2_ve1,4.99806619790415
ve1_por,5.01635016644712
por_ve1,5.01635016644718
itg_eg3,5.01685046163053
eg3_itg,5.0168504616306
ve3_por,5.01837873673093
por_ve3,5.01837873673122
por_ito,5.03002683130769
ito_por,5.03002683130781
li1_li2,5.05046473795809
li2_li1,5.05046473795809
eg1_sc3,5.06847193858695
sc3_eg1,5.06847193858727
pm4_lm2,5.10468356009945
ita_eg3,5.11280902117902
eg3_ita,5.11280902117905
ita_ve1,5.11341915598746
ve1_ita,5.11341915598746
ito_ve3,5.13374534985088
ve3_ito,5.13374534985095
ita_eg2,5.15728285954444
eg2_ita,5.15728285954448
itg_ve2,5.15873927824353
ve2_itg,5.1587392782436
por_ca6,5.1755157211136
ca6_por,5.17551572111367
itg_ito,5.18738746431643
ito_itg,5.18738746431643
ca1_sc2,5.20048818575312
sc2_ca1,5.20048818575327
ve2_sc2,5.22772812048664
sc2_ve2,5.22772812048678
ve1_eg3,5.23156757944563
eg3_ve1,5.23156757944569
ita_ve2,5.24683750568649
ve2_ita,5.24683750568656
li2_ve1,5.27820548487318
ve1_li2,5.27820548487318
ita_li1,5.28855144722138
li1_ita,5.28855144722142
ca1_sc3,5.33462221705132
sc3_ca1,5.33462221705146
ita_itf,5.34885815640286
itf_ita,5.3488581564029
pm4_li2,5.36918351026157
ca1_sc1,5.38923087630107
sc1_ca1,5.38923087630149
pm2_pm4,5.41088096110933
pm3_pm4,5.41735127579341
ast_spa,5.4459487296774
spa_ast,5.4459487296774
ita_ve3,5.44973392919869
ve3_ita,5.44973392919872
nea_pr1,5.47045765797444
pr1_nea,5.47045765797477
pm2_nea,5.47190630990744
nea_pm2,5.47190630990751
ve3_sc2,5.47603423580155
sc2_ve3,5.47603423580165
ve2_sc1,5.47721564864854
sc1_ve2,5.47721564864884
itg_itf,5.48094330573219
itf_itg,5.48094330573223
sc4_sc2,5.48136092501571
sc2_sc4,5.48136092501577
eg4_eg3,5.48969909299376
eg3_eg4,5.48969909299379
ll2_ll1,5.50064521956304
ll1_ll2,5.50064521956309
ro3_ro4,5.50721643720812
ro4_ro3,5.50721643720816
ve1_ve3,5.51643002668277
ve3_ve1,5.51643002668277
nea_li3,5.51684632521474
li3_nea,5.51684632521496
ve2_sc4,5.56090643219669
sc4_ve2,5.5609064321968
fur_nea,5.56251965052214
nea_fur,5.56251965052214
pm3_pm2,5.56469704339512
pm2_pm3,5.56469704339515
nea_ca5,5.56490225132914
ca5_nea,5.56490225132932
ve1_ve2,5.5712478966023
ve2_ve1,5.57124789660236
ve2_sc3,5.57693800516751
sc3_ve2,5.57693800516761
sc2_ve1,5.58752467354181
ve1_sc2,5.58752467354191
ve3_sc4,5.59847254834603
sc4_ve3,5.59847254834609
nea_ca4,5.61095359587557
ca4_nea,5.61095359587575
por_spa,5.68433043780132
spa_por,5.68433043780144
pm4_li1,5.7092917661609
ita_por,5.72073698854378
por_ita,5.72073698854378
sc4_ve1,5.73324266756816
ve1_sc4,5.73324266756832
ro4_ro2,5.73770678624139
ro2_ro4,5.73770678624143
nea_pm4,5.75210139910132
nea_pm3,5.75568574351135
pm3_nea,5.7556857435115
sc4_sc3,5.79211759876195
sc3_sc4,5.79211759876198
nea_spa,5.79847161369746
spa_nea,5.79847161369775
ro1_ro3,5.80595644226124
ro3_ro1,5.80595644226128
ll2_nea,5.80943363673366
nea_ll2,5.80943363673375
ve3_sc3,5.81802493691061
sc3_ve3,5.81802493691066
sc1_sc2,5.82541585611565
sc2_sc1,5.82541585611568
ron_rup,5.82680582748072
rup_ron,5.82680582748081
nea_ast,5.84448625138009
ast_nea,5.84448625138038
ruq_rup,5.84993411929964
rup_ruq,5.8499341192998
sc1_ve1,5.85000786035378
ve1_sc1,5.85000786035384
pm4_pm5,5.86392846566952
ro2_ro3,5.86769250876387
ro3_ro2,5.86769250876391
ita_ito,5.87473608651794
ito_ita,5.87473608651794
ca1_sc4,5.88271749846213
sc4_ca1,5.88271749846213
sc4_ito,5.89558204532396
ito_sc4,5.89558204532401
ve3_sc1,5.92310861488601
sc1_ve3,5.92310861488626
sc4_itg,5.93417316640083
itg_sc4,5.93417316640088
nea_glg,5.93920899444041
glg_nea,5.93920899444077
ro4_ro1,5.96918933678057
ro1_ro4,5.96918933678061
ve2_ve3,5.96990825299905
ve3_ve2,5.96990825299905
sro_nea,5.97809564082763
nea_sro,5.97809564082773
dlm_nea,5.98709094233937
nea_dlm,5.98709094233937
ca1_ca3,6.00611102649233
ca3_ca1,6.00611102649237
ita_itg,6.01021556755476
itg_ita,6.01021556755476
sc3_sc2,6.04075132141827
sc2_sc3,6.0407513214183
sc3_ve1,6.0495793885205
ve1_sc3,6.04957938852061
sc1_sc4,6.05622607954888
sc4_sc1,6.05622607954888
ca1_ca5,6.07035071124255
ca5_ca1,6.07035071124259
ron_ruq,6.0780264518329
ruq_ron,6.0780264518329
ca3_ca6,6.14164400099232
ca6_ca3,6.14164400099232
sc1_sc3,6.16234327259082
sc3_sc1,6.16234327259085
nea_pm5,6.17008213180422
pm5_nea,6.17008213180478
li1_nea,6.17066111535897
nea_li1,6.17066111535905
nea_eg4,6.18609725776825
eg4_nea,6.18609725776841
ita_sc4,6.19939115244245
sc4_ita,6.19939115244251
ca1_ca4,6.20517788146786
ca4_ca1,6.20517788146786
ca3_ca4,6.20822833160106
ca4_ca3,6.20822833160111
ca3_ca5,6.21179391135852
ca5_ca3,6.21179391135857
ca1_ca6,6.23047316466774
ca6_ca1,6.23047316466774
nea_ca6,6.23470566950539
ca6_nea,6.2347056695056
pm4_li3,6.24615876617643
pm4_lm1,6.27888066301302
nea_li2,6.31072290966332
li2_nea,6.31072290966359
lat_qbb,6.3302213329603
qbb_lat,6.3302213329603
sc1_itg,6.33407232674296
itg_sc1,6.33407232674308
ro1_ro2,6.34474479973162
ro2_ro1,6.34474479973162
sc1_ito,6.36264317519388
ito_sc1,6.36264317519394
sc2_itg,6.41032382695464
itg_sc2,6.4103238269547
ito_sc3,6.46514482461851
sc3_ito,6.46514482461851
ito_sc2,6.46589936570986
sc2_ito,6.46589936570986
sc3_itg,6.52529977293426
itg_sc3,6.52529977293436
ita_sc2,6.58662944366539
sc2_ita,6.58662944366545
por_ast,6.59084970865852
ast_por,6.59084970865883
nea_ca2,6.63832898297302
ca2_nea,6.63832898297343
eg3_nea,6.69992815779532
nea_eg3,6.69992815779549
nea_eg2,6.71823133244432
eg2_nea,6.7182313324444
ca2_ca5,6.73277688288606
ca5_ca2,6.73277688288611
ca2_ca6,6.77850195215284
ca6_ca2,6.77850195215284
ca4_ca5,6.78255334399296
ca5_ca4,6.78255334399296
ca4_ca6,6.81199971223919
ca6_ca4,6.81199971223923
nea_src,6.86000805657973
src_nea,6.86000805657973
ca2_ca4,6.87613297002127
ca4_ca2,6.87613297002127
pm4_pm1,6.92476369222535
ita_sc3,6.9278166736463
sc3_ita,6.92781667364636
eg1_nea,6.98122639894278
nea_eg1,6.981226398943
ca2_ca3,7.0531463195918
ca3_ca2,7.0531463195918
ita_sc1,7.05719976043208
sc1_ita,7.05719976043208
nea_ve1,7.06215639147701
ve1_nea,7.06215639147722
ca5_ca6,7.09282448080873
ca6_ca5,7.09282448080877
por_glg,7.32679618663371
glg_por,7.32679618663386
ca1_ca2,7.39481545286167
ca2_ca1,7.39481545286167
nea_ve2,7.41521339847696
ve2_nea,7.41521339847696
nea_ve3,7.57696224270909
ve3_nea,7.57696224270909
nea_itf,7.71574064088362
itf_nea,7.71574064088371
pm4_pm2,8.12039849765571
itg_nea,8.4042454381314
nea_itg,8.40424543813152
pm4_pm3,8.57420201811648
nea_ito,8.63971018249233
ito_nea,8.63971018249245
nea_ita,8.81686298092157
ita_nea,8.81686298092183
sc4_nea,9.76884544326077
nea_sc4,9.76884544326107
pm4_ve1,10.1865078953272
sc3_nea,10.3548679912999
nea_sc3,10.3548679913002
nea_sc2,10.3872665395154
sc2_nea,10.3872665395154
nea_sc1,11.2562394860384
sc1_nea,11.256239486039
