L1,L2,Score_distance
fra,rup,1.0
rup,fra,1.0
rup,win,0.991250686227332
win,rup,0.991250686227332
pcd,rup,0.989353372688087
rup,pcd,0.989353372688087
pcd,ruo,0.987371197306023
ruo,pcd,0.987371197306023
ruo,win,0.982129195229326
win,ruo,0.982129195229325
qbb,win,0.97303484451939
win,qbb,0.97303484451939
fra,ruo,0.970088012285536
ruo,fra,0.970088012285536
pcd,ruq,0.962291680470541
ruq,pcd,0.962291680470541
ruq,pr2,0.961293072096053
pr2,ruq,0.961293072096052
ruq,win,0.96046543818089
win,ruq,0.96046543818089
rup,pr2,0.95429536357052
pr2,rup,0.954295363570518
lat,win,0.951652178085861
win,lat,0.95165217808586
ruo,pr2,0.950193585065697
pr2,ruo,0.950193585065697
por,win,0.949249898471802
win,por,0.9492498984718
ruo,fro,0.947258990767451
fro,ruo,0.947258990767451
pcd,qbb,0.943539587499511
qbb,pcd,0.943539587499511
lat,pcd,0.935572738800002
pcd,lat,0.935572738800001
ruo,ca3,0.934965015346627
ca3,ruo,0.934965015346626
lm1,rup,0.931984833211748
rup,lm1,0.931984833211747
qbb,ruo,0.930839140290592
ruo,qbb,0.930839140290591
pcd,ron,0.929883946750993
ron,pcd,0.929883946750993
qbb,fra,0.929418549406261
fra,qbb,0.929418549406258
ruo,lm1,0.926513693497853
lm1,ruo,0.926513693497852
ruo,pr1,0.92524906510412
pr1,ruo,0.925249065104119
ron,fra,0.925188321581552
fra,ron,0.92518832158155
sro,win,0.923759490341152
win,sro,0.923759490341151
qbb,pr2,0.923656320137687
pr2,qbb,0.923656320137685
ruo,ast,0.918079173146761
ast,ruo,0.918079173146759
ron,pr2,0.917908332843843
pr2,ron,0.917908332843842
ruq,fra,0.917474900909853
fra,ruq,0.917474900909851
spa,win,0.917445528075467
win,spa,0.917445528075467
rup,pr1,0.915534786193593
pr1,rup,0.915534786193592
ruo,ca1,0.915385032930656
ca1,ruo,0.915385032930653
ruo,ro3,0.914628138320816
ro3,ruo,0.914628138320813
ruo,ca2,0.913259350885232
ca2,ruo,0.913259350885231
ruo,ca5,0.912652682544613
ca5,ruo,0.912652682544612
li3,ruo,0.911875651458156
ruo,li3,0.911875651458155
sro,fra,0.911838360468966
fra,sro,0.911838360468962
win,lm1,0.910514457757239
lm1,win,0.910514457757239
pcd,lm1,0.908512905528176
lm1,pcd,0.908512905528174
ruo,por,0.907867890399041
por,ruo,0.90786789039904
ruo,pm5,0.907649001849315
pm5,ruo,0.907649001849312
ruo,ca6,0.906625838509693
ca6,ruo,0.906625838509692
ruo,spa,0.906588921902324
spa,ruo,0.906588921902322
ll2,rup,0.906328450661391
rup,ll2,0.906328450661385
ron,win,0.905415436643175
win,ron,0.905415436643173
pcd,sro,0.904771741693815
sro,pcd,0.904771741693814
ruo,ca4,0.904473471650402
ca4,ruo,0.904473471650401
lat,pr2,0.904470050238458
pr2,lat,0.904470050238455
qbb,lm1,0.903534349881431
lm1,qbb,0.903534349881428
sc4,win,0.903478822425886
win,sc4,0.903478822425883
ruo,sc4,0.903313250343792
sc4,ruo,0.903313250343791
pm1,ruo,0.903039389543692
ruo,pm1,0.903039389543692
ll1,ruo,0.902679152048316
ruo,ll1,0.902679152048316
pcd,ll1,0.902275193764498
ll1,pcd,0.902275193764496
ruo,ll2,0.901891192562764
ll2,ruo,0.901891192562763
pcd,spa,0.900792395377395
spa,pcd,0.900792395377393
rup,pm5,0.899832346116646
pm5,rup,0.899832346116641
pr2,sro,0.899799507995241
sro,pr2,0.899799507995241
ruq,li3,0.899338317863757
li3,ruq,0.899338317863755
sc1,fra,0.898493323463535
fra,sc1,0.898493323463528
lat,lm1,0.897513802728589
lm1,lat,0.897513802728587
ruq,ll1,0.897421595536245
ll1,ruq,0.897421595536243
ll1,rup,0.896353037493251
rup,ll1,0.896353037493247
ruo,pm4,0.896120885399895
pcd,src,0.895850288326132
src,pcd,0.895850288326132
lat,fra,0.895010514209109
fra,lat,0.895010514209105
lm1,ruq,0.895000405866484
ruq,lm1,0.895000405866484
pm4,ruo,0.894950128736035
sc2,win,0.89434929151832
win,sc2,0.894349291518318
win,sc1,0.894092293376479
sc1,win,0.894092293376476
lat,ruo,0.893746117248923
ruo,lat,0.893746117248922
ruo,ro2,0.892982870964777
ro2,ruo,0.892982870964775
pm3,ruo,0.892689776040433
ruo,pm3,0.892689776040433
rup,ro3,0.892222529033894
ro3,rup,0.892222529033892
itf,win,0.892022211903863
win,itf,0.892022211903861
ast,win,0.891903247797949
win,ast,0.891903247797947
glg,win,0.891453159095056
win,glg,0.891453159095053
rup,ro2,0.891433162498412
ro2,rup,0.891433162498411
rup,li3,0.891011250287228
li3,rup,0.891011250287226
ll1,win,0.890730706805408
win,ll1,0.890730706805407
pcd,ll2,0.889941272231049
ll2,pcd,0.889941272231048
li2,win,0.889744944821659
win,li2,0.889744944821658
ruo,ro4,0.889081080919939
ro4,ruo,0.889081080919936
pcd,li2,0.889041790027851
li2,pcd,0.889041790027848
lm1,ron,0.888712419072503
ron,lm1,0.888712419072503
src,win,0.888515195878467
win,src,0.888515195878464
ruo,ro1,0.887866410655902
ro1,ruo,0.887866410655899
eg4,ruo,0.887820638392447
ruo,eg4,0.887820638392447
pcd,por,0.886449203832179
por,pcd,0.886449203832176
ruo,pm2,0.885742639119588
pm2,ruo,0.885742639119587
sc4,rup,0.885501304202591
rup,sc4,0.885501304202589
pcd,ca3,0.883719913763265
ca3,pcd,0.883719913763261
pcd,lm2,0.883554561355038
lm2,pcd,0.883554561355037
lm2,ruo,0.883406010743908
ruo,lm2,0.883406010743908
pcd,ast,0.882785544448532
ast,pcd,0.882785544448531
pcd,fur,0.882517258932661
fur,pcd,0.882517258932658
dlm,win,0.882179928442427
win,dlm,0.882179928442425
pcd,dlm,0.882172948134206
dlm,pcd,0.882172948134203
sc4,pcd,0.880471180561208
pcd,sc4,0.880471180561207
rup,ast,0.880450269081805
ast,rup,0.880450269081803
ll2,win,0.880349504451663
win,ll2,0.880349504451662
itg,win,0.880021251963198
win,itg,0.880021251963193
pcd,eg1,0.879810912616751
eg1,pcd,0.87981091261675
qbb,lm2,0.879694368946832
lm2,qbb,0.87969436894683
pcd,itf,0.879496165367812
itf,pcd,0.87949616536781
ca1,rup,0.879318816651979
rup,ca1,0.879318816651978
pcd,ca1,0.87862018060128
ca1,pcd,0.878620180601279
itf,fra,0.87834132512161
fra,itf,0.878341325121608
ll2,ruq,0.877858684201562
ruq,ll2,0.877858684201558
ve1,ruo,0.877276805083152
ruo,ve1,0.877276805083151
sc3,win,0.876620070223361
win,sc3,0.876620070223358
pcd,ca2,0.876525792127086
ca2,pcd,0.876525792127084
eg1,win,0.875808978761625
win,eg1,0.875808978761624
pcd,glg,0.875690447843257
glg,pcd,0.875690447843256
pcd,ro1,0.875435025765792
ro1,pcd,0.875435025765791
eg3,win,0.875215603421656
win,eg3,0.875215603421655
lm2,rup,0.875156400124669
rup,lm2,0.875156400124667
pr2,lm1,0.875061765748039
lm1,pr2,0.875061765748038
pcd,li3,0.874261024788777
li3,pcd,0.874261024788777
fra,lm1,0.873777776543128
lm1,fra,0.873777776543126
ca3,rup,0.873566476080569
rup,ca3,0.873566476080569
li2,ruo,0.873228319350197
ruo,li2,0.873228319350197
eg4,win,0.872940631956659
win,eg4,0.872940631956658
sc4,fra,0.872459177525947
fra,sc4,0.872459177525938
ruo,sc2,0.872436579716282
sc2,ruo,0.87243657971628
pm4,ruq,0.872087162862495
lm2,ruq,0.87141555573326
ruq,lm2,0.871415555733257
ruo,eg2,0.871309561594535
eg2,ruo,0.871309561594534
pcd,eg2,0.871289613100543
eg2,pcd,0.871289613100541
li3,win,0.871179484513809
win,li3,0.871179484513806
li1,win,0.870718628949042
win,li1,0.870718628949042
pcd,ro4,0.870560581259824
ro4,pcd,0.870560581259823
pm4,rup,0.870422166686601
pr2,ca3,0.870009538000524
ca3,pr2,0.870009538000523
lat,lm2,0.869256112298899
lm2,lat,0.869256112298898
pcd,ca4,0.868718396859851
ca4,pcd,0.868718396859848
pm2,rup,0.868683553143899
rup,pm2,0.868683553143898
ruo,glg,0.868592089599419
glg,ruo,0.868592089599416
ruo,ve2,0.868552516907346
ve2,ruo,0.868552516907345
ro2,win,0.86843400149176
win,ro2,0.86843400149176
ruo,fur,0.868012337921241
fur,ruo,0.86801233792124
pcd,ro3,0.867989158329633
ro3,pcd,0.867989158329631
pm1,rup,0.867407093323282
rup,pm1,0.867407093323282
pr2,spa,0.867169839567953
spa,pr2,0.867169839567951
itf,pr2,0.866504831452866
pr2,itf,0.866504831452866
pcd,ca6,0.866357886787248
ca6,pcd,0.866357886787246
ruo,sro,0.866327604165176
sro,ruo,0.866327604165175
qbb,pm1,0.866302587407819
pm1,qbb,0.866302587407817
por,pr2,0.86626220741891
pr2,por,0.866262207418909
ro3,pr2,0.866166117089083
pr2,ro3,0.866166117089082
pcd,ca5,0.8657420598289
ca5,pcd,0.865742059828897
rup,ro1,0.86561160306169
ro1,rup,0.865611603061687
ruq,pm5,0.865368823117365
pm5,ruq,0.865368823117364
ruo,sc3,0.865123694459843
sc3,ruo,0.865123694459842
eg1,pr2,0.864928219178455
pr2,eg1,0.864928219178455
itg,pcd,0.864899590200497
pcd,itg,0.864899590200497
ito,win,0.864862933340226
win,ito,0.864862933340224
ruo,itf,0.864753287666558
itf,ruo,0.864753287666555
ruo,src,0.864641506502745
src,ruo,0.864641506502744
qbb,li3,0.864406623433324
li3,qbb,0.864406623433324
pcd,eg4,0.864182510649834
eg4,pcd,0.864182510649832
pr2,src,0.864110200464185
src,pr2,0.864110200464185
qbb,pm5,0.863755710250977
pm5,qbb,0.863755710250973
pcd,sc2,0.863719232579545
sc2,pcd,0.863719232579542
pm4,por,0.863672171818987
qbb,pm3,0.86285035823339
pm3,qbb,0.862850358233388
lm2,win,0.862813704901842
win,lm2,0.862813704901842
pcd,eg3,0.861962143269667
eg3,pcd,0.861962143269666
pm4,win,0.861534891038211
spa,fra,0.861103906430744
fra,spa,0.861103906430742
qbb,ruq,0.861017375904459
ruq,qbb,0.861017375904459
ron,ro3,0.860744176736058
ro3,ron,0.860744176736052
ruq,pr1,0.860704518881094
pr1,ruq,0.860704518881089
pr2,ro2,0.860629233573458
ro2,pr2,0.860629233573456
pcd,sc1,0.860529284905667
sc1,pcd,0.860529284905664
ruq,ro3,0.860458644256629
ro3,ruq,0.860458644256623
pcd,li1,0.86003957312798
li1,pcd,0.860039573127979
pm1,ruq,0.859856046022123
ruq,pm1,0.859856046022123
pcd,ito,0.859843055717522
ito,pcd,0.85984305571752
ro3,win,0.859712985315481
win,ro3,0.85971298531548
sc1,rup,0.859682041103438
rup,sc1,0.859682041103436
fro,rup,0.859139798345578
rup,fro,0.85913979834557
ll2,pr2,0.858494792548398
pr2,ll2,0.858494792548397
spa,ruq,0.858153490497691
ruq,spa,0.85815349049769
rup,pm4,0.857439092534282
lm2,pr2,0.857022537812348
pr2,lm2,0.857022537812347
fur,win,0.856848186172743
win,fur,0.856848186172743
dlm,pr2,0.856609097869453
pr2,dlm,0.856609097869451
ve2,win,0.856599862508941
win,ve2,0.856599862508938
pcd,ro2,0.856374120037501
ro2,pcd,0.856374120037499
qbb,ll1,0.856241124210888
ll1,qbb,0.856241124210883
ro4,win,0.856207390889029
win,ro4,0.856207390889029
ron,li3,0.856153528759463
li3,ron,0.856153528759462
pr2,ast,0.856037962723805
ast,pr2,0.856037962723803
li2,ruq,0.855890023124745
ruq,li2,0.855890023124745
eg3,ruo,0.855880935728943
ruo,eg3,0.855880935728943
li2,pr2,0.855864896998924
pr2,li2,0.855864896998922
rup,li2,0.855751620947213
li2,rup,0.855751620947211
qbb,pm2,0.855647386411236
pm2,qbb,0.855647386411233
ruo,sc1,0.855392203890967
sc1,ruo,0.855392203890963
eg4,rup,0.855233377619514
rup,eg4,0.855233377619504
ruo,eg1,0.855199130788693
eg1,ruo,0.855199130788692
pm4,sro,0.855133153063497
pcd,ve1,0.854851986998105
ve1,pcd,0.854851986998103
ruq,ca3,0.854827635882442
ca3,ruq,0.854827635882439
lat,pm1,0.854512420823856
pm1,lat,0.854512420823854
rup,fur,0.854223031350134
fur,rup,0.854223031350133
dlm,fra,0.854091534872927
fra,dlm,0.854091534872925
pm4,fra,0.853669821581049
win,eg2,0.852971113869342
eg2,win,0.852971113869341
ruo,ve3,0.852430093263669
ve3,ruo,0.852430093263668
eg2,pr2,0.852373437124462
pr2,eg2,0.852373437124461
pm3,rup,0.852280014703516
rup,pm3,0.852280014703516
ron,fro,0.85226711728348
fro,ron,0.852267117283479
lat,li3,0.852098415589216
li3,lat,0.852098415589216
sc2,rup,0.852023545269661
rup,sc2,0.852023545269658
itg,pr2,0.851384703207761
pr2,itg,0.851384703207759
ca4,pr2,0.851344144503041
pr2,ca4,0.851344144503041
sc1,pr2,0.851331880808134
pr2,sc1,0.851331880808131
li3,pr2,0.851263182663722
pr2,li3,0.851263182663718
pcd,sc3,0.85118934308772
sc3,pcd,0.85118934308772
sc4,pr2,0.851155610009658
pr2,sc4,0.851155610009649
pr2,ca2,0.849949292015481
ca2,pr2,0.84994929201548
pr2,ca5,0.849802298996112
ca5,pr2,0.849802298996111
ro1,win,0.849074839681557
win,ro1,0.849074839681557
sc3,rup,0.849040111508333
rup,sc3,0.849040111508331
ve1,pr2,0.848895703636729
pr2,ve1,0.848895703636728
ruq,sc4,0.848828754945096
sc4,ruq,0.848828754945096
ruo,li1,0.848622621202408
li1,ruo,0.848622621202407
pr2,ca6,0.847686568949343
ca6,pr2,0.84768656894934
lat,ll1,0.84748027673545
ll1,lat,0.847480276735446
fro,ruq,0.847217317365635
ruq,fro,0.847217317365629
pcd,ve2,0.846760225638377
ve2,pcd,0.846760225638376
qbb,ca3,0.846218573823188
ca3,qbb,0.846218573823177
por,fra,0.846087354212565
fra,por,0.846087354212562
glg,pr2,0.84607792008808
pr2,glg,0.84607792008808
li2,fra,0.845460611255072
fra,li2,0.845460611255069
ve1,win,0.844825689363621
win,ve1,0.844825689363619
win,ca3,0.84460125092768
ca3,win,0.844601250927677
ca4,win,0.844353294735143
win,ca4,0.844353294735142
rup,spa,0.844289010544485
spa,rup,0.844289010544483
ruo,itg,0.844091611091734
itg,ruo,0.844091611091734
src,rup,0.843977840585078
rup,src,0.843977840585075
sc2,fra,0.843527768413322
fra,sc2,0.843527768413314
ca5,win,0.843367481344881
win,ca5,0.843367481344879
ca6,win,0.843329159343002
win,ca6,0.843329159343
pm1,ron,0.843321870084149
ron,pm1,0.843321870084149
por,rup,0.842727107404261
rup,por,0.842727107404258
ro2,ruq,0.841862670021183
ruq,ro2,0.841862670021183
lat,pm5,0.841366704455201
pm5,lat,0.841366704455197
ron,ro2,0.840935971716058
ro2,ron,0.840935971716054
pr2,ro1,0.840218849072192
ro1,pr2,0.84021884907219
ruq,pm4,0.839952743400906
qbb,pr1,0.839759424979548
pr1,qbb,0.839759424979546
src,fra,0.83946123131092
fra,src,0.839461231310917
ve1,ruq,0.839401601790695
ruq,ve1,0.83940160179069
ruq,ast,0.839390661904971
ast,ruq,0.839390661904969
fra,eg4,0.839375496946611
eg4,fra,0.83937549694661
ve3,win,0.838985251692809
win,ve3,0.838985251692805
ca5,rup,0.83873935760732
rup,ca5,0.838739357607315
pm1,win,0.838642651384804
win,pm1,0.838642651384801
qbb,pm4,0.838351923239237
pm1,pr2,0.838156769341105
pr2,pm1,0.838156769341105
eg4,ruq,0.838068813205594
ruq,eg4,0.83806881320559
ca4,rup,0.8379963402315
rup,ca4,0.837996340231496
eg3,pr2,0.837886951610844
pr2,eg3,0.837886951610842
pm2,ruq,0.837289893069321
ruq,pm2,0.837289893069321
fra,eg1,0.837162417585912
eg1,fra,0.837162417585911
ron,lm2,0.837076415251375
lm2,ron,0.837076415251373
ca6,rup,0.837021103475345
rup,ca6,0.837021103475339
lat,pm3,0.836982325772989
pm3,lat,0.836982325772986
qbb,ro3,0.836957686142764
ro3,qbb,0.836957686142757
ron,pm5,0.836901809762055
pm5,ron,0.836901809762049
ast,fra,0.836562531982012
fra,ast,0.836562531982012
pm5,win,0.836167092168241
win,pm5,0.83616709216824
win,pm4,0.835785679036676
ca2,rup,0.835326218782955
rup,ca2,0.835326218782953
qbb,fur,0.835324041584722
fur,qbb,0.835324041584721
sro,ro3,0.835233862960973
ro3,sro,0.835233862960969
li1,pr2,0.834859864005574
pr2,li1,0.834859864005571
lat,ca3,0.834682901167294
ca3,lat,0.834682901167284
ruo,ito,0.834207744561375
ito,ruo,0.834207744561374
ca2,win,0.833891340681305
win,ca2,0.833891340681305
pr2,ca1,0.833564547985526
ca1,pr2,0.833564547985523
pcd,pm5,0.833389788690208
pm5,pcd,0.833389788690205
fra,ll1,0.8333601511437
ll1,fra,0.833360151143697
pm4,ca3,0.833045630880144
qbb,rup,0.832926734202491
rup,qbb,0.832926734202486
ruq,sc2,0.832725579728043
sc2,ruq,0.832725579728042
pm5,ast,0.832716758688114
eg4,pr2,0.832646882488336
pr2,eg4,0.832646882488335
ro4,rup,0.832534556771964
rup,ro4,0.832534556771962
lat,pm2,0.832370504545714
pm2,lat,0.832370504545711
por,ruq,0.832354723282952
ruq,por,0.832354723282952
eg2,ruq,0.83227914885003
ruq,eg2,0.83227914885003
rup,li1,0.831909092781667
li1,rup,0.831909092781666
sro,ll1,0.831821629082886
ll1,sro,0.831821629082881
ca6,fra,0.831685682731355
fra,ca6,0.831685682731355
eg3,rup,0.831672071040932
rup,eg3,0.831672071040926
sro,ro2,0.83120894473445
ro2,sro,0.831208944734448
ito,pr2,0.831106130790758
pr2,ito,0.831106130790755
fra,eg2,0.830980676276194
eg2,fra,0.83098067627619
fur,pr2,0.830881087801011
pr2,fur,0.830881087801007
pm4,fro,0.83083471306839
pm5,ca1,0.830733643737146
pcd,ve3,0.830687264415249
ve3,pcd,0.830687264415247
sc3,fra,0.830582673022693
fra,sc3,0.830582673022683
ve1,rup,0.830327678148521
rup,ve1,0.830327678148516
pm3,ruq,0.830284863948205
ruq,pm3,0.830284863948205
fra,ca5,0.830154386784338
ca5,fra,0.830154386784334
pm3,win,0.829938578913381
win,pm3,0.82993857891338
fra,ca4,0.829602198116336
ca4,fra,0.829602198116333
fro,lm1,0.829397492804397
lm1,fro,0.829397492804395
fra,fur,0.829322492778544
fur,fra,0.829322492778541
ruq,ro1,0.829107565396608
ro1,ruq,0.829107565396606
ll1,ron,0.829089205723403
ron,ll1,0.829089205723403
ve2,pr2,0.8288390846099
pr2,ve2,0.828839084609896
eg2,rup,0.828576748709313
rup,eg2,0.828576748709311
ca2,fra,0.828175199987439
fra,ca2,0.828175199987436
ruq,itf,0.828053268877319
itf,ruq,0.828053268877315
sro,rup,0.828012270394468
rup,sro,0.828012270394464
pm2,win,0.82792423009257
win,pm2,0.827924230092568
fra,eg3,0.827888407134253
eg3,fra,0.827888407134253
ro4,pr2,0.827859425709257
pr2,ro4,0.827859425709255
fro,qbb,0.827839862373591
qbb,fro,0.827839862373585
pcd,pm1,0.82769756249671
pm1,pcd,0.827697562496707
fra,ca3,0.827686177630678
ca3,fra,0.827686177630675
pr2,pm4,0.82766174547948
nea,pcd,0.827526679377994
pcd,nea,0.827526679377984
pcd,pm4,0.827344284401295
ruq,sro,0.82726817503464
sro,ruq,0.827268175034638
ll2,ron,0.827096368576428
ron,ll2,0.827096368576427
ll1,pr2,0.826924806548132
pr2,ll1,0.826924806548131
fra,glg,0.826895675495623
glg,fra,0.826895675495623
itg,fra,0.82594264376253
fra,itg,0.825942643762525
lm2,sro,0.825510784540403
sro,lm2,0.825510784540401
pcd,pm3,0.825102829599838
pm3,pcd,0.825102829599836
sro,lm1,0.824667287277394
lm1,sro,0.824667287277391
lm2,fra,0.824574341998357
fra,lm2,0.824574341998356
pm1,sro,0.824301072613989
sro,pm1,0.824301072613988
lat,rup,0.824269145351667
rup,lat,0.824269145351662
fra,ro2,0.823945279960518
ro2,fra,0.823945279960514
ruq,ca2,0.823837469881807
ca2,ruq,0.823837469881801
pcd,pr2,0.823307102992701
pr2,pcd,0.8233071029927
qbb,ro2,0.823070001559518
ro2,qbb,0.823070001559516
li1,ruq,0.822598175937396
ruq,li1,0.822598175937393
sc2,pr2,0.822585505498177
pr2,sc2,0.822585505498175
lat,ro3,0.82227278652716
ro3,lat,0.822272786527155
ruq,ca6,0.822262971860907
ca6,ruq,0.822262971860905
eg1,ruq,0.822255347659716
ruq,eg1,0.822255347659707
ron,ast,0.82197298681212
ast,ron,0.821972986812119
ruq,sc3,0.821819937699912
sc3,ruq,0.82181993769991
ron,sc4,0.82179256677614
sc4,ron,0.821792566776139
ruo,nea,0.821725988437592
nea,ruo,0.821725988437586
ron,pm3,0.821483114386845
pm3,ron,0.821483114386844
ron,pr1,0.821291115944637
pr1,ron,0.821291115944634
ita,win,0.821123546813243
win,ita,0.821123546813237
ve2,rup,0.820645128693626
rup,ve2,0.820645128693619
pm4,src,0.820213088850469
ron,ca5,0.820189216544344
ca5,ron,0.820189216544342
ita,pcd,0.819860032528642
pcd,ita,0.819860032528642
lat,pm4,0.819782930390375
qbb,ca1,0.819581571831259
ca1,qbb,0.819581571831251
ruq,ca4,0.819566996229751
ca4,ruq,0.819566996229747
pcd,pm2,0.819119636889332
pm2,pcd,0.819119636889329
fra,ro3,0.81904160414443
ro3,fra,0.819041604144425
ve3,pr2,0.818926075655347
pr2,ve3,0.818926075655344
nea,pr2,0.818519859260262
pr2,nea,0.818519859260251
rup,itf,0.818063852482125
itf,rup,0.818063852482123
lat,fur,0.817915531721908
fur,lat,0.817915531721906
pm3,pr2,0.817784357175615
pr2,pm3,0.817784357175614
spa,ro3,0.817694582632916
ro3,spa,0.817694582632913
ast,lm1,0.817422996741505
lm1,ast,0.817422996741502
ron,pm2,0.817327605845369
pm2,ron,0.817327605845367
pm2,pr2,0.816687314218821
pr2,pm2,0.81668731421882
li3,sro,0.816515000272969
sro,li3,0.816515000272966
eg4,ron,0.814853094213406
ron,eg4,0.814853094213405
pr2,win,0.814766294134685
win,pr2,0.814766294134685
ron,pm4,0.814582723574658
lm1,ro3,0.81402029099612
ro3,lm1,0.81402029099612
ca3,ll1,0.813881933576175
ll1,ca3,0.813881933576175
ruq,ca5,0.813730204470741
ca5,ruq,0.813730204470738
fra,ll2,0.813519982059695
ll2,fra,0.813519982059695
pm4,glg,0.813409859159573
lm1,spa,0.813240874150033
spa,lm1,0.813240874150033
fra,ve2,0.813222072037756
ve2,fra,0.813222072037754
fro,lat,0.81301954388845
lat,fro,0.813019543888448
dlm,lm1,0.812936749342981
lm1,dlm,0.812936749342977
lat,pr1,0.811805984653724
pr1,lat,0.811805984653723
qbb,eg4,0.811748494861337
eg4,qbb,0.811748494861334
pm5,pr2,0.811491435696818
pr2,pm5,0.811491435696817
li2,ron,0.811440714987635
ron,li2,0.811440714987635
ve1,fra,0.811402170198787
fra,ve1,0.811402170198784
pcd,fro,0.811372491410605
fro,pcd,0.811372491410604
pm4,ron,0.81123592960921
sro,fur,0.81110900777864
fur,sro,0.811109007778637
pm1,spa,0.81025011695684
spa,pm1,0.810250116956838
pm4,qbb,0.810122241882213
fra,pm1,0.809853447396205
pm1,fra,0.809853447396204
fra,ro4,0.809398092647858
ro4,fra,0.809398092647854
glg,lm1,0.809386109991439
lm1,glg,0.809386109991438
sc3,pr2,0.809272358730142
pr2,sc3,0.809272358730139
qbb,ro1,0.809066606395434
ro1,qbb,0.809066606395425
glg,rup,0.808961492882301
rup,glg,0.808961492882301
ruq,sc1,0.808912274149196
sc1,ruq,0.808912274149194
fur,ron,0.808898317960347
ron,fur,0.808898317960346
ron,ca2,0.808814670126628
ca2,ron,0.808814670126624
ruq,src,0.808799252370597
src,ruq,0.808799252370597
pm4,pr2,0.80868645162731
pr1,lm1,0.808428771532013
lm1,pr1,0.80842877153201
qbb,li1,0.808202051594355
li1,qbb,0.808202051594354
ron,spa,0.80811576120252
spa,ron,0.808115761202519
eg1,rup,0.80777309329827
rup,eg1,0.807773093298259
pm4,lat,0.807565187437154
qbb,ro4,0.807468683639297
ro4,qbb,0.80746868363929
fra,ve3,0.807283670488159
ve3,fra,0.807283670488156
li1,fra,0.806963598476277
fra,li1,0.806963598476273
ron,ro4,0.80669904595855
ro4,ron,0.806699045958545
ron,ca4,0.806539386817493
ca4,ron,0.806539386817488
lm2,src,0.806089157322372
src,lm2,0.806089157322372
ve3,rup,0.806087320816008
rup,ve3,0.806087320816
qbb,li2,0.80569273400679
li2,qbb,0.805692734006787
ruo,ita,0.805608032033798
ita,ruo,0.805608032033797
pm4,spa,0.805255769153257
win,ca1,0.804498636213338
ca1,win,0.804498636213332
dlm,ca3,0.804409605754127
ca3,dlm,0.804409605754123
ron,ca6,0.804400738112362
ca6,ron,0.804400738112357
eg3,ruq,0.804022841309065
ruq,eg3,0.804022841309061
fro,sro,0.8039180153683
sro,fro,0.803918015368294
li3,fra,0.80383506844588
fra,li3,0.803835068445879
li1,sro,0.8037061038001
sro,li1,0.8037061038001
ito,fra,0.803684435593143
fra,ito,0.803684435593139
ron,ro1,0.803301477405398
ro1,ron,0.803301477405393
lm1,ro2,0.803293077429178
ro2,lm1,0.803293077429178
pm3,sro,0.803285154465025
sro,pm3,0.803285154465025
rup,nea,0.802939363889008
nea,rup,0.802939363889003
pcd,pr1,0.802694661712822
pr1,pcd,0.802694661712819
pm2,sro,0.802113836998676
sro,pm2,0.802113836998674
sro,ro1,0.802006253616257
ro1,sro,0.80200625361625
lat,ro2,0.80191274177048
ro2,lat,0.801912741770477
eg1,qbb,0.801840050881655
qbb,eg1,0.801840050881655
lat,eg4,0.801464862815136
eg4,lat,0.801464862815132
fro,itf,0.801355106975748
itf,fro,0.801355106975744
eg1,ro3,0.80067929272877
ro3,eg1,0.800679292728766
sro,pr1,0.800437276467488
pr1,sro,0.800437276467487
pm4,ca2,0.799890893331349
ruq,fur,0.799766098698799
fur,ruq,0.799766098698798
ve3,ruq,0.799521829438798
ruq,ve3,0.799521829438792
ro4,lm1,0.799330462753908
lm1,ro4,0.799330462753908
lm2,spa,0.799299161280525
spa,lm2,0.799299161280523
ron,ca3,0.799169351172204
ca3,ron,0.799169351172199
ruq,ro4,0.798981800375575
ro4,ruq,0.798981800375572
qbb,ron,0.798499863743639
ron,qbb,0.798499863743637
lat,li1,0.798116997541232
li1,lat,0.798116997541232
ve2,ruq,0.798094117560234
ruq,ve2,0.798094117560229
sro,ca3,0.797853730753363
ca3,sro,0.79785373075336
sro,pm4,0.797440844569585
src,lm1,0.797308581302815
lm1,src,0.797308581302813
lat,li2,0.797096886262732
li2,lat,0.79709688626273
ruq,ca1,0.797051622597293
ca1,ruq,0.797051622597289
pm4,pcd,0.796845670733759
qbb,eg2,0.796533990990012
eg2,qbb,0.79653399099001
pm4,dlm,0.796436348454899
dlm,li3,0.796258768005876
li3,dlm,0.796258768005874
ca1,fra,0.79605966549853
fra,ca1,0.79605966549853
fro,pr2,0.795701242633258
pr2,fro,0.795701242633255
qbb,ca5,0.795582886836528
ca5,qbb,0.795582886836524
ron,glg,0.7953459680952
glg,ron,0.795345968095196
lat,eg1,0.794528808405998
eg1,lat,0.794528808405995
qbb,ca6,0.793776151235451
ca6,qbb,0.793776151235444
ita,pr2,0.79325845165441
pr2,ita,0.793258451654407
pm3,spa,0.793252239427169
spa,pm3,0.793252239427167
lm2,ca3,0.793249463587463
ca3,lm2,0.793249463587456
eg1,fro,0.79261951126654
fro,eg1,0.79261951126654
eg3,ron,0.791617324026509
ron,eg3,0.791617324026509
eg1,pr1,0.791574735162124
pr1,eg1,0.791574735162122
pm4,ro2,0.791474614545551
eg2,ron,0.791404254017347
ron,eg2,0.791404254017347
lat,ca5,0.791276146457174
ca5,lat,0.791276146457168
ruq,glg,0.790895217969185
glg,ruq,0.790895217969183
pm4,ca4,0.790663197564761
li3,ca4,0.790602525497796
ca4,li3,0.790602525497792
lat,eg2,0.790480088637036
eg2,lat,0.790480088637033
lat,ca6,0.790400436461602
ca6,lat,0.790400436461596
ca3,li3,0.789669093532305
li3,ca3,0.789669093532303
lat,ca1,0.789006465987509
ca1,lat,0.789006465987499
pm2,spa,0.788720128326724
spa,pm2,0.788720128326723
nea,fra,0.788718212648128
fra,nea,0.788718212648109
li3,spa,0.788448812560201
spa,li3,0.788448812560195
lat,ro4,0.788283727580956
ro4,lat,0.788283727580949
src,ca3,0.788224391095025
ca3,src,0.788224391095023
ron,ve2,0.788223744671429
ve2,ron,0.788223744671429
lat,ro1,0.78803152772368
ro1,lat,0.788031527723672
ca4,lm1,0.787860400385519
lm1,ca4,0.787860400385517
ca3,ro3,0.787859305216527
ro3,ca3,0.787859305216527
pr1,pr2,0.78766040077184
pr2,pr1,0.787660400771838
ron,ve1,0.787494095470572
ve1,ron,0.787494095470572
fro,nea,0.78704589067183
nea,fro,0.787045890671828
lm2,fro,0.787026900370838
fro,lm2,0.787026900370835
li2,fro,0.786822832767659
fro,li2,0.786822832767657
pr1,spa,0.786814664173937
spa,pr1,0.786814664173934
fro,pm1,0.786670603217097
pm1,fro,0.786670603217097
pm4,ca1,0.786187892449621
qbb,ca4,0.785739180332176
ca4,qbb,0.785739180332169
dlm,pr1,0.784756066505362
pr1,dlm,0.784756066505362
dlm,qbb,0.784320261397009
qbb,dlm,0.784320261397009
src,ron,0.783950788651555
ron,src,0.783950788651554
pr1,win,0.783807968641765
win,pr1,0.783807968641764
ll1,ca4,0.783759447711291
ca4,ll1,0.783759447711289
li2,ro3,0.783643838825225
ro3,li2,0.783643838825225
sro,pm5,0.783634085505111
pm5,sro,0.783634085505107
qbb,ast,0.783471905447821
ast,qbb,0.783471905447814
qbb,eg3,0.783441070060272
eg3,qbb,0.783441070060267
qbb,ll2,0.783251857808379
ll2,qbb,0.783251857808374
rup,itg,0.782918091702035
itg,rup,0.782918091702032
fra,pm4,0.782890047724149
li3,ca6,0.782452338832023
ca6,li3,0.782452338832022
li1,ron,0.782329536239551
ron,li1,0.78232953623955
lm1,ca3,0.78229067641726
ca3,lm1,0.782290676417258
fra,ro1,0.782198416869841
ro1,fra,0.782198416869839
lm1,ca2,0.782134077744399
ca2,lm1,0.782134077744398
lat,ca4,0.782088948052022
ca4,lat,0.782088948052015
nea,win,0.781652221985642
win,nea,0.781652221985633
spa,pm4,0.781180849187321
ca6,lm1,0.780833541380011
lm1,ca6,0.78083354138001
eg1,ro2,0.780750192397056
ro2,eg1,0.78075019239705
itf,ro3,0.780744756168905
ro3,itf,0.780744756168905
lm2,ca6,0.780588486614385
ca6,lm2,0.780588486614383
lat,eg3,0.780569744160325
eg3,lat,0.780569744160322
ast,lm2,0.780299444704023
lm2,ast,0.780299444704022
dlm,glg,0.779876324980387
glg,dlm,0.779876324980383
itg,ruq,0.77944843303239
ruq,itg,0.779448433032388
ron,sc2,0.779192159448354
sc2,ron,0.779192159448352
ast,pm1,0.778212370492361
pm1,ast,0.778212370492361
eg1,spa,0.778176307254447
spa,eg1,0.77817630725444
pm1,ca3,0.778157979087643
ca3,pm1,0.77815797908764
spa,ro2,0.777741219234627
ro2,spa,0.777741219234626
pm4,ca5,0.777659088970721
li3,pr1,0.777653234177179
pr1,li3,0.777653234177177
ro2,src,0.777642694577853
src,ro2,0.777642694577848
ca5,pm1,0.777628753485116
pm1,ca5,0.777628753485116
ca5,lm1,0.777337675775087
lm1,ca5,0.777337675775084
ro2,itf,0.777289077090439
itf,ro2,0.777289077090437
por,ro3,0.776701839968932
ro3,por,0.77670183996893
pr1,itf,0.776557663514225
itf,pr1,0.776557663514224
glg,ro3,0.77637586762274
ro3,glg,0.776375867622736
dlm,spa,0.776319950348149
spa,dlm,0.776319950348146
li3,ca5,0.776304263898487
ca5,li3,0.776304263898483
li3,src,0.776190028007332
src,li3,0.776190028007332
qbb,spa,0.775954525050137
spa,qbb,0.77595452505013
ll2,sro,0.775353013210154
sro,ll2,0.775353013210149
fra,pm5,0.775340307458683
pm5,fra,0.775340307458682
ron,sc3,0.775035847379041
sc3,ron,0.77503584737904
fro,li3,0.775022450322088
li3,fro,0.775022450322084
ca4,lm2,0.775010731512979
lm2,ca4,0.775010731512979
li2,sro,0.774958600760823
sro,li2,0.774958600760823
li2,pr1,0.774791537804989
pr1,li2,0.774791537804989
fro,win,0.774783251475133
win,fro,0.774783251475131
qbb,ca2,0.773794379311666
ca2,qbb,0.773794379311657
spa,ro1,0.773697409334813
ro1,spa,0.77369740933481
lm2,ca2,0.773660463603919
ca2,lm2,0.773660463603918
fra,pm3,0.773476246356324
pm3,fra,0.773476246356322
ca3,ro2,0.773458987602517
ro2,ca3,0.773458987602517
lat,ron,0.773297252450547
ron,lat,0.773297252450547
li3,ast,0.772282851485366
ast,li3,0.77228285148536
ron,itf,0.772008938491146
itf,ron,0.772008938491142
lm2,ca5,0.772007624090537
ca5,lm2,0.772007624090536
eg1,ron,0.771947294151297
ron,eg1,0.771947294151291
pm4,fur,0.771789862602335
glg,pm1,0.771753965023559
pm1,glg,0.771753965023559
lat,ca2,0.770907370269837
ca2,lat,0.77090737026983
fur,pm1,0.770835056776712
pm1,fur,0.77083505677671
pr1,ve1,0.770779709074068
ve1,pr1,0.770779709074067
ro4,spa,0.770741075458094
spa,ro4,0.770741075458094
ca2,ro3,0.77055373211857
ro3,ca2,0.770553732118564
ca4,pm1,0.770473250183068
pm1,ca4,0.770473250183068
li3,ca2,0.77042608209974
ca2,li3,0.770426082099736
pm1,ca2,0.770303616619374
ca2,pm1,0.770303616619372
ro2,ast,0.770272771031758
ast,ro2,0.770272771031756
ca6,ro3,0.770230811608258
ro3,ca6,0.770230811608258
ca4,pm2,0.770197260715282
pm2,ca4,0.770197260715282
pm1,ca6,0.770193416995423
ca6,pm1,0.770193416995422
fro,pm5,0.769661110683487
pm5,fro,0.769661110683482
pm3,ca4,0.769615423588102
ca4,pm3,0.7696154235881
ca5,ro3,0.769466526584406
ro3,ca5,0.769466526584405
fra,pm2,0.769214940466843
pm2,fra,0.769214940466841
eg2,fro,0.768901914632062
fro,eg2,0.768901914632062
lat,ll2,0.768795612229992
ll2,lat,0.768795612229992
por,ron,0.768752915915493
ron,por,0.768752915915487
ron,ca1,0.768568273350903
ca1,ron,0.768568273350893
ca4,ro3,0.767760294713996
ro3,ca4,0.767760294713994
lm2,glg,0.76727180284131
glg,lm2,0.767271802841308
ca1,ll1,0.767074868332519
ll1,ca1,0.767074868332519
glg,pm2,0.766814196269078
pm2,glg,0.766814196269078
ro2,por,0.76674820541976
por,ro2,0.766748205419758
ro3,src,0.766683707638562
src,ro3,0.766683707638559
ita,fra,0.76645776814121
fra,ita,0.766457768141202
fur,lm1,0.76614442079399
lm1,fur,0.766144420793987
pm2,ca2,0.76602554447658
ca2,pm2,0.766025544476578
sro,ro4,0.765862280044527
ro4,sro,0.765862280044524
ll1,ca5,0.765477871644251
ca5,ll1,0.765477871644248
li3,ro3,0.765447118125352
ro3,li3,0.765447118125349
ito,rup,0.765351639791532
rup,ito,0.765351639791532
fro,spa,0.764945989145744
spa,fro,0.764945989145741
sc1,pr1,0.764835212912811
pr1,sc1,0.764835212912807
sro,ast,0.764730315380463
ast,sro,0.76473031538046
dlm,pm5,0.764648889050879
pm5,dlm,0.764648889050877
ast,ro3,0.76448919410785
ro3,ast,0.764489194107847
ll1,ca2,0.764421868695811
ca2,ll1,0.764421868695809
glg,pm4,0.764418553668271
por,lm1,0.764081520496234
lm1,por,0.76408152049623
ca6,pm2,0.763926293158974
pm2,ca6,0.763926293158974
fur,glg,0.763716672892108
glg,fur,0.763716672892106
li3,ro2,0.763221596293556
ro2,li3,0.763221596293556
ron,sc1,0.763203503708685
sc1,ron,0.76320350370868
sc4,qbb,0.762854616790822
qbb,sc4,0.762854616790821
pm1,por,0.762831964387637
por,pm1,0.762831964387637
pm1,src,0.762658787093625
src,pm1,0.762658787093625
pcd,win,0.762620910456966
win,pcd,0.76262091045696
ast,fro,0.762607576443307
fro,ast,0.762607576443307
pm2,ast,0.762087576541098
ast,pm2,0.762087576541096
ll1,glg,0.761925661288965
glg,ll1,0.761925661288962
li2,ro2,0.761633171126392
ro2,li2,0.761633171126392
eg1,ast,0.761612853122388
ast,eg1,0.761612853122382
ca6,ro2,0.761487033274946
ro2,ca6,0.761487033274944
pm2,ca5,0.760909023008009
ca5,pm2,0.760909023008007
dlm,ca6,0.760883630093154
ca6,dlm,0.760883630093152
itg,fro,0.760579728920168
fro,itg,0.760579728920166
fur,spa,0.760413782455087
spa,fur,0.760413782455085
glg,pm3,0.760285700764443
pm3,glg,0.760285700764443
pr1,src,0.76018646908367
src,pr1,0.76018646908367
ca3,pm4,0.759914454431056
ll2,lm1,0.759690823334774
lm1,ll2,0.759690823334769
lat,dlm,0.759585012434328
dlm,lat,0.759585012434325
qbb,ve2,0.759506688014349
ve2,qbb,0.759506688014346
sc1,lm1,0.759485419286431
lm1,sc1,0.759485419286424
fro,sc4,0.759315714743232
sc4,fro,0.759315714743232
lat,spa,0.759282681157801
spa,lat,0.759282681157791
pm2,ca3,0.759175949313228
ca3,pm2,0.759175949313226
lat,ast,0.758744956913492
ast,lat,0.758744956913482
lat,ve2,0.758435946787
ve2,lat,0.758435946786997
sc4,ca3,0.758340474708868
ca3,sc4,0.758340474708865
ll1,ca6,0.758312672513829
ca6,ll1,0.758312672513825
li2,ca3,0.758303415848074
ca3,li2,0.758303415848071
pr1,eg4,0.758279316309454
eg4,pr1,0.758279316309452
ca4,pm4,0.758176895458838
eg3,fro,0.757815647712054
fro,eg3,0.757815647712054
ast,pm5,0.757345803141728
por,li3,0.756971821761579
li3,por,0.756971821761577
spa,pm5,0.756919663426805
pm5,spa,0.756919663426801
pr1,eg2,0.756756619474889
eg2,pr1,0.756756619474886
pm3,ca5,0.756675516572415
ca5,pm3,0.756675516572411
ast,pm4,0.756506899211192
ve1,ro3,0.756318161920454
ro3,ve1,0.756318161920445
ll2,ca2,0.755665401739587
ca2,ll2,0.755665401739585
pm3,ast,0.755640656197186
ast,pm3,0.755640656197184
li1,fro,0.755341905087406
fro,li1,0.755341905087403
pr1,lm2,0.755281614362701
lm2,pr1,0.7552816143627
pm3,ca2,0.755143759026647
ca2,pm3,0.755143759026645
src,pm5,0.754989965974181
pm5,src,0.754989965974172
eg2,ro3,0.754852014356636
ro3,eg2,0.754852014356635
ro4,ast,0.754705187092603
ast,ro4,0.754705187092596
glg,ll2,0.754504182349617
ll2,glg,0.754504182349616
ro1,ca3,0.754395467987816
ca3,ro1,0.754395467987814
nea,ro3,0.7542933136059
ro3,nea,0.754293313605897
ll2,src,0.754256012786403
src,ll2,0.754256012786403
pr1,eg3,0.754155998774009
eg3,pr1,0.754155998774007
ro2,pm4,0.753978464691733
qbb,ve3,0.753925210756791
ve3,qbb,0.753925210756786
sc1,qbb,0.75390188650963
qbb,sc1,0.753901886509629
pm4,sc1,0.753893768359287
eg4,ro3,0.75382742216899
ro3,eg4,0.753827422168989
ll2,spa,0.753726460425525
spa,ll2,0.753726460425524
li2,dlm,0.753693985478178
dlm,li2,0.753693985478175
ca5,ro2,0.753674823097419
ro2,ca5,0.753674823097417
pm3,ca6,0.753414462390997
ca6,pm3,0.753414462390995
ro4,ca3,0.753345603144443
ca3,ro4,0.753345603144441
pm3,ca3,0.753109942475216
ca3,pm3,0.753109942475215
fro,fur,0.753033177601416
fur,fro,0.753033177601416
pr1,itg,0.752994437112224
itg,pr1,0.752994437112222
itf,ro1,0.75294345105115
ro1,itf,0.75294345105115
pm1,pr1,0.752823785839856
pr1,pm1,0.752823785839855
itf,ro4,0.752788271103288
ro4,itf,0.752788271103288
dlm,ca5,0.752498516108801
ca5,dlm,0.7524985161088
glg,pm5,0.752465777226867
pm5,glg,0.752465777226865
ca1,lm1,0.752285898097868
lm1,ca1,0.752285898097868
fro,pm4,0.752211157165756
fur,ro3,0.752155036430409
ro3,fur,0.752155036430407
ca1,pm1,0.752131228183962
pm1,ca1,0.752131228183962
dlm,ast,0.751929234774856
ast,dlm,0.751929234774853
eg1,ro4,0.751835575375482
ro4,eg1,0.751835575375477
ca4,ro2,0.751770338372536
ro2,ca4,0.751770338372534
ll1,spa,0.751451437590807
spa,ll1,0.751451437590799
ro3,pm4,0.751352566542764
fro,sc2,0.751325285487566
sc2,fro,0.751325285487558
li1,ro3,0.751325213045992
ro3,li1,0.75132521304599
fra,pr2,0.751094595844211
pr2,fra,0.751094595844206
li3,fur,0.750987201686764
fur,li3,0.750987201686762
ve3,ron,0.750707571871805
ron,ve3,0.750707571871802
ll2,fro,0.75064579567476
fro,ll2,0.750645795674757
src,li2,0.750618760287359
li2,src,0.750618760287358
src,ll1,0.750483627002527
ll1,src,0.750483627002522
ll1,por,0.750420420944566
por,ll1,0.750420420944566
ll2,ca3,0.750364787556545
ca3,ll2,0.750364787556543
sro,ca5,0.750264592013856
ca5,sro,0.750264592013853
fro,pm2,0.750244406303182
pm2,fro,0.75024440630318
glg,ro2,0.750110076732438
ro2,glg,0.750110076732433
fro,pm3,0.750011796854374
pm3,fro,0.750011796854374
dlm,ca2,0.749997099032549
ca2,dlm,0.749997099032547
eg4,fro,0.749947430072386
fro,eg4,0.749947430072386
ro2,ca2,0.749132262579697
ca2,ro2,0.749132262579694
src,ca2,0.749104131662351
ca2,src,0.749104131662347
por,ro1,0.74890392258288
ro1,por,0.748903922582877
lm2,dlm,0.748856629345205
dlm,lm2,0.748856629345203
src,ast,0.748822148286133
ast,src,0.748822148286132
eg3,ro3,0.748802464371488
ro3,eg3,0.748802464371486
sro,dlm,0.748740210160185
dlm,sro,0.748740210160181
sro,spa,0.748440678206686
spa,sro,0.748440678206682
ll1,pm1,0.74836124754896
pm1,ll1,0.74836124754896
pm1,lm1,0.748141236808553
lm1,pm1,0.748141236808549
ca4,li2,0.748083456803118
li2,ca4,0.748083456803116
ca4,sro,0.748020086658505
sro,ca4,0.748020086658505
por,pm3,0.74791030270497
pm3,por,0.747910302704967
sc4,ro2,0.74784456397199
ro2,sc4,0.747844563971985
eg1,ro1,0.747721518504809
ro1,eg1,0.747721518504803
ca2,pm4,0.747699530098487
fur,ro2,0.747676228819884
ro2,fur,0.747676228819884
fro,src,0.747451981931833
src,fro,0.74745198193183
eg1,ca3,0.747244158764156
ca3,eg1,0.747244158764144
ito,ruq,0.747215198145424
ruq,ito,0.747215198145422
pm3,ro2,0.747134608874951
ro2,pm3,0.74713460887495
ca3,fur,0.747036111506104
fur,ca3,0.747036111506104
li1,ca3,0.746997314496297
ca3,li1,0.746997314496293
qbb,ve1,0.746876231530444
ve1,qbb,0.74687623153044
lm1,ro1,0.746847886214877
ro1,lm1,0.746847886214875
pm4,pr1,0.74681645677703
pm2,pr1,0.746804731677591
pr1,pm2,0.74680473167759
sc4,pr1,0.746632929248682
pr1,sc4,0.746632929248679
ll2,pr1,0.746580616945681
pr1,ll2,0.746580616945681
src,spa,0.746566822825153
spa,src,0.746566822825149
li3,ro4,0.746438765119801
ro4,li3,0.746438765119799
ca6,eg1,0.746285068371424
eg1,ca6,0.746285068371424
ca4,eg1,0.746153912008367
eg1,ca4,0.746153912008367
ll1,pr1,0.745925642748352
pr1,ll1,0.745925642748352
pm1,dlm,0.745676781183748
dlm,pm1,0.745676781183746
fro,ro3,0.745652239877072
ro3,fro,0.745652239877068
ve1,fro,0.745563235656857
fro,ve1,0.745563235656855
ca5,pm4,0.745371179930927
fur,ca5,0.745063813599745
ca5,fur,0.745063813599743
src,ca5,0.745054593649399
ca5,src,0.745054593649398
eg1,glg,0.744984905163945
glg,eg1,0.744984905163943
fur,ca4,0.744974253549471
ca4,fur,0.744974253549469
ast,ro1,0.744432140038402
ro1,ast,0.744432140038402
fur,src,0.7440781677798
src,fur,0.7440781677798
ca4,ro1,0.743819382205803
ro1,ca4,0.743819382205801
ca2,li2,0.743714054399281
li2,ca2,0.743714054399281
qbb,glg,0.74357626774826
glg,qbb,0.743576267748252
ll2,ca5,0.743490149153076
ca5,ll2,0.743490149153074
ca5,eg1,0.743246036876999
eg1,ca5,0.743246036876999
dlm,eg1,0.742850113539029
eg1,dlm,0.742850113539029
dlm,ca1,0.742813891641791
ca1,dlm,0.742813891641788
fur,pm3,0.742769465006712
pm3,fur,0.742769465006711
fro,dlm,0.742670172124742
dlm,fro,0.742670172124738
eg4,dlm,0.742529821913034
dlm,eg4,0.74252982191303
ca4,ll2,0.742493299549343
ll2,ca4,0.742493299549343
ito,lm1,0.742392265482586
lm1,ito,0.742392265482581
pm3,src,0.74217006051204
src,pm3,0.74217006051204
ca6,pm4,0.742033900645731
ca6,li2,0.742013353967685
li2,ca6,0.742013353967685
ve2,fro,0.741985138713258
fro,ve2,0.741985138713256
pr1,pm5,0.741850706445621
pm5,pr1,0.741850706445619
sro,eg2,0.741804208515947
eg2,sro,0.741804208515945
lm2,sc2,0.74174375051937
sc2,lm2,0.74174375051937
fur,pm2,0.741579128547018
pm2,fur,0.741579128547016
li1,src,0.741519596405838
src,li1,0.741519596405838
sro,ca6,0.741473768431988
ca6,sro,0.741473768431982
ll1,lm1,0.741208500158598
lm1,ll1,0.741208500158598
pm2,ro2,0.740812236832168
ro2,pm2,0.740812236832168
li2,ast,0.740768737447877
ast,li2,0.740768737447873
itf,sro,0.740542298945448
sro,itf,0.740542298945448
glg,fro,0.740392648964184
fro,glg,0.740392648964182
ca1,ro3,0.740106020307382
ro3,ca1,0.740106020307378
dlm,sc4,0.740036726562507
sc4,dlm,0.740036726562505
ca5,li2,0.740001480463399
li2,ca5,0.740001480463399
eg2,ca3,0.739941947281256
ca3,eg2,0.739941947281255
ro2,sc1,0.739657837106918
sc1,ro2,0.739657837106918
src,pm4,0.739606900836246
pr1,ito,0.739440346600142
ito,pr1,0.73944034660014
ro4,dlm,0.739250864558147
dlm,ro4,0.739250864558146
ca6,ro1,0.739237367146936
ro1,ca6,0.739237367146932
ro4,fur,0.739235033273205
fur,ro4,0.739235033273204
li2,spa,0.739141477415863
spa,li2,0.739141477415859
fur,lm2,0.739052018094811
lm2,fur,0.739052018094809
itf,ast,0.739007407027638
ast,itf,0.739007407027636
ca5,ro1,0.738939873266388
ro1,ca5,0.738939873266386
pm1,ro2,0.738775110230097
ro2,pm1,0.738775110230095
pm3,pr1,0.738744420490517
pr1,pm3,0.738744420490515
eg4,ro2,0.738656217934198
ro2,eg4,0.738656217934197
eg4,spa,0.738647712931433
spa,eg4,0.738647712931432
fur,pm4,0.738640615204489
ll1,ro3,0.73855275975227
ro3,ll1,0.738552759752267
lm1,sc2,0.738423648460877
sc2,lm1,0.738423648460877
ca3,pm5,0.738343652893377
pm5,ca3,0.738343652893376
eg3,sro,0.738331197402976
sro,eg3,0.738331197402976
pr1,pm4,0.737894424831234
ve3,ca3,0.737810550723023
ca3,ve3,0.737810550723019
ro1,src,0.737680482455909
src,ro1,0.737680482455909
qbb,itf,0.737632168499335
itf,qbb,0.737632168499331
li1,ro2,0.737488726775255
ro2,li1,0.73748872677525
ca6,pm5,0.73728948207109
pm5,ca6,0.737289482071087
qbb,sro,0.737217360864784
sro,qbb,0.737217360864778
pm3,ro3,0.737182589549142
ro3,pm3,0.73718258954914
pm4,ro3,0.737145502620905
dlm,ro3,0.73711504592891
ro3,dlm,0.737115045928908
dlm,ll1,0.73706608480953
ll1,dlm,0.737066084809524
ast,ll2,0.736947337961819
ll2,ast,0.736947337961817
ll1,fro,0.736743365237196
fro,ll1,0.736743365237191
ca3,itf,0.736671865222297
itf,ca3,0.736671865222294
pm2,src,0.736581003231551
src,pm2,0.736581003231551
fur,ca2,0.73640365153605
ca2,fur,0.736403651536047
pm1,ro1,0.736272979008803
ro1,pm1,0.736272979008803
li1,pr1,0.736251011122955
pr1,li1,0.736251011122954
ll2,pm1,0.736176367230696
pm1,ll2,0.736176367230696
lat,sro,0.736111550516149
sro,lat,0.73611155051614
eg3,dlm,0.73596710316538
dlm,eg3,0.735967103165379
eg1,sro,0.735935132499551
sro,eg1,0.735935132499537
ron,sro,0.735699364700381
sro,ron,0.735699364700381
itf,spa,0.735593354084053
spa,itf,0.735593354084051
ve2,ro3,0.735485642721288
ro3,ve2,0.735485642721281
fur,li2,0.735324484598054
li2,fur,0.735324484598054
eg2,ro2,0.735180140596299
ro2,eg2,0.735180140596299
lat,itf,0.735094427164935
itf,lat,0.735094427164932
eg1,ca2,0.734898882498445
ca2,eg1,0.734898882498439
nea,ruq,0.734453816681468
ruq,nea,0.734453816681468
pm2,por,0.734417144435208
por,pm2,0.734417144435208
ro4,pm4,0.734412320183092
ca4,pm5,0.734146442037658
pm5,ca4,0.734146442037656
li1,ca4,0.734137698280219
ca4,li1,0.734137698280217
ca6,ll2,0.73410203148599
ll2,ca6,0.73410203148599
dlm,ca4,0.733749038465222
ca4,dlm,0.733749038465221
ron,itg,0.733646587236019
itg,ron,0.733646587236018
rup,ita,0.733637385491723
ita,rup,0.733637385491721
ve1,dlm,0.73356749950184
dlm,ve1,0.733567499501838
fur,ca6,0.733550198230787
ca6,fur,0.733550198230784
ca2,ro1,0.73354683252595
ro1,ca2,0.73354683252595
ca3,fro,0.733155037256616
fro,ca3,0.733155037256616
fur,pm5,0.733150364586621
pm5,fur,0.73315036458662
sc2,ro2,0.73277834981914
ro2,sc2,0.732778349819138
lat,ve3,0.732596296319509
ve3,lat,0.732596296319508
fur,pr1,0.732551162462825
pr1,fur,0.732551162462825
ve1,ro2,0.732527212784263
ro2,ve1,0.732527212784258
lm1,sc3,0.732427668846321
sc3,lm1,0.732427668846321
ll1,ast,0.73240231788301
ast,ll1,0.732402317883005
lat,ve1,0.732149265888201
ve1,lat,0.732149265888195
ll1,ro4,0.732057781800511
ro4,ll1,0.732057781800508
sc2,pr1,0.732014599991437
pr1,sc2,0.732014599991434
li2,ro1,0.732001755997135
ro1,li2,0.732001755997133
pm2,ro3,0.731887592709867
ro3,pm2,0.731887592709863
pm4,ca6,0.730869960045041
lm2,sc1,0.730798270870745
sc1,lm2,0.730798270870745
li3,ll2,0.730703430472064
ll2,li3,0.730703430472064
dlm,itf,0.730696264102651
itf,dlm,0.730696264102644
ca1,pm2,0.730581926065075
pm2,ca1,0.730581926065075
ca5,pm5,0.730524913377431
pm5,ca5,0.730524913377429
pm4,ast,0.73033797390326
pm3,ro4,0.730264499781223
ro4,pm3,0.730264499781223
fur,sc4,0.730248175590642
sc4,fur,0.730248175590638
sc4,lat,0.730181815281365
lat,sc4,0.730181815281363
pm1,ro4,0.730113284618164
ro4,pm1,0.730113284618162
sc3,pr1,0.729893665618105
pr1,sc3,0.729893665618103
glg,ro4,0.729893383109549
ro4,glg,0.729893383109547
pr1,ve3,0.729889979727815
ve3,pr1,0.729889979727815
itf,lm1,0.729856420611385
lm1,itf,0.729856420611383
eg1,ll1,0.72973071009518
ll1,eg1,0.729730710095178
nea,ca3,0.729624129322481
ca3,nea,0.72962412932248
lm2,ro3,0.729549981769608
ro3,lm2,0.729549981769606
pm1,sc4,0.729291970800009
sc4,pm1,0.729291970800009
pr1,ro3,0.729210787743435
ro3,pr1,0.729210787743429
ruo,rup,0.729178748801372
rup,ruo,0.729178748801364
itf,li3,0.729161070817344
li3,itf,0.729161070817344
ve3,fro,0.729056944940628
fro,ve3,0.729056944940626
ca5,itf,0.728843011242036
itf,ca5,0.728843011242034
ca4,src,0.72882206605036
src,ca4,0.728822066050358
li2,ro4,0.728719937018232
ro4,li2,0.728719937018227
ca6,ro4,0.728681485543396
ro4,ca6,0.728681485543396
pr1,glg,0.728503507709434
glg,pr1,0.728503507709432
fur,ast,0.728416438161213
ast,fur,0.728416438161211
ca5,ro4,0.728411830555587
ro4,ca5,0.728411830555585
dlm,por,0.728393757203413
por,dlm,0.728393757203413
ve2,ro2,0.728213349267189
ro2,ve2,0.728213349267182
li3,glg,0.728087397568374
glg,li3,0.728087397568365
ca6,src,0.727823212245845
src,ca6,0.727823212245845
dlm,ro2,0.727822935036575
ro2,dlm,0.727822935036575
lm2,ca1,0.727658817838555
ca1,lm2,0.727658817838544
qbb,sc2,0.727630816352387
sc2,qbb,0.727630816352383
glg,ro1,0.727592021221458
ro1,glg,0.727592021221451
ca6,itf,0.727216116084726
itf,ca6,0.727216116084726
sc3,ca3,0.726959823470174
ca3,sc3,0.726959823470171
ca4,ro4,0.726959217186399
ro4,ca4,0.726959217186399
ro4,por,0.726869345197457
por,ro4,0.726869345197453
ca3,sc1,0.726858967553531
sc1,ca3,0.726858967553521
ll1,ro2,0.726724178847425
ro2,ll1,0.726724178847422
fro,por,0.72663027014071
por,fro,0.726630270140704
li1,spa,0.726614005797537
spa,li1,0.726614005797535
ito,ro3,0.726232889150318
ro3,ito,0.726232889150311
fro,sc3,0.726139085212699
sc3,fro,0.726139085212695
dlm,eg2,0.725685456051537
eg2,dlm,0.725685456051536
ve2,dlm,0.72561464451083
dlm,ve2,0.725614644510828
sro,ca2,0.725608759598959
ca2,sro,0.725608759598954
fur,ro1,0.725528415490621
ro1,fur,0.725528415490618
ro3,pm5,0.725375060619304
pm5,ro3,0.725375060619302
sc2,ro3,0.725307917151795
ro3,sc2,0.725307917151792
fur,itf,0.725136324283757
itf,fur,0.725136324283754
ca6,li1,0.725058596360043
li1,ca6,0.725058596360043
dlm,li1,0.724976816613528
li1,dlm,0.724976816613528
eg4,sro,0.724935039063486
sro,eg4,0.724935039063481
sc4,ro3,0.724803686718679
ro3,sc4,0.724803686718675
pm3,dlm,0.724742160921904
dlm,pm3,0.724742160921899
eg2,ro4,0.724687395949478
ro4,eg2,0.724687395949478
itg,spa,0.724410311812108
spa,itg,0.724410311812106
pm2,ro4,0.724312759471193
ro4,pm2,0.724312759471188
sc3,ro2,0.724287229547625
ro2,sc3,0.724287229547617
dlm,ro1,0.723900424965559
ro1,dlm,0.723900424965554
ast,eg4,0.723557271383965
eg4,ast,0.723557271383965
ca4,itf,0.723525278965011
itf,ca4,0.723525278965011
ve2,ca3,0.723059523165013
ca3,ve2,0.723059523165008
nea,ro2,0.722773835292804
ro2,nea,0.722773835292801
fur,li1,0.722731945690615
li1,fur,0.722731945690615
fro,ro2,0.722718320661086
ro2,fro,0.722718320661081
spa,eg2,0.722645698592241
eg2,spa,0.722645698592237
ll2,ca1,0.722291231262327
ca1,ll2,0.722291231262322
itf,glg,0.722270182770697
glg,itf,0.722270182770692
dlm,pm4,0.722257338718673
fur,sc2,0.722247039786186
sc2,fur,0.722247039786185
ca2,eg2,0.722043849230012
eg2,ca2,0.722043849230012
sc4,ro4,0.721915394569422
ro4,sc4,0.721915394569417
ita,lm1,0.721874425128744
lm1,ita,0.721874425128739
sc2,ca3,0.721623166781252
ca3,sc2,0.721623166781249
ca1,ro2,0.721474015416381
ro2,ca1,0.721474015416379
eg3,ro2,0.721316991105095
ro2,eg3,0.721316991105093
li1,ca2,0.721255356760266
ca2,li1,0.721255356760263
sc4,lm1,0.721166179450369
lm1,sc4,0.721166179450362
lat,ruq,0.719902476049312
ruq,lat,0.719902476049307
pm4,sc3,0.719846164550719
lm2,sc3,0.719784265256701
sc3,lm2,0.719784265256701
fra,win,0.719678753701024
win,fra,0.719678753701019
ca2,pm5,0.719616437718984
pm5,ca2,0.719616437718984
ron,ito,0.719504915354171
ito,ron,0.719504915354169
ro1,pm4,0.719382905577816
ro2,pm5,0.71934971349222
pm5,ro2,0.719349713492218
ll1,itf,0.719223954153543
itf,ll1,0.719223954153538
sc2,sro,0.719156683773383
sro,sc2,0.719156683773381
itg,ro3,0.71893574581615
ro3,itg,0.71893574581614
pm2,sc4,0.718707740921297
sc4,pm2,0.718707740921297
nea,ro4,0.718638108655211
ro4,nea,0.718638108655204
ve3,ro3,0.718555094771091
ro3,ve3,0.718555094771087
fro,sc1,0.718324257966984
sc1,fro,0.718324257966977
fur,eg4,0.717739073129387
eg4,fur,0.717739073129382
pm2,itf,0.717570152809084
itf,pm2,0.717570152809081
ast,eg2,0.717510572659897
eg2,ast,0.717510572659893
pr1,ve2,0.717500462528583
ve2,pr1,0.717500462528583
fur,sc1,0.717497045392616
sc1,fur,0.717497045392609
sc3,sro,0.717414489022879
sro,sc3,0.717414489022879
fur,por,0.717376308899273
por,fur,0.717376308899273
por,pm4,0.717187105468519
ca2,ro4,0.717025602039306
ro4,ca2,0.717025602039306
lm1,pm4,0.71671502768085
eg4,ro4,0.716706308543663
ro4,eg4,0.716706308543659
li1,ast,0.716676364872356
ast,li1,0.716676364872353
sc4,lm2,0.716502728058138
lm2,sc4,0.716502728058133
li2,glg,0.716429811111402
glg,li2,0.716429811111401
li3,lm1,0.716132586210214
lm1,li3,0.716132586210206
ca3,por,0.715840898800996
por,ca3,0.71584089880099
ca5,li1,0.715832314409545
li1,ca5,0.715832314409545
ll2,ro3,0.715581987905235
ro3,ll2,0.715581987905229
spa,eg3,0.715525608147689
eg3,spa,0.715525608147687
sc1,lat,0.715215379839183
lat,sc1,0.71521537983918
pm2,dlm,0.715056503431635
dlm,pm2,0.715056503431631
ca1,li3,0.714968513007613
li3,ca1,0.714968513007613
pm1,sc2,0.714923196587586
sc2,pm1,0.714923196587582
pr1,ita,0.71488247256195
ita,pr1,0.714882472561948
glg,eg4,0.7148746980182
eg4,glg,0.714874698018198
ll2,pm5,0.714560644825224
pm5,ll2,0.71456064482522
ca6,fro,0.714409311958908
fro,ca6,0.714409311958908
ca2,itf,0.714118821526767
itf,ca2,0.714118821526766
glg,ca3,0.71389647955707
ca3,glg,0.713896479557068
li3,ll1,0.713844273369766
ll1,li3,0.713844273369763
ast,pr1,0.713830887536336
pr1,ast,0.713830887536336
eg2,pm1,0.713637455102681
pm1,eg2,0.71363745510268
qbb,sc3,0.713571526528341
sc3,qbb,0.713571526528337
pm2,lm1,0.713554586692936
lm1,pm2,0.713554586692932
fro,fra,0.713465763748819
fra,fro,0.713465763748816
ast,eg3,0.713136201008272
eg3,ast,0.713136201008268
fur,eg1,0.71238360897119
eg1,fur,0.712383608971189
eg3,ll1,0.712335375989679
ll1,eg3,0.712335375989679
pm4,sc2,0.712268185273868
lm2,ro2,0.711720642034934
ro2,lm2,0.71172064203493
eg3,ca2,0.711674943526491
ca2,eg3,0.71167494352649
ca1,pm4,0.711669483132946
ll2,pm3,0.711483379622745
pm3,ll2,0.711483379622745
itg,glg,0.711269278682079
glg,itg,0.711269278682075
spa,ve3,0.711219468431939
ve3,spa,0.711219468431938
ll1,nea,0.710851852070671
nea,ll1,0.710851852070666
pr1,ro2,0.710689874188261
ro2,pr1,0.710689874188261
itf,pm4,0.710653259532934
li2,lm1,0.710637865819901
lm1,li2,0.710637865819897
itg,ast,0.710556417179488
ast,itg,0.710556417179484
eg1,src,0.710424307388272
src,eg1,0.710424307388269
pm1,ro3,0.710401167718287
ro3,pm1,0.710401167718283
eg4,ca2,0.710313549177933
ca2,eg4,0.710313549177932
src,ro4,0.710235185870183
ro4,src,0.710235185870179
ll2,dlm,0.710208747447
dlm,ll2,0.710208747446995
glg,sro,0.710149420393905
sro,glg,0.710149420393905
lat,glg,0.71014718983236
glg,lat,0.71014718983235
li2,lm2,0.710012006313563
lm2,li2,0.71001200631356
li3,pm1,0.709956506430545
pm1,li3,0.709956506430542
sc3,ro3,0.709948837631402
ro3,sc3,0.709948837631394
src,glg,0.70939143056649
glg,src,0.709391430566486
pm3,itf,0.709041572787586
itf,pm3,0.709041572787585
ve1,ast,0.708851772616084
ast,ve1,0.708851772616081
lat,sc2,0.708849720616269
sc2,lat,0.708849720616262
lm2,ro4,0.708552451542162
ro4,lm2,0.708552451542159
ve2,sro,0.708447739542521
sro,ve2,0.70844773954251
eg1,pm1,0.708293573369695
pm1,eg1,0.708293573369695
pm2,ro1,0.708124474096298
ro1,pm2,0.708124474096298
ve1,spa,0.708107523429836
spa,ve1,0.708107523429832
ll2,pm4,0.707953011790948
ca2,ve3,0.707887535341536
ve3,ca2,0.707887535341536
eg4,ll1,0.707838960672299
ll1,eg4,0.707838960672295
eg2,ll1,0.707724521154652
ll1,eg2,0.70772452115465
eg4,ca3,0.707643135022206
ca3,eg4,0.707643135022199
eg1,lm1,0.707451068204312
lm1,eg1,0.707451068204306
pr1,ro4,0.707436996225816
ro4,pr1,0.707436996225814
itf,pm1,0.707369282970644
pm1,itf,0.707369282970644
sc4,pm3,0.707340797271056
pm3,sc4,0.707340797271053
lat,src,0.707263465270178
src,lat,0.707263465270178
ro4,pm5,0.707211614368962
pm5,ro4,0.707211614368957
fro,ca2,0.707163304197489
ca2,fro,0.707163304197484
sc2,ro4,0.706636030927099
ro4,sc2,0.706636030927097
pm3,ro1,0.706528444216846
ro1,pm3,0.706528444216844
pm3,ll1,0.706394292382992
ll1,pm3,0.706394292382989
spa,ve2,0.706222738281861
ve2,spa,0.706222738281861
por,sro,0.70589261040358
sro,por,0.705892610403574
pm3,lm1,0.705872354083149
lm1,pm3,0.705872354083146
ca1,pm3,0.70556512284073
pm3,ca1,0.705565122840727
fur,eg2,0.705389279971503
eg2,fur,0.7053892799715
ca4,fro,0.705323726508199
fro,ca4,0.705323726508196
sc4,sro,0.705305029687315
sro,sc4,0.705305029687315
ll1,pm5,0.705293023545987
pm5,ll1,0.705293023545985
fur,sc3,0.705250368730012
sc3,fur,0.705250368730008
fra,pcd,0.705156410826826
pcd,fra,0.705156410826825
ve1,ro4,0.705099386598351
ro4,ve1,0.705099386598346
ve2,ca2,0.705034881738339
ca2,ve2,0.705034881738335
fur,eg3,0.70493249525429
eg3,fur,0.704932495254286
ca4,eg2,0.704778466201281
eg2,ca4,0.704778466201281
li2,ll1,0.704699041030559
ll1,li2,0.704699041030559
fro,pr1,0.704215148938127
pr1,fro,0.704215148938127
sc1,ro3,0.704196196904697
ro3,sc1,0.704196196904689
eg4,ro1,0.704184531444329
ro1,eg4,0.704184531444325
li3,lm2,0.703582941047546
lm2,li3,0.703582941047541
ll1,sc2,0.702930605494254
sc2,ll1,0.702930605494254
eg1,ll2,0.702906136985389
ll2,eg1,0.702906136985386
ll2,pm2,0.702615177193407
pm2,ll2,0.702615177193405
nea,ro1,0.702549564068124
ro1,nea,0.702549564068114
fra,pr1,0.702524151519249
pr1,fra,0.702524151519245
ito,ast,0.702475857821125
ast,ito,0.702475857821123
eg3,ro4,0.702186141139702
ro4,eg3,0.7021861411397
ll2,ro2,0.702130195567873
ro2,ll2,0.702130195567871
ca6,eg2,0.702029017582811
eg2,ca6,0.702029017582809
ca4,eg3,0.701967535839623
eg3,ca4,0.701967535839621
ca5,fro,0.701863974638245
fro,ca5,0.70186397463824
li2,pm1,0.701640634417736
pm1,li2,0.701640634417733
fro,ito,0.701408192776262
ito,fro,0.701408192776262
ve1,ro1,0.701138806060701
ro1,ve1,0.701138806060687
pm1,sc1,0.701000046820659
sc1,pm1,0.701000046820656
ca1,ro1,0.700777783705143
ro1,ca1,0.700777783705139
dlm,ruo,0.700605787946637
ruo,dlm,0.700605787946637
eg3,ro1,0.700439248482103
ro1,eg3,0.700439248482098
dlm,ruq,0.700165252968415
ruq,dlm,0.7001652529684
li3,ro1,0.700122459319521
ro1,li3,0.700122459319521
ll1,pm2,0.700095719235093
pm2,ll1,0.700095719235093
sc1,ro4,0.699979789181981
ro4,sc1,0.699979789181978
ve1,ca3,0.69967913367738
ca3,ve1,0.699679133677372
itg,lm1,0.699541307344389
lm1,itg,0.699541307344386
ca6,eg4,0.699517962997573
eg4,ca6,0.699517962997573
ca4,eg4,0.699375571514042
eg4,ca4,0.69937557151404
li2,por,0.699300836679177
por,li2,0.699300836679177
ito,spa,0.698979173987202
spa,ito,0.698979173987202
ca1,sro,0.698873701250416
sro,ca1,0.698873701250416
sc2,ro1,0.698626660313348
ro1,sc2,0.698626660313342
ca5,eg2,0.698599510920885
eg2,ca5,0.698599510920883
ca1,fro,0.698591004955021
fro,ca1,0.698591004955021
li3,sc1,0.69826235303129
sc1,li3,0.698262353031288
li1,ll2,0.698166172217239
ll2,li1,0.698166172217239
ast,ve3,0.698080972452052
ve3,ast,0.698080972452052
ca1,ro4,0.697977311504518
ro4,ca1,0.697977311504516
li1,ro4,0.697926498073955
ro4,li1,0.697926498073947
li1,ll1,0.697782967868649
ll1,li1,0.697782967868646
eg3,ca3,0.697726406180479
ca3,eg3,0.697726406180474
ve3,lm1,0.697704495097019
lm1,ve3,0.697704495097013
lm2,por,0.697534311354876
por,lm2,0.697534311354876
eg4,src,0.697285413473266
src,eg4,0.697285413473263
eg2,ro1,0.69682301965523
ro1,eg2,0.696823019655226
qbb,itg,0.69680077323365
itg,qbb,0.696800773233643
sc1,ro1,0.696788457091882
ro1,sc1,0.696788457091878
ve2,ro4,0.696710881691595
ro4,ve2,0.69671088169159
glg,eg2,0.69644565209999
eg2,glg,0.696445652099987
por,itf,0.695898105688106
itf,por,0.695898105688101
src,itf,0.695797666614572
itf,src,0.69579766661457
itf,li2,0.695786856612322
li2,itf,0.695786856612321
itg,ca3,0.69533831252966
ca3,itg,0.695338312529649
itg,ll1,0.695271434515419
ll1,itg,0.695271434515413
itg,ca5,0.695046084985739
ca5,itg,0.695046084985737
eg1,ca1,0.69496928645107
ca1,eg1,0.694969286451055
ca5,eg4,0.694969061077915
eg4,ca5,0.694969061077912
li3,sc4,0.694952919881419
sc4,li3,0.694952919881418
ca1,eg2,0.694805552741314
eg2,ca1,0.694805552741314
li2,ca1,0.694699280144099
ca1,li2,0.694699280144096
lm2,ro1,0.694630312139348
ro1,lm2,0.694630312139343
glg,eg3,0.694592274045921
eg3,glg,0.694592274045919
li1,ca1,0.69459119543802
ca1,li1,0.694591195438017
ca6,eg3,0.69458207237604
eg3,ca6,0.694582072376039
eg1,lm2,0.694541285866316
lm2,eg1,0.694541285866313
fur,ito,0.69443627416306
ito,fur,0.69443627416306
ca4,ve1,0.694243285640064
ve1,ca4,0.694243285640064
ca4,ve3,0.694226866863744
ve3,ca4,0.694226866863744
pr1,ca4,0.694220553515289
ca4,pr1,0.694220553515287
ll1,pm4,0.694165403000858
pm2,lm2,0.69393060033384
lm2,pm2,0.693930600333839
li2,sc1,0.693909157861246
sc1,li2,0.693909157861246
ca5,eg3,0.693728458807242
eg3,ca5,0.693728458807239
ll2,eg4,0.693674661918904
eg4,ll2,0.693674661918903
lat,sc3,0.693573672754938
sc3,lat,0.693573672754936
itg,ca2,0.69347385210285
ca2,itg,0.693473852102848
li1,glg,0.693308969462726
glg,li1,0.693308969462722
ca1,fur,0.693016534452346
fur,ca1,0.693016534452343
ve1,lm1,0.692771149320598
lm1,ve1,0.692771149320593
sc4,li1,0.692634947462484
li1,sc4,0.692634947462482
sc4,ro1,0.692621780871306
ro1,sc4,0.692621780871297
pm4,ro4,0.692613061945611
ca5,pr1,0.692545638556136
pr1,ca5,0.692545638556136
sc1,sro,0.692511087588708
sro,sc1,0.692511087588707
pm1,lm2,0.692407837319231
lm2,pm1,0.692407837319229
ll2,itf,0.69235283177053
itf,ll2,0.692352831770527
eg2,src,0.692054026654997
src,eg2,0.692054026654997
ve3,ro2,0.692019183569716
ro2,ve3,0.692019183569705
ca4,ve2,0.691570209448006
ve2,ca4,0.691570209448006
ve3,sro,0.691364747864009
sro,ve3,0.691364747864003
ita,fro,0.691208099650584
fro,ita,0.691208099650581
glg,ve3,0.691111661493413
ve3,glg,0.691111661493413
ve1,ca2,0.69097508761854
ca2,ve1,0.690975087618538
sc3,ro4,0.69089729554271
ro4,sc3,0.690897295542696
ve1,ll1,0.690838087597378
ll1,ve1,0.690838087597372
ast,ca3,0.690815289325889
ca3,ast,0.690815289325889
pm1,sc3,0.690627188952942
sc3,pm1,0.69062718895294
ll2,lm2,0.69059916657062
lm2,ll2,0.69059916657062
ca6,ve3,0.690475415416293
ve3,ca6,0.690475415416293
ca6,itg,0.690292610937264
itg,ca6,0.690292610937264
src,eg3,0.690131126883298
eg3,src,0.690131126883296
pm4,ro1,0.690111784227886
ito,ca2,0.689577145992979
ca2,ito,0.689577145992976
ito,glg,0.689358719787461
glg,ito,0.689358719787457
ve2,ca6,0.688699027562314
ca6,ve2,0.688699027562312
ll1,lm2,0.688620964624435
lm2,ll1,0.688620964624433
lm2,pm4,0.688493805956625
glg,ca2,0.688365262167511
ca2,glg,0.688365262167509
ca6,ve1,0.688124233848717
ve1,ca6,0.688124233848717
ve1,sro,0.688015323086007
sro,ve1,0.688015323086004
eg2,pm2,0.687999740204192
pm2,eg2,0.68799974020419
li1,sc1,0.687940418107931
sc1,li1,0.687940418107931
ve1,lm2,0.687885874290574
lm2,ve1,0.687885874290569
dlm,ve3,0.68771024098849
ve3,dlm,0.68771024098849
li2,ll2,0.687658948054825
ll2,li2,0.687658948054825
ita,spa,0.687606140514753
spa,ita,0.687606140514753
itf,lm2,0.687350025436125
lm2,itf,0.687350025436125
ve2,ro1,0.68733148672466
ro1,ve2,0.687331486724652
sc3,ll1,0.686970663951072
ll1,sc3,0.686970663951068
qbb,src,0.686943926283811
src,qbb,0.686943926283811
pr1,ro1,0.686941605501645
ro1,pr1,0.686941605501642
eg2,lm1,0.686929734132236
lm1,eg2,0.686929734132231
pm5,ro1,0.686848499776734
ro1,pm5,0.686848499776734
li2,sc4,0.686535574598206
sc4,li2,0.686535574598206
dlm,src,0.685700220705848
src,dlm,0.685700220705837
ll1,ro1,0.685629619510064
ro1,ll1,0.685629619510058
lat,itg,0.685457245454976
itg,lat,0.685457245454969
itg,ro2,0.685443313135268
ro2,itg,0.685443313135258
ll1,ve3,0.685120846858517
ve3,ll1,0.685120846858514
ve1,glg,0.685024895457437
glg,ve1,0.685024895457433
ito,lm2,0.685016246277659
lm2,ito,0.685016246277658
ca5,ve3,0.684457702616796
ve3,ca5,0.684457702616796
ve2,lm1,0.684444595619751
lm1,ve2,0.684444595619744
sc4,pm4,0.684215503228793
ll2,ro4,0.683796584080491
ro4,ll2,0.683796584080485
ito,ca3,0.683425821287736
ca3,ito,0.683425821287732
li1,ro1,0.683342615490962
ro1,li1,0.683342615490956
ll1,sc1,0.682678303064397
sc1,ll1,0.682678303064397
li1,por,0.68228935633335
por,li1,0.68228935633335
pm4,itf,0.682266074117598
ca1,itf,0.6821264584224
itf,ca1,0.682126458422396
ast,ca2,0.682009504950499
ca2,ast,0.682009504950496
ita,ruq,0.682003010461545
ruq,ita,0.682003010461537
pm3,eg2,0.681939202810438
eg2,pm3,0.681939202810436
ll2,ve1,0.681735191257103
ve1,ll2,0.681735191257103
pm4,eg3,0.681640496194036
ca4,ito,0.681401409029226
ito,ca4,0.681401409029226
li3,eg4,0.681361325556386
eg4,li3,0.681361325556383
fur,ve1,0.681321084997778
ve1,fur,0.681321084997778
ve2,pm1,0.681226991897495
pm1,ve2,0.681226991897491
ve2,ca5,0.681102492424706
ca5,ve2,0.681102492424704
pm3,sc2,0.68064916320751
sc2,pm3,0.68064916320751
ito,ca5,0.680628489200743
ca5,ito,0.68062848920074
itg,ro4,0.680587449144527
ro4,itg,0.680587449144514
eg3,ll2,0.680486997229901
ll2,eg3,0.680486997229901
fur,itg,0.680214868804496
itg,fur,0.680214868804496
fur,ve3,0.680134028833871
ve3,fur,0.68013402883387
ve3,ro1,0.680079205614253
ro1,ve3,0.680079205614246
sc4,pm5,0.680009962978496
pm5,sc4,0.680009962978483
ve1,ca5,0.679986981741104
ca5,ve1,0.679986981741102
eg2,pm4,0.679729483873502
fro,ro4,0.679643762646694
ro4,fro,0.679643762646691
ito,ca6,0.679621085496073
ca6,ito,0.679621085496071
ita,ca3,0.679352454156503
ca3,ita,0.679352454156497
sc1,pm5,0.679155270625461
pm5,sc1,0.679155270625446
ca1,pm5,0.679022532801678
sc3,ro1,0.678678578417295
ro1,sc3,0.678678578417289
li1,pm1,0.678568445493799
pm1,li1,0.678568445493795
ita,ro3,0.678319591101041
ro3,ita,0.67831959110103
ita,ca5,0.678258710139896
ca5,ita,0.678258710139895
eg4,pm1,0.678253714065377
pm1,eg4,0.678253714065377
eg2,ll2,0.677706253119485
ll2,eg2,0.677706253119485
eg3,lm1,0.677034942810164
lm1,eg3,0.677034942810161
ca2,ita,0.676902286522526
ita,ca2,0.676902286522526
pr1,ca2,0.676741749466383
ca2,pr1,0.676741749466378
li3,pm4,0.676431104645708
li3,eg2,0.67611323466872
eg2,li3,0.676113234668718
eg4,lm1,0.675949545113996
lm1,eg4,0.675949545113989
eg4,ca1,0.675746153336919
ca1,eg4,0.675746153336908
ast,ve2,0.675535866816609
ve2,ast,0.675535866816609
fur,dlm,0.675374661152643
dlm,fur,0.675374661152639
li1,lm1,0.675118065737256
lm1,li1,0.675118065737248
eg2,li2,0.675077723253539
li2,eg2,0.675077723253539
ita,glg,0.674758549565098
glg,ita,0.674758549565096
glg,ve2,0.674403338853709
ve2,glg,0.674403338853709
lm2,pm3,0.674311323085861
pm3,lm2,0.674311323085861
ruo,ruq,0.674193022011625
ruq,ruo,0.674193022011625
ve3,ro4,0.674084660928804
ro4,ve3,0.6740846609288
pm2,sc1,0.673862920678968
sc1,pm2,0.673862920678968
qbb,por,0.673542201479531
por,qbb,0.673542201479518
pm4,sc4,0.673397784252318
li3,sc2,0.673223280988422
sc2,li3,0.673223280988418
pr1,ca6,0.673200568948585
ca6,pr1,0.67320056894858
dlm,sc1,0.673186722765681
sc1,dlm,0.673186722765677
li3,eg1,0.673016128506829
eg1,li3,0.673016128506827
eg2,lm2,0.672901678402847
lm2,eg2,0.672901678402844
pm2,sc2,0.672880344329206
sc2,pm2,0.672880344329201
itg,sro,0.672817220466175
sro,itg,0.672817220466172
itf,li1,0.672689260377629
li1,itf,0.672689260377625
pr1,ca3,0.672369323905864
ca3,pr1,0.672369323905862
fur,ll2,0.672278207401212
ll2,fur,0.672278207401209
ito,li3,0.672266110325888
li3,ito,0.672266110325883
por,pm5,0.67177054421456
pm5,por,0.671770544214543
ita,ca6,0.671669229647118
ca6,ita,0.671669229647116
sc4,ll1,0.671437207322275
ll1,sc4,0.671437207322268
ca1,src,0.671414253772359
src,ca1,0.67141425377235
eg3,lm2,0.671402987946502
lm2,eg3,0.671402987946499
pm1,eg3,0.67127708029217
eg3,pm1,0.671277080292169
pm3,sc1,0.671137465903504
sc1,pm3,0.671137465903504
ito,pm1,0.670776601544852
pm1,ito,0.670776601544852
ita,ast,0.670499598211033
ast,ita,0.670499598211031
itf,pm5,0.670364953992033
pm5,itf,0.670364953992033
li1,lm2,0.670191951697249
lm2,li1,0.670191951697245
li3,sc3,0.670043738182923
sc3,li3,0.670043738182921
fur,ita,0.669805408329444
ita,fur,0.669805408329444
ll1,ve2,0.669646570940339
ve2,ll1,0.669646570940339
li2,sc2,0.669342220781288
sc2,li2,0.669342220781288
ve1,pm1,0.669029070983701
pm1,ve1,0.669029070983698
li3,eg3,0.668793798201633
eg3,li3,0.668793798201631
itg,ca4,0.668541024848963
ca4,itg,0.66854102484896
ve1,src,0.667763857364119
src,ve1,0.667763857364116
ve3,pm1,0.667724264047569
pm1,ve3,0.667724264047567
eg1,pm4,0.667515895609698
ve2,pm2,0.667171777382715
pm2,ve2,0.667171777382714
li1,sc2,0.666773129825549
sc2,li1,0.666773129825547
ito,ll1,0.666767792964154
ll1,ito,0.666767792964154
pm3,sc3,0.665978354850662
sc3,pm3,0.66597835485066
glg,ca4,0.665097038151736
ca4,glg,0.665097038151735
ve2,ca1,0.665056868708621
ca1,ve2,0.665056868708612
eg3,ca1,0.664837632117293
ca1,eg3,0.664837632117287
fur,ve2,0.664561591437902
ve2,fur,0.664561591437902
pm4,eg4,0.664473028606275
li3,pm3,0.663889403294045
pm3,li3,0.663889403294043
pm2,sc3,0.663654463992802
sc3,pm2,0.6636544639928
ve3,ca1,0.663399017475698
ca1,ve3,0.663399017475692
sc2,pm5,0.663303044260559
pm5,sc2,0.663303044260554
ron,ita,0.662779721032298
ita,ron,0.66277972103229
eg2,pm5,0.662703842761826
pm5,eg2,0.662703842761826
li1,sc3,0.662628212650069
sc3,li1,0.662628212650069
pm4,ve3,0.662563276417044
eg4,pm2,0.662404718511163
pm2,eg4,0.662404718511163
eg1,pm2,0.66159121934366
pm2,eg1,0.66159121934366
fro,ro1,0.661552122552292
ro1,fro,0.661552122552285
sc3,li2,0.661181941674956
li2,sc3,0.661181941674954
glg,ca6,0.660789259862849
ca6,glg,0.660789259862846
pm1,pm5,0.660603140292508
pm5,pm1,0.660603140292508
itg,dlm,0.660470329782931
dlm,itg,0.660470329782929
ita,ca4,0.660008480547926
ca4,ita,0.660008480547924
sc3,pm5,0.659836422953971
pm5,sc3,0.659836422953963
sc2,ast,0.658239295609245
ast,sc2,0.658239295609232
itg,lm2,0.658086272317647
lm2,itg,0.658086272317647
li3,ve3,0.657571536745025
ve3,li3,0.657571536745025
por,src,0.656914547569902
src,por,0.656914547569887
sc2,pm4,0.656843116091991
eg3,pm2,0.656762747352264
pm2,eg3,0.656762747352264
itg,ll2,0.656619972102906
ll2,itg,0.656619972102903
ast,ca5,0.656541772762576
ca5,ast,0.656541772762576
ca1,spa,0.656017309217787
spa,ca1,0.656017309217784
dlm,sc2,0.655380537860382
sc2,dlm,0.65538053786037
eg3,pm4,0.655364309737956
ll2,sc2,0.655135190842821
sc2,ll2,0.655135190842821
lm2,lm1,0.655048051944218
lm1,lm2,0.655048051944214
eg1,pm3,0.654969102304505
pm3,eg1,0.654969102304505
eg4,lm2,0.654964756839486
lm2,eg4,0.654964756839483
dlm,sc3,0.65477816698087
sc3,dlm,0.654778166980862
li3,pm2,0.654478613091641
pm2,li3,0.654478613091639
src,ve3,0.654134885745172
ve3,src,0.654134885745169
ito,ll2,0.653918170771586
ll2,ito,0.653918170771584
ast,ca4,0.653740447076589
ca4,ast,0.653740447076589
pm3,eg3,0.653188928898294
eg3,pm3,0.653188928898292
ito,ro2,0.653066174057801
ro2,ito,0.653066174057794
li2,pm4,0.652825358677225
src,ve2,0.652599825955891
ve2,src,0.652599825955888
pm4,eg2,0.651915420754721
glg,ca5,0.651630873193255
ca5,glg,0.651630873193253
li2,pm3,0.651605199675625
pm3,li2,0.651605199675621
eg4,li2,0.651311009975317
li2,eg4,0.651311009975317
ito,sro,0.651277872895922
sro,ito,0.651277872895916
ita,ll1,0.651261130869936
ll1,ita,0.651261130869929
ve3,lm2,0.651221758822528
lm2,ve3,0.651221758822523
ll2,ve3,0.651081439061954
ve3,ll2,0.651081439061952
ast,ca6,0.651026748459896
ca6,ast,0.651026748459896
sc2,spa,0.651024775444966
spa,sc2,0.651024775444959
ll2,sc4,0.650244796442596
sc4,ll2,0.650244796442596
eg4,pm4,0.650026729207328
ito,pm5,0.649734221229451
pm5,ito,0.64973422122944
eg1,por,0.649501031326737
por,eg1,0.649501031326737
sc1,pm4,0.648723606370924
ve2,pm4,0.64806359799308
itg,li3,0.647917376589061
li3,itg,0.647917376589059
ve2,lm2,0.647815837353191
lm2,ve2,0.647815837353187
pm5,lm1,0.647221401932201
lm1,pm5,0.647221401932198
pm4,ito,0.646614707639431
ast,ca1,0.64600337165534
ca1,ast,0.646003371655333
li3,pm5,0.645794907607258
pm5,li3,0.645794907607253
dlm,ito,0.645694176462833
ito,dlm,0.645694176462833
sc4,itf,0.644970042621404
itf,sc4,0.6449700426214
ca1,glg,0.644188917441188
glg,ca1,0.644188917441188
itg,pm1,0.644031264321701
pm1,itg,0.644031264321696
ca1,por,0.643133664507156
por,ca1,0.643133664507151
ll2,ro1,0.642916493279844
ro1,ll2,0.642916493279839
eg4,itf,0.642864584054287
itf,eg4,0.642864584054287
li3,ve2,0.642505031641812
ve2,li3,0.642505031641809
ron,nea,0.642172267778848
nea,ron,0.642172267778824
li2,eg3,0.642092051618533
eg3,li2,0.642092051618532
sc3,pm4,0.641839185998298
lat,por,0.641387042651581
por,lat,0.641387042651572
sc2,ca2,0.641262109117516
ca2,sc2,0.641262109117512
lm2,ita,0.640960704563939
ita,lm2,0.640960704563937
ve2,pm3,0.639980149473216
pm3,ve2,0.639980149473212
ito,ro4,0.639826587514507
ro4,ito,0.639826587514493
por,sc1,0.639620553758917
sc1,por,0.639620553758908
por,sc2,0.639587903464579
sc2,por,0.639587903464574
lm1,nea,0.639553690305588
nea,lm1,0.639553690305588
pm5,eg3,0.63934937516877
eg3,pm5,0.639349375168768
ita,li3,0.639263058660552
li3,ita,0.639263058660552
pm5,eg4,0.639204264649826
eg4,pm5,0.639204264649825
nea,ca1,0.639005647375468
ca1,nea,0.639005647375462
itg,src,0.638720913402142
src,itg,0.638720913402139
por,pr1,0.63861986019581
pr1,por,0.638619860195801
eg4,pm3,0.638535114302185
pm3,eg4,0.638535114302185
ita,src,0.637740994020605
src,ita,0.637740994020602
li2,pm2,0.635878102192462
pm2,li2,0.63587810219246
sc4,ast,0.635283282498247
ast,sc4,0.63528328249823
fur,ll1,0.635051333091047
ll1,fur,0.635051333091044
eg1,pm5,0.634839355475108
pm5,eg1,0.634839355475108
ita,ll2,0.634272009481103
ll2,ita,0.634272009481098
sc2,ca4,0.634262253799574
ca4,sc2,0.634262253799567
por,sc4,0.633816860089764
sc4,por,0.633816860089759
sc3,ca2,0.633632889646267
ca2,sc3,0.633632889646254
pm4,nea,0.6335328032201
eg2,por,0.633363517491664
por,eg2,0.633363517491664
itg,pm3,0.633253620400103
pm3,itg,0.6332536204001
eg1,li1,0.632744951275598
li1,eg1,0.632744951275598
pm2,ito,0.632461278360452
ito,pm2,0.632461278360449
itf,eg2,0.632411075344344
eg2,itf,0.632411075344341
ito,src,0.632356730611621
src,ito,0.632356730611617
itg,pm2,0.631148031334235
pm2,itg,0.631148031334233
itg,ca1,0.630269745683349
ca1,itg,0.630269745683342
itg,ro1,0.630149963180266
ro1,itg,0.630149963180254
pm2,ve3,0.629719480372398
ve3,pm2,0.629719480372398
sc3,ast,0.629568872597672
ast,sc3,0.629568872597655
ita,ro2,0.628963256801294
ro2,ita,0.628963256801278
sc4,ca2,0.628660570453773
ca2,sc4,0.628660570453763
ito,pm4,0.62802931354192
pm4,eg1,0.627856161445525
por,sc3,0.627299098494924
sc3,por,0.627299098494924
eg1,itf,0.627055171817239
itf,eg1,0.627055171817237
ve1,pm2,0.626853304157021
pm2,ve1,0.626853304157018
li2,pm5,0.626677580197312
pm5,li2,0.626677580197307
sc2,ca5,0.626315283048667
ca5,sc2,0.626315283048652
sc3,ca4,0.626267056214947
ca4,sc3,0.626267056214939
eg4,ito,0.625962608548194
ito,eg4,0.625962608548194
itg,pm4,0.625769970986859
ll2,ve2,0.625541179680103
ve2,ll2,0.625541179680103
nea,qbb,0.625304346839839
qbb,nea,0.625304346839826
ito,pm3,0.625038584398884
pm3,ito,0.625038584398884
sc4,ca4,0.625027825435769
ca4,sc4,0.625027825435757
ca1,pr1,0.625002876734295
pr1,ca1,0.625002876734291
li1,pm3,0.624950784647761
pm3,li1,0.624950784647757
li1,pm2,0.624944986146511
pm2,li1,0.624944986146508
eg1,li2,0.624942718099159
li2,eg1,0.624942718099156
li1,pm4,0.624931382878206
li1,eg2,0.624749893349086
eg2,li1,0.624749893349082
pm4,ll2,0.624447761266383
eg4,por,0.624102012623005
por,eg4,0.624102012622987
ve1,pm4,0.623882210782528
sc1,itf,0.623784262340359
itf,sc1,0.623784262340352
qbb,ita,0.623156791409169
ita,qbb,0.623156791409162
qbb,ito,0.62310574457667
ito,qbb,0.623105744576667
ca3,spa,0.622970843239647
spa,ca3,0.622970843239647
sc3,spa,0.622834922397015
spa,sc3,0.622834922397
ll2,sc1,0.622333747806715
sc1,ll2,0.622333747806702
ve3,pm3,0.621852439300557
pm3,ve3,0.621852439300555
pm5,lm2,0.621788887468264
lm2,pm5,0.621788887468263
li2,ve2,0.621076390254755
ve2,li2,0.621076390254755
ll2,por,0.620842028379449
por,ll2,0.62084202837944
pm4,itg,0.620796339843724
ita,sro,0.620466859272173
sro,ita,0.620466859272166
sc4,spa,0.620426998987752
spa,sc4,0.62042699898774
sc2,ca6,0.620075701918773
ca6,sc2,0.620075701918765
ca2,spa,0.619979118275317
spa,ca2,0.619979118275317
ito,ro1,0.619337986470721
ro1,ito,0.61933798647071
ca1,ito,0.619007960175757
ito,ca1,0.619007960175757
ve2,pm5,0.618873115226623
pm5,ve2,0.618873115226619
ll2,sc3,0.618814765277756
sc3,ll2,0.618814765277753
li2,ve3,0.618184275331974
ve3,li2,0.618184275331974
sc2,itf,0.617538872678076
itf,sc2,0.617538872678075
sc3,itf,0.616949453404773
itf,sc3,0.61694945340477
ita,ro4,0.616858750357055
ro4,ita,0.61685875035704
pm5,ve3,0.616742611759019
ve3,pm5,0.616742611759019
sc3,ca5,0.616331821343735
ca5,sc3,0.616331821343716
sc4,ca5,0.616242248142003
ca5,sc4,0.616242248141987
ve3,pm4,0.616083912026248
itf,ve3,0.615726496424071
ve3,itf,0.615726496424066
dlm,rup,0.61517959937064
rup,dlm,0.615179599370635
ve1,pm3,0.615092756452188
pm3,ve1,0.615092756452186
itg,eg4,0.614066164146799
eg4,itg,0.614066164146796
sc1,src,0.614054834830844
src,sc1,0.614054834830841
eg3,por,0.613598778276227
por,eg3,0.613598778276205
ita,pm1,0.613108591568673
pm1,ita,0.613108591568673
lat,ito,0.612606967734828
ito,lat,0.612606967734819
sc3,ca6,0.61245055526752
ca6,sc3,0.612450555267508
pm5,pm4,0.610895411935502
li1,eg4,0.609988756902039
eg4,li1,0.609988756902033
eg3,itf,0.607838527330106
itf,eg3,0.607838527330106
spa,glg,0.607568944235836
glg,spa,0.607568944235832
sc4,ca6,0.606253760701765
ca6,sc4,0.606253760701751
sc4,src,0.606090647140375
src,sc4,0.606090647140375
eg4,sc2,0.605975850777446
sc2,eg4,0.605975850777437
itf,ve1,0.605398622553711
ve1,itf,0.605398622553711
sc4,eg2,0.605215835841351
eg2,sc4,0.605215835841349
eg3,sc4,0.605074946523962
sc4,eg3,0.605074946523962
eg1,eg4,0.604566572568267
eg4,eg1,0.604566572568265
li1,li3,0.604066934588539
li3,li1,0.604066934588537
ca5,spa,0.603899600832778
spa,ca5,0.603899600832778
sc2,glg,0.603792971088656
glg,sc2,0.603792971088641
sc2,src,0.603307219666132
src,sc2,0.603307219666132
itg,pm5,0.603121958092834
pm5,itg,0.603121958092828
li1,eg3,0.602745301041133
eg3,li1,0.602745301041128
ve1,ca1,0.602642775946832
ca1,ve1,0.602642775946816
ve1,pm5,0.602166967001225
pm5,ve1,0.60216696700122
sc1,ca4,0.601834220763296
ca4,sc1,0.601834220763291
li1,ve2,0.601541964122206
ve2,li1,0.601541964122206
li1,pm5,0.600191386277634
pm5,li1,0.600191386277629
ito,eg3,0.599438616984566
eg3,ito,0.599438616984563
pm2,pm5,0.598847803159111
pm5,pm2,0.598847803159109
ca4,spa,0.598756597617142
spa,ca4,0.598756597617139
pm4,ll1,0.598716458044102
ita,eg4,0.598124677190229
eg4,ita,0.598124677190227
src,sc3,0.597820267586884
sc3,src,0.597820267586881
ito,li2,0.597811211051998
li2,ito,0.597811211051998
eg3,sc2,0.597209617223871
sc2,eg3,0.597209617223869
eg1,eg2,0.597164530179413
eg2,eg1,0.597164530179413
li1,ve3,0.596766842305734
ve3,li1,0.596766842305731
pm3,pm5,0.596076942887906
pm5,pm3,0.596076942887906
ve3,eg4,0.595021577296652
eg4,ve3,0.595021577296649
ita,ca1,0.593745520472773
ca1,ita,0.593745520472764
sc1,ca2,0.593601959869182
ca2,sc1,0.593601959869176
ve2,eg1,0.593435422869292
eg1,ve2,0.59343542286929
pm4,ita,0.593151772174183
eg1,ito,0.592588407772188
ito,eg1,0.592588407772188
ita,li2,0.59203517293045
li2,ita,0.592035172930447
li3,ve1,0.591723166719353
ve1,li3,0.59172316671935
itf,ve2,0.5913901683561
ve2,itf,0.591390168356098
eg1,sc4,0.59112227683493
sc4,eg1,0.591122276834903
pm1,pm4,0.590576312286052
nea,por,0.590568755257305
por,nea,0.5905687552573
eg3,sc1,0.590456037090164
sc1,eg3,0.590456037090157
eg2,eg4,0.589904203844168
eg4,eg2,0.589904203844168
eg2,ve3,0.589711241889173
ve3,eg2,0.589711241889173
eg2,sc2,0.589605731431267
sc2,eg2,0.589605731431264
ve2,eg4,0.589119886852234
eg4,ve2,0.589119886852231
ita,ro1,0.58833223009227
ro1,ita,0.588332230092248
nea,lat,0.587578700879975
lat,nea,0.587578700879962
ca5,sc1,0.586975671803446
sc1,ca5,0.586975671803446
itg,li2,0.586755750105391
li2,itg,0.586755750105388
eg1,eg3,0.586260986790583
eg3,eg1,0.586260986790579
lat,ita,0.586127939958537
ita,lat,0.586127939958527
sc1,ast,0.585749576461628
ast,sc1,0.58574957646162
eg4,sc4,0.585456040152206
sc4,eg4,0.585456040152202
ito,li1,0.584481691485774
li1,ito,0.584481691485772
ve2,eg2,0.584106528308348
eg2,ve2,0.584106528308346
dlm,ita,0.582072363200479
ita,dlm,0.582072363200479
dlm,ron,0.58206689813786
ron,dlm,0.58206689813786
ita,pm5,0.581401549951966
pm5,ita,0.581401549951947
eg3,sc3,0.580934475879901
sc3,eg3,0.580934475879901
eg1,ita,0.579936116976653
ita,eg1,0.57993611697665
ito,eg2,0.579079256181206
eg2,ito,0.579079256181201
eg4,sc3,0.578786243366549
sc3,eg4,0.578786243366543
ca6,spa,0.578576615902379
spa,ca6,0.578576615902376
ve1,eg4,0.576745539367873
eg4,ve1,0.576745539367871
pm4,ve2,0.576657355485293
eg2,sc1,0.576589203085669
sc1,eg2,0.576589203085665
sc1,glg,0.576511344791658
glg,sc1,0.576511344791649
itg,eg2,0.575101333148642
eg2,itg,0.575101333148639
pm3,ita,0.574162333800851
ita,pm3,0.574162333800848
ruo,ron,0.574129324815462
ron,ruo,0.57412932481546
sc4,glg,0.573916721332765
glg,sc4,0.573916721332742
ca6,sc1,0.57387112469737
sc1,ca6,0.573871124697364
eg1,ve3,0.5729489357506
ve3,eg1,0.572948935750597
itg,por,0.572259828455339
por,itg,0.572259828455334
eg2,eg3,0.572089979343718
eg3,eg2,0.572089979343716
eg4,sc1,0.572022313364413
sc1,eg4,0.572022313364397
eg1,itg,0.571141570324228
itg,eg1,0.571141570324228
pm2,ita,0.570875022173487
ita,pm2,0.570875022173483
li2,li3,0.570313012000148
li3,li2,0.570313012000148
pm1,pm2,0.570276748474489
pm2,pm1,0.570276748474489
sc1,spa,0.56984717648929
spa,sc1,0.569847176489285
ast,glg,0.569826885943868
glg,ast,0.569826885943868
ve2,por,0.569550538530444
por,ve2,0.569550538530423
nea,pm1,0.56932440707661
pm1,nea,0.5693244070766
ita,pm4,0.56889867523983
eg1,sc2,0.568282952667172
sc2,eg1,0.568282952667149
itg,ve3,0.568191609675596
ve3,itg,0.568191609675593
ca4,por,0.567514963141627
por,ca4,0.567514963141622
lm2,nea,0.567244901299644
nea,lm2,0.567244901299632
li1,ve1,0.566655863162499
ve1,li1,0.566655863162496
sc3,glg,0.566600126343377
glg,sc3,0.566600126343355
ca5,por,0.566318014912806
por,ca5,0.566318014912806
eg2,sc3,0.566160236320431
sc3,eg2,0.566160236320431
itg,ve1,0.566101588700319
ve1,itg,0.566101588700319
ito,ve1,0.565809404734118
ve1,ito,0.565809404734116
pm1,pm3,0.564503398539029
pm3,pm1,0.564503398539029
eg1,ve1,0.564058824685574
ve1,eg1,0.564058824685574
ito,ve2,0.564037827515711
ve2,ito,0.564037827515705
ve2,eg3,0.563918553872104
eg3,ve2,0.563918553872102
ve3,eg3,0.562295017304691
eg3,ve3,0.562295017304686
por,ca2,0.561647935987132
ca2,por,0.561647935987119
itg,li1,0.558950876258813
li1,itg,0.558950876258813
eg1,sc1,0.557957033618522
sc1,eg1,0.557957033618487
ito,itf,0.557112108105261
itf,ito,0.557112108105256
sro,src,0.556091023898199
src,sro,0.556091023898195
ve1,eg2,0.556038608517459
eg2,ve1,0.556038608517452
ve1,por,0.5544140781699
por,ve1,0.554414078169895
itg,eg3,0.5543696269499
eg3,itg,0.554369626949894
ve3,por,0.554233839728752
por,ve3,0.554233839728726
por,ito,0.553198906689646
ito,por,0.553198906689635
li1,li2,0.551382998971583
li2,li1,0.551382998971583
eg1,sc3,0.549783059449303
sc3,eg1,0.549783059449274
pm4,lm2,0.546565657387882
ita,eg3,0.545843710285393
eg3,ita,0.54584371028539
ita,ve1,0.545789499816255
ve1,ita,0.545789499816255
ito,ve3,0.543983517777743
ve3,ito,0.543983517777736
ita,eg2,0.541892210372947
eg2,ita,0.541892210372943
itg,ve2,0.541762807592043
ve2,itg,0.541762807592037
por,ca6,0.540272220879299
ca6,por,0.540272220879292
itg,ito,0.539217416662916
ito,itg,0.539217416662916
ca1,sc2,0.538053417747762
sc2,ca1,0.538053417747749
ve2,sc2,0.535633149930307
sc2,ve2,0.535633149930294
ve1,eg3,0.535292014055871
eg3,ve1,0.535292014055866
ita,ve2,0.533935281324416
ve2,ita,0.53393528132441
li2,ve1,0.531148236815431
ve1,li2,0.531148236815431
ita,li1,0.530228998206495
li1,ita,0.530228998206491
ca1,sc3,0.526135610955916
sc3,ca1,0.526135610955903
ita,itf,0.524870747945015
itf,ita,0.524870747945011
pm4,li2,0.523064840540909
ca1,sc1,0.521283632350624
sc1,ca1,0.521283632350587
pm2,pm4,0.519360022620307
pm3,pm4,0.518785135251747
ast,spa,0.51624425187689
spa,ast,0.51624425187689
ita,ve3,0.51590793695273
ve3,ita,0.515907936952728
nea,pr1,0.514066633942856
pr1,nea,0.514066633942826
pm2,nea,0.51393792123901
nea,pm2,0.513937921239004
ve3,sc2,0.513571155081451
sc2,ve3,0.513571155081442
ve2,sc1,0.513466186566634
sc1,ve2,0.513466186566607
itg,itf,0.513134984287248
itf,itg,0.513134984287244
sc4,sc2,0.513097878819789
sc2,sc4,0.513097878819783
eg4,eg3,0.512357032712365
eg3,eg4,0.512357032712362
ll2,ll1,0.511384469520837
ll1,ll2,0.511384469520833
ro3,ro4,0.510800616925614
ro4,ro3,0.51080061692561
ve1,ve3,0.509981989630545
ve3,ve1,0.509981989630545
nea,li3,0.509945001511843
li3,nea,0.509945001511823
ve2,sc4,0.506030261626991
sc4,ve2,0.506030261626981
fur,nea,0.505886927201494
nea,fur,0.505886927201494
pm3,pm2,0.505693465875394
pm2,pm3,0.505693465875391
nea,ca5,0.505675233153346
ca5,nea,0.50567523315333
ve1,ve2,0.505111422660191
ve2,ve1,0.505111422660185
ve2,sc3,0.504605856594305
sc3,ve2,0.504605856594296
sc2,ve1,0.50366523125834
ve1,sc2,0.503665231258331
ve3,sc4,0.502692512736163
sc4,ve3,0.502692512736157
nea,ca4,0.501583571838933
ca4,nea,0.501583571838917
por,spa,0.49506404046719
spa,por,0.495064040467179
pm4,li1,0.492846226793969
ita,por,0.491829318946433
por,ita,0.491829318946433
sc4,ve1,0.490718189541233
ve1,sc4,0.490718189541219
ro4,ro2,0.490321552659984
ro2,ro4,0.490321552659981
nea,pm4,0.489042591510098
nea,pm3,0.488724122559744
pm3,nea,0.488724122559731
sc4,sc3,0.485487152733795
sc3,sc4,0.485487152733793
nea,spa,0.484922598596258
spa,nea,0.484922598596233
ro1,ro3,0.484257571683775
ro3,ro1,0.484257571683771
ll2,nea,0.483948623003869
nea,ll2,0.483948623003861
ve3,sc3,0.483185286104138
sc3,ve3,0.483185286104133
sc1,sc2,0.482528603036856
sc2,sc1,0.482528603036853
ron,rup,0.482405104100644
rup,ron,0.482405104100636
nea,ast,0.480834198686177
ast,nea,0.480834198686151
ruq,rup,0.480350155698247
rup,ruq,0.480350155698233
sc1,ve1,0.480343603806625
ve1,sc1,0.48034360380662
pm4,pm5,0.479106758220364
ro2,ro3,0.47877232304444
ro3,ro2,0.478772323044436
ita,ito,0.478146501260185
ito,ita,0.478146501260185
ca1,sc4,0.477437352921345
sc4,ca1,0.477437352921345
sc4,ito,0.476294338113842
ito,sc4,0.476294338113837
ve3,sc1,0.473848602795908
sc1,ve3,0.473848602795886
sc4,itg,0.472865517549637
itg,sc4,0.472865517549633
nea,glg,0.47241808429924
glg,nea,0.472418084299208
ro4,ro1,0.469754331304527
ro1,ro4,0.469754331304524
ve2,ve3,0.46969045560864
ve3,ve2,0.46969045560864
sro,nea,0.468963006315373
nea,sro,0.468963006315364
dlm,nea,0.468163773902735
nea,dlm,0.468163773902735
ca1,ca3,0.466473839693603
ca3,ca1,0.466473839693599
ita,itg,0.46610915127801
itg,ita,0.46610915127801
sc3,sc2,0.463396049977269
sc2,sc3,0.463396049977266
sc3,ve1,0.462611676339561
ve1,sc3,0.462611676339551
sc1,sc4,0.462021117935294
sc4,sc1,0.462021117935294
ca1,ca5,0.460766144608228
ca5,ca1,0.460766144608224
ron,ruq,0.460084155164872
ruq,ron,0.460084155164872
ca3,ca6,0.454431736817978
ca6,ca3,0.454431736817978
sc1,sc3,0.452592606827957
sc3,sc1,0.452592606827955
nea,pm5,0.451905009295832
pm5,nea,0.451905009295783
li1,nea,0.451853566615147
nea,li1,0.45185356661514
nea,eg4,0.450482065579468
eg4,nea,0.450482065579454
ita,sc4,0.449300903224882
sc4,ita,0.449300903224877
ca1,ca4,0.448786752432468
ca4,ca1,0.448786752432468
ca3,ca4,0.448515719981093
ca4,ca3,0.448515719981089
ca3,ca5,0.448198918269856
ca5,ca3,0.448198918269852
ca1,ca6,0.446539266876391
ca6,ca1,0.446539266876391
nea,ca6,0.446163208881171
ca6,nea,0.446163208881153
pm4,li3,0.445145601403242
pm4,lm1,0.442238261330131
nea,li2,0.439409078163684
li2,nea,0.43940907816366
lat,qbb,0.437676643528342
qbb,lat,0.437676643528342
sc1,itg,0.437334482784986
itg,sc1,0.437334482784975
ro1,ro2,0.436386233710243
ro2,ro1,0.436386233710243
sc1,ito,0.434795963302482
ito,sc1,0.434795963302477
sc2,itg,0.430559538065021
itg,sc2,0.430559538065016
ito,sc3,0.425688693194626
sc3,ito,0.425688693194626
ito,sc2,0.425621652229286
sc2,ito,0.425621652229286
sc3,itg,0.420343926883929
itg,sc3,0.42034392688392
ita,sc2,0.414894786503168
sc2,ita,0.414894786503163
por,ast,0.414519816017962
ast,por,0.414519816017935
nea,ca2,0.410301283163766
ca2,nea,0.410301283163729
eg3,nea,0.4048281973483
nea,eg3,0.404828197348285
nea,eg2,0.403201960538499
eg2,nea,0.403201960538492
ca2,ca5,0.401909588586594
ca5,ca2,0.40190958858659
ca2,ca6,0.397846916826183
ca6,ca2,0.397846916826183
ca4,ca5,0.397486950718244
ca5,ca4,0.397486950718244
ca4,ca6,0.394870641314257
ca6,ca4,0.394870641314253
nea,src,0.390605100595697
src,nea,0.390605100595697
ca2,ca4,0.389172402263502
ca4,ca2,0.389172402263502
pm4,pm1,0.384851563280532
ita,sc3,0.384580305924276
sc3,ita,0.38458030592427
eg1,nea,0.379834852583848
nea,eg1,0.379834852583829
ca2,ca3,0.373444768647025
ca3,ca2,0.373444768647025
ita,sc1,0.37308462048545
sc1,ita,0.37308462048545
nea,ve1,0.372644223886912
ve1,nea,0.372644223886893
ca5,ca6,0.369919364581685
ca6,ca5,0.369919364581681
por,glg,0.349130981814139
glg,por,0.349130981814126
ca1,ca2,0.343087470967695
ca2,ca1,0.343087470967695
nea,ve2,0.341275113787039
ve2,nea,0.341275113787039
nea,ve3,0.326903731254909
ve3,nea,0.326903731254909
nea,itf,0.314573272531507
itf,nea,0.314573272531499
pm4,pm2,0.278619427656069
itg,nea,0.253399630992197
nea,itg,0.253399630992186
pm4,pm3,0.238298991254007
nea,ito,0.232478591771759
ito,nea,0.232478591771748
nea,ita,0.216738568126149
ita,nea,0.216738568126126
sc4,nea,0.132154939754
nea,sc4,0.132154939753973
pm4,ve1,0.0950456367698032
sc3,nea,0.0800868446136298
nea,sc3,0.0800868446136032
nea,sc2,0.0772082340609487
sc2,nea,0.0772082340609487
nea,sc1,0
sc1,nea,0
